{
    "parent": "item/generated",
    "display": {
        "thirdperson_righthand": {
            "rotation": [ 0, 0, 0 ],
            "translation": [ 0, 2.7, 0.5 ],
            "scale": [ 0.5, 0.5, 0.5 ]
        },
        "thirdperson_lefthand": {
            "rotation": [ 0, 0, 0 ],
            "translation": [ 0, 2.7, 0.5 ],
            "scale": [ 0.5, 0.5, 0.5 ]
        },
        "firstperson_righthand": {
            "rotation": [ 5, -85, 25 ],
            "translation": [ 1.13, 3.0, 1.13 ],
            "scale": [ 0.65, 0.65, 0.65 ]
        }
    },
"textures":{
"layer0":"item/amethyst_shard/3"
}
}
