{
    "sources": [
        {
            "type": "single",
            "resource": "minecraft:font/required/logo"
        },
        {
            "type": "single",
            "resource": "minecraft:font/required/logo_backdrop"
        },
        {
            "type": "single",
            "resource": "minecraft:gui/board_text3"
        },
        {
            "type": "single",
            "resource": "minecraft:gui/board_text0"
        },
        {
            "type": "single",
            "resource": "minecraft:gui/board_text2"
        },
        {
            "type": "single",
            "resource": "minecraft:gui/board_text4"
        },
        {
            "type": "single",
            "resource": "minecraft:gui/board_text1"
        },
        {
            "type": "single",
            "resource": "minecraft:gui/board_text5"
        },
        {
            "type": "single",
            "resource": "minecraft:entity/goo_puddle_green"
        },
        {
            "type": "single",
            "resource": "minecraft:entity/loot_chest"
        },
        {
            "type": "single",
            "resource": "minecraft:entity/loot_chest_gold"
        },
        {
            "type": "single",
            "resource": "minecraft:entity/loot_chest_iron"
        },
        {
            "type": "single",
            "resource": "minecraft:entity/goo_puddle"
        },
        {
            "type": "single",
            "resource": "minecraft:custom_mobs/brute_body"
        },
        {
            "type": "single",
            "resource": "minecraft:custom_mobs/brute_body_dmg"
        },
        {
            "type": "single",
            "resource": "minecraft:custom_mobs/brute_head"
        },
        {
            "type": "single",
            "resource": "minecraft:custom_mobs/brute_head_dmg"
        },
        {
            "type": "single",
            "resource": "minecraft:custom_mobs/brute_arm"
        },
        {
            "type": "single",
            "resource": "minecraft:custom_mobs/brute_arm_dmg"
        },
        {
            "type": "single",
            "resource": "minecraft:custom_mobs/brute_leg"
        },
        {
            "type": "single",
            "resource": "minecraft:custom_mobs/brute_leg_dmg"
        },
        {
            "type": "single",
            "resource": "minecraft:custom_mobs/purple_gremling_body"
        },
        {
            "type": "single",
            "resource": "minecraft:custom_mobs/purple_gremling_body_dmg"
        },
        {
            "type": "single",
            "resource": "minecraft:custom_mobs/stone_gremling_body"
        },
        {
            "type": "single",
            "resource": "minecraft:custom_mobs/stone_gremling_body_dmg"
        },
        {
            "type": "single",
            "resource": "minecraft:entity/settings/0"
        },
        {
            "type": "single",
            "resource": "minecraft:entity/settings/1"
        },
        {
            "type": "single",
            "resource": "minecraft:entity/settings/2"
        },
        {
            "type": "single",
            "resource": "minecraft:entity/settings/3"
        },
        {
            "type": "single",
            "resource": "minecraft:entity/settings/4"
        },
        {
            "type": "single",
            "resource": "minecraft:entity/settings/5"
        },
        {
            "type": "single",
            "resource": "minecraft:entity/settings/6"
        },
        {
            "type": "single",
            "resource": "minecraft:entity/settings/7"
        },
        {
            "type": "single",
            "resource": "minecraft:custom_mobs/worm_body"
        },
        {
            "type": "single",
            "resource": "minecraft:custom_mobs/worm_body_dmg"
        },
        {
            "type": "single",
            "resource": "minecraft:custom_mobs/worm_head"
        },
        {
            "type": "single",
            "resource": "minecraft:custom_mobs/worm_head_dmg"
        },
        {
            "type": "single",
            "resource": "minecraft:custom_mobs/worm_body2"
        },
        {
            "type": "single",
            "resource": "minecraft:custom_mobs/worm_body2_dmg"
        },
        {
            "type": "single",
            "resource": "minecraft:custom_mobs/worm_tail"
        },
        {
            "type": "single",
            "resource": "minecraft:custom_mobs/worm_tail_dmg"
        },
        {
            "type": "single",
            "resource": "minecraft:custom_mobs/zombie_body"
        },
        {
            "type": "single",
            "resource": "minecraft:custom_mobs/zombie_body_dmg"
        },
        {
            "type": "single",
            "resource": "minecraft:custom_mobs/zombie_head"
        },
        {
            "type": "single",
            "resource": "minecraft:custom_mobs/zombie_head_dmg"
        },
        {
            "type": "single",
            "resource": "minecraft:custom_mobs/zombie_left_arm"
        },
        {
            "type": "single",
            "resource": "minecraft:custom_mobs/zombie_left_arm_dmg"
        },
        {
            "type": "single",
            "resource": "minecraft:custom_mobs/zombie_left_leg"
        },
        {
            "type": "single",
            "resource": "minecraft:custom_mobs/zombie_left_leg_dmg"
        },
        {
            "type": "single",
            "resource": "minecraft:custom_mobs/zombie_right_arm"
        },
        {
            "type": "single",
            "resource": "minecraft:custom_mobs/zombie_right_arm_dmg"
        },
        {
            "type": "single",
            "resource": "minecraft:custom_mobs/zombie_right_leg"
        },
        {
            "type": "single",
            "resource": "minecraft:custom_mobs/zombie_right_leg_dmg"
        },
        {
            "type": "single",
            "resource": "minecraft:models/armor/chainmail_layer_1"
        },
        {
            "type": "single",
            "resource": "minecraft:models/armor/chainmail_layer_2"
        },
        {
            "type": "single",
            "resource": "minecraft:entity/chain_ball"
        },
        {
            "type": "single",
            "resource": "minecraft:entity/chain_handle"
        },
        {
            "type": "single",
            "resource": "minecraft:entity/chain_part"
        },
        {
            "type": "single",
            "resource": "minecraft:models/armor/diamond_layer_1"
        },
        {
            "type": "single",
            "resource": "minecraft:models/armor/diamond_layer_2"
        },
        {
            "type": "single",
            "resource": "minecraft:entity/grenade"
        },
        {
            "type": "single",
            "resource": "minecraft:models/armor/iron_layer_1"
        },
        {
            "type": "single",
            "resource": "minecraft:models/armor/iron_layer_2"
        },
        {
            "type": "single",
            "resource": "minecraft:speech_bubble/gremlin"
        },
        {
            "type": "single",
            "resource": "minecraft:speech_bubble/loot_chest"
        },
        {
            "type": "single",
            "resource": "minecraft:speech_bubble/mob_spawner"
        },
        {
            "type": "single",
            "resource": "minecraft:speech_bubble/template"
        },
        {
            "type": "single",
            "resource": "minecraft:speech_bubble/upgrade_station"
        }
    ]
}