{
	"model": {
		"type": "range_dispatch",
		"entries": [
			{
				"model": {
					"type": "model",
					"model": "ut:item/tobyfox/annoying_dog"
				},
				"threshold": 1.0
			},
			{
				"model": {
					"type": "model",
					"model": "ut:item/tobyfox/annoying_dog_bomb"
				},
				"threshold": 2.0
			},
			{
				"model": {
					"type": "model",
					"model": "ut:item/tobyfox/annoying_dog_bomb_tick"
				},
				"threshold": 3.0
			},
			{
				"model": {
					"type": "model",
					"model": "ut:item/tobyfox/annoying_dog_bomb_fasttick"
				},
				"threshold": 4.0
			}
		],
		"property": "custom_model_data",
		"fallback": {
			"type": "model",
			"model": "ut:item/tobyfox/main"
		}
	}
}
