{
	"credit": "Made with Blockbench",
	"textures": {
		"0": "move/dummy_iron",
		"particle": "move/dummy_iron"
	},
	"elements": [
		{
			"from": [6.5, 6, 5.25],
			"to": [9.5, 10, 10.25],
			"rotation": { "angle": 0, "axis": "y", "origin": [16, 8, 11] },
			"faces": {
				"north": {
					"uv": [1, 4, 4, 8],
					"rotation": 180,
					"texture": "#0"
				},
				"east": {
					"uv": [9, 6, 13, 11],
					"rotation": 270,
					"texture": "#0"
				},
				"south": { "uv": [1, 0, 4, 4], "texture": "#0" },
				"west": {
					"uv": [9, 6, 13, 11],
					"rotation": 90,
					"texture": "#0"
				},
				"up": { "uv": [5, 9, 8, 14], "rotation": 180, "texture": "#0" },
				"down": { "uv": [5, 9, 8, 14], "texture": "#0" }
			}
		},
		{
			"from": [6, 7, 6.25],
			"to": [10, 9, 9.25],
			"rotation": { "angle": 0, "axis": "y", "origin": [16, 8, 11] },
			"faces": {
				"north": {
					"uv": [0, 14, 4, 16],
					"rotation": 180,
					"texture": "#0"
				},
				"east": {
					"uv": [10, 7, 12, 10],
					"rotation": 270,
					"texture": "#0"
				},
				"south": { "uv": [1, 1, 5, 3], "texture": "#0" },
				"west": {
					"uv": [11, 7, 13, 10],
					"rotation": 90,
					"texture": "#0"
				},
				"up": {
					"uv": [0, 11, 4, 14],
					"rotation": 180,
					"texture": "#0"
				},
				"down": { "uv": [1, 4, 5, 7], "texture": "#0" }
			}
		},
		{
			"from": [7, 6.25, 3.25],
			"to": [9, 9.25, 5.25],
			"rotation": { "angle": 0, "axis": "y", "origin": [16, 8, 11] },
			"faces": {
				"north": {
					"uv": [3, 4, 6, 6],
					"rotation": 270,
					"texture": "#0"
				},
				"east": {
					"uv": [1, 2, 4, 4],
					"rotation": 270,
					"texture": "#0"
				},
				"south": { "uv": [0, 0, 2, 3], "texture": "#0" },
				"west": { "uv": [1, 2, 4, 4], "rotation": 90, "texture": "#0" },
				"up": { "uv": [1, 2, 3, 4], "rotation": 180, "texture": "#0" },
				"down": { "uv": [1, 2, 3, 4], "texture": "#0" }
			}
		},
		{
			"from": [7, 5, 6.25],
			"to": [9, 6, 9.25],
			"rotation": { "angle": 0, "axis": "y", "origin": [16, 2.25, 11] },
			"faces": {
				"north": {
					"uv": [1, 4, 3, 5],
					"rotation": 180,
					"texture": "#0"
				},
				"east": {
					"uv": [1, 2, 2, 5],
					"rotation": 270,
					"texture": "#0"
				},
				"south": { "uv": [1, 4, 3, 5], "texture": "#0" },
				"west": { "uv": [1, 2, 2, 5], "rotation": 90, "texture": "#0" },
				"up": { "uv": [0, 1, 4, 5], "rotation": 180, "texture": "#0" },
				"down": { "uv": [0, 0, 2, 3], "texture": "#0" }
			}
		},
		{
			"from": [6.5, 3, 5.75],
			"to": [9.5, 5, 9.75],
			"rotation": { "angle": 0, "axis": "y", "origin": [16, 2.25, 11] },
			"faces": {
				"north": {
					"uv": [1, 1, 4, 3],
					"rotation": 180,
					"texture": "#0"
				},
				"east": {
					"uv": [1, 1, 3, 5],
					"rotation": 270,
					"texture": "#0"
				},
				"south": { "uv": [1, 1, 4, 3], "texture": "#0" },
				"west": { "uv": [1, 1, 3, 5], "rotation": 90, "texture": "#0" },
				"up": { "uv": [1, 1, 4, 5], "rotation": 180, "texture": "#0" },
				"down": { "uv": [0, 0, 3, 4], "texture": "#0" }
			}
		},
		{
			"from": [6, 1, 5.25],
			"to": [10, 3, 10.25],
			"rotation": { "angle": 0, "axis": "y", "origin": [16, 2.25, 11] },
			"faces": {
				"north": {
					"uv": [1, 1, 5, 3],
					"rotation": 180,
					"texture": "#0"
				},
				"east": { "uv": [1, 2, 3, 7], "rotation": 90, "texture": "#0" },
				"south": { "uv": [1, 1, 5, 3], "texture": "#0" },
				"west": {
					"uv": [1, 2, 3, 7],
					"rotation": 270,
					"texture": "#0"
				},
				"up": { "uv": [1, 2, 5, 7], "texture": "#0" },
				"down": { "uv": [0, 0, 4, 5], "texture": "#0" }
			}
		},
		{
			"from": [5.5, 0, 4.75],
			"to": [10.5, 1, 10.75],
			"rotation": { "angle": 0, "axis": "y", "origin": [16, 2, 11] },
			"faces": {
				"north": {
					"uv": [11, 5, 16, 6],
					"rotation": 180,
					"texture": "#0"
				},
				"east": {
					"uv": [11, 0, 12, 6],
					"rotation": 270,
					"texture": "#0"
				},
				"south": { "uv": [11, 0, 16, 1], "texture": "#0" },
				"west": {
					"uv": [15, 0, 16, 6],
					"rotation": 90,
					"texture": "#0"
				},
				"up": { "uv": [11, 0, 16, 6], "texture": "#0" },
				"down": { "uv": [11, 0, 16, 6], "texture": "#0" }
			}
		}
	],
	"display": {
		"thirdperson_righthand": {
			"rotation": [0, -180, 0],
			"translation": [0, 4.5, 0],
			"scale": [0.6, 0.6, 0.6]
		},
		"thirdperson_lefthand": {
			"rotation": [0, -180, 0],
			"translation": [0, 4.5, 0],
			"scale": [0.6, 0.6, 0.6]
		},
		"firstperson_righthand": {
			"rotation": [0, 23, 0],
			"translation": [0, 5, 2.5],
			"scale": [0.6, 0.6, 0.6]
		},
		"firstperson_lefthand": {
			"rotation": [0, 23, 0],
			"translation": [0, 5, 2.5],
			"scale": [0.6, 0.6, 0.6]
		},
		"ground": {
			"rotation": [90, 90, 0],
			"translation": [0, -1.75, 4]
		},
		"gui": {
			"rotation": [58, 45, -40],
			"translation": [2.25, 2.25, 0],
			"scale": [1.1, 1.1, 1.1]
		},
		"head": {
			"translation": [0, -28.75, 0],
			"scale": [2, 2, 2]
		},
		"fixed": {
			"rotation": [-90, 0, 0],
			"translation": [0, 0, -11],
			"scale": [1.5, 1.5, 1.5]
		}
	}
}
