{
	"credit": "Made with Blockbench",
	"ambientocclusion": false,
	"textures": {
		"0": "move/crown"
	},
	"elements": [
		{
			"from": [6.5, 3, 3],
			"to": [9.5, 5, 5],
			"faces": {
				"north": { "uv": [0, 0, 3, 2], "texture": "#0" },
				"east": { "uv": [0, 0, 2, 2], "texture": "#0" },
				"south": { "uv": [0, 0, 3, 2], "texture": "#0" },
				"west": { "uv": [0, 0, 2, 2], "texture": "#0" },
				"up": { "uv": [0, 0, 3, 2], "texture": "#0" },
				"down": { "uv": [0, 0, 3, 2], "texture": "#0" }
			}
		},
		{
			"from": [4, 0.01, 4],
			"to": [6, 4.01, 6],
			"faces": {
				"north": { "uv": [0, 0, 2, 4], "texture": "#0" },
				"east": { "uv": [0, 0, 2, 4], "texture": "#0" },
				"south": { "uv": [0, 0, 2, 4], "texture": "#0" },
				"west": { "uv": [0, 0, 2, 4], "texture": "#0" },
				"up": { "uv": [0, 0, 2, 2], "texture": "#0" },
				"down": { "uv": [0, 14, 2, 16], "texture": "#0" }
			}
		},
		{
			"from": [4, 4.01, 4],
			"to": [5, 5.01, 6],
			"faces": {
				"north": { "uv": [0, 0, 1, 1], "texture": "#0" },
				"east": { "uv": [0, 0, 2, 1], "texture": "#0" },
				"south": { "uv": [0, 0, 1, 1], "texture": "#0" },
				"west": { "uv": [0, 0, 2, 1], "texture": "#0" },
				"up": { "uv": [0, 0, 1, 2], "texture": "#0" },
				"down": { "uv": [0, 0, 1, 2], "texture": "#0" }
			}
		},
		{
			"from": [11, 4.01, 4],
			"to": [12, 5.01, 6],
			"faces": {
				"north": { "uv": [0, 0, 1, 1], "texture": "#0" },
				"east": { "uv": [0, 0, 2, 1], "texture": "#0" },
				"south": { "uv": [0, 0, 1, 1], "texture": "#0" },
				"west": { "uv": [0, 0, 2, 1], "texture": "#0" },
				"up": { "uv": [0, 0, 1, 2], "texture": "#0" },
				"down": { "uv": [0, 0, 1, 2], "texture": "#0" }
			}
		},
		{
			"from": [7, 5, 3],
			"to": [9, 7, 5],
			"faces": {
				"north": { "uv": [0, 0, 2, 2], "texture": "#0" },
				"east": { "uv": [0, 0, 2, 2], "texture": "#0" },
				"south": { "uv": [0, 0, 2, 2], "texture": "#0" },
				"west": { "uv": [0, 0, 2, 2], "texture": "#0" },
				"up": { "uv": [0, 0, 2, 2], "texture": "#0" },
				"down": { "uv": [0, 0, 2, 2], "texture": "#0" }
			}
		},
		{
			"from": [10, 0.01, 4],
			"to": [12, 4.01, 6],
			"faces": {
				"north": { "uv": [0, 0, 2, 4], "texture": "#0" },
				"east": { "uv": [0, 0, 2, 4], "texture": "#0" },
				"south": { "uv": [0, 0, 2, 4], "texture": "#0" },
				"west": { "uv": [0, 0, 2, 4], "texture": "#0" },
				"up": { "uv": [0, 0, 2, 2], "texture": "#0" },
				"down": { "uv": [0, 14, 2, 16], "texture": "#0" }
			}
		},
		{
			"from": [10, 0.01, 10],
			"to": [12, 2.01, 12],
			"faces": {
				"north": { "uv": [0, 0, 2, 2], "texture": "#0" },
				"east": { "uv": [0, 0, 2, 2], "texture": "#0" },
				"south": { "uv": [0, 0, 2, 2], "texture": "#0" },
				"west": { "uv": [0, 0, 2, 2], "texture": "#0" },
				"up": { "uv": [0, 0, 2, 2], "texture": "#0" },
				"down": { "uv": [0, 14, 2, 16], "texture": "#0" }
			}
		},
		{
			"from": [4, 0.01, 10],
			"to": [6, 2.01, 12],
			"faces": {
				"north": { "uv": [0, 0, 2, 2], "texture": "#0" },
				"east": { "uv": [0, 0, 2, 2], "texture": "#0" },
				"south": { "uv": [0, 0, 2, 2], "texture": "#0" },
				"west": { "uv": [0, 0, 2, 2], "texture": "#0" },
				"up": { "uv": [0, 0, 2, 2], "texture": "#0" },
				"down": { "uv": [0, 14, 2, 16], "texture": "#0" }
			}
		},
		{
			"from": [3, 0, 5],
			"to": [5, 2, 11],
			"faces": {
				"north": { "uv": [0, 0, 2, 2], "texture": "#0" },
				"east": { "uv": [0, 0, 6, 2], "texture": "#0" },
				"south": { "uv": [0, 0, 2, 2], "texture": "#0" },
				"west": { "uv": [0, 12, 6, 14], "texture": "#0" },
				"up": { "uv": [0, 0, 2, 6], "texture": "#0" },
				"down": {
					"uv": [6, 14, 12, 16],
					"rotation": 90,
					"texture": "#0"
				}
			}
		},
		{
			"from": [11, 0, 5],
			"to": [13, 2, 11],
			"faces": {
				"north": { "uv": [0, 0, 2, 2], "texture": "#0" },
				"east": { "uv": [0, 0, 6, 2], "texture": "#0" },
				"south": { "uv": [0, 0, 2, 2], "texture": "#0" },
				"west": { "uv": [0, 12, 6, 14], "texture": "#0" },
				"up": { "uv": [0, 0, 2, 6], "texture": "#0" },
				"down": {
					"uv": [5, 14, 11, 16],
					"rotation": 90,
					"texture": "#0"
				}
			}
		},
		{
			"from": [5, 0, 11],
			"to": [11, 2, 13],
			"faces": {
				"north": { "uv": [0, 0, 6, 2], "texture": "#0" },
				"east": { "uv": [0, 0, 2, 2], "texture": "#0" },
				"south": { "uv": [0, 0, 6, 2], "texture": "#0" },
				"west": { "uv": [0, 12, 2, 14], "texture": "#0" },
				"up": { "uv": [0, 0, 6, 2], "texture": "#0" },
				"down": { "uv": [10, 13, 16, 15], "texture": "#0" }
			}
		},
		{
			"from": [5, 0, 3],
			"to": [11, 3, 5],
			"faces": {
				"north": { "uv": [10, 5, 16, 8], "texture": "#0" },
				"east": { "uv": [0, 0, 2, 3], "texture": "#0" },
				"south": { "uv": [0, 0, 6, 3], "texture": "#0" },
				"west": { "uv": [0, 12, 2, 15], "texture": "#0" },
				"up": { "uv": [0, 0, 6, 2], "texture": "#0" },
				"down": { "uv": [8, 14, 14, 16], "texture": "#0" }
			}
		}
	],
	"display": {
		"thirdperson_righthand": {
			"rotation": [45, 45, 0],
			"translation": [0, 3, 0],
			"scale": [0.5, 0.5, 0.5]
		},
		"thirdperson_lefthand": {
			"rotation": [45, 45, 0],
			"translation": [0, 3, 0],
			"scale": [0.5, 0.5, 0.5]
		},
		"firstperson_righthand": {
			"translation": [0, 6, 1.25],
			"scale": [0.6, 0.6, 0.6]
		},
		"firstperson_lefthand": {
			"translation": [0, 6, 1.25],
			"scale": [0.6, 0.6, 0.6]
		},
		"ground": {
			"translation": [0, 3, 0],
			"scale": [0.5, 0.5, 0.5]
		},
		"gui": {
			"rotation": [30, -135, 0],
			"translation": [0, 5, 0]
		},
		"head": {
			"translation": [0, 8.8, 0],
			"scale": [1.9, 1.9, 1.9]
		},
		"fixed": {
			"translation": [0, 4, 0]
		}
	}
}
