{
	"credit": "Made with Blockbench",
	"textures": {
		"0": "cnp:item/xj/3",
		"particle": "cnp:item/xj/3"
	},
	"elements": [
		{
			"from": [0.52071, 10.25924, 8.64753],
			"to": [4.52071, 11.05924, 9.44753],
			"rotation": {"angle": 45, "axis": "y", "origin": [5.32071, 11.05924, 5.04753]},
			"faces": {
				"north": {"uv": [0, 0, 8, 8], "rotation": 90, "texture": "#0"},
				"east": {"uv": [8, 0, 16, 8], "texture": "#0"},
				"south": {"uv": [0, 0, 8, 8], "rotation": 270, "texture": "#0"},
				"west": {"uv": [8, 0, 16, 8], "rotation": 180, "texture": "#0"},
				"up": {"uv": [0, 0, 8, 8], "rotation": 270, "texture": "#0"},
				"down": {"uv": [0, 0, 8, 8], "rotation": 270, "texture": "#0"}
			}
		},
		{
			"from": [7.68888, 13.21988, 11.73414],
			"to": [8.48888, 23.61988, 12.53414],
			"rotation": {"angle": 45, "axis": "x", "origin": [6.88888, 16.78788, 6.93414]},
			"faces": {
				"north": {"uv": [0, 0, 8, 8], "texture": "#0"},
				"east": {"uv": [0, 0, 8, 8], "texture": "#0"},
				"south": {"uv": [0, 0, 8, 8], "texture": "#0"},
				"west": {"uv": [0, 0, 8, 8], "texture": "#0"},
				"up": {"uv": [8, 0, 16, 8], "texture": "#0"},
				"down": {"uv": [8, 0, 16, 8], "texture": "#0"}
			}
		},
		{
			"from": [6.70954, 10.09924, 7.47595],
			"to": [13.10954, 10.89924, 8.27595],
			"rotation": {"angle": 22.5, "axis": "z", "origin": [7.10954, 13.69924, 8.67595]},
			"faces": {
				"north": {"uv": [0, 0, 8, 8], "rotation": 270, "texture": "#0"},
				"east": {"uv": [8, 0, 16, 8], "rotation": 180, "texture": "#0"},
				"south": {"uv": [0, 0, 8, 8], "rotation": 90, "texture": "#0"},
				"west": {"uv": [8, 0, 16, 8], "texture": "#0"},
				"up": {"uv": [0, 0, 8, 8], "rotation": 90, "texture": "#0"},
				"down": {"uv": [0, 0, 8, 8], "rotation": 90, "texture": "#0"}
			}
		},
		{
			"from": [7.50954, 12.49924, 5.87595],
			"to": [8.30954, 21.29924, 6.67595],
			"rotation": {"angle": -45, "axis": "x", "origin": [7.10954, 13.69924, 8.67595]},
			"faces": {
				"north": {"uv": [0, 0, 8, 8], "texture": "#0"},
				"east": {"uv": [0, 0, 8, 8], "texture": "#0"},
				"south": {"uv": [0, 0, 8, 8], "texture": "#0"},
				"west": {"uv": [0, 0, 8, 8], "texture": "#0"},
				"up": {"uv": [8, 0, 16, 8], "texture": "#0"},
				"down": {"uv": [8, 0, 16, 8], "texture": "#0"}
			}
		},
		{
			"from": [2.62954, 11.05924, 7.47595],
			"to": [9.02954, 11.85924, 8.27595],
			"rotation": {"angle": -22.5, "axis": "z", "origin": [7.10954, 13.69924, 8.67595]},
			"faces": {
				"north": {"uv": [0, 0, 8, 8], "rotation": 90, "texture": "#0"},
				"east": {"uv": [8, 0, 16, 8], "texture": "#0"},
				"south": {"uv": [0, 0, 8, 8], "rotation": 270, "texture": "#0"},
				"west": {"uv": [8, 0, 16, 8], "rotation": 180, "texture": "#0"},
				"up": {"uv": [0, 0, 8, 8], "rotation": 270, "texture": "#0"},
				"down": {"uv": [0, 0, 8, 8], "rotation": 270, "texture": "#0"}
			}
		},
		{
			"from": [9.42954, 10.25924, 0.67595],
			"to": [10.22954, 11.05924, 7.07595],
			"rotation": {"angle": -22.5, "axis": "y", "origin": [5.02954, 10.65924, 3.87595]},
			"faces": {
				"north": {"uv": [8, 0, 16, 8], "texture": "#0"},
				"east": {"uv": [0, 0, 8, 8], "rotation": 270, "texture": "#0"},
				"south": {"uv": [8, 0, 16, 8], "rotation": 180, "texture": "#0"},
				"west": {"uv": [0, 0, 8, 8], "rotation": 90, "texture": "#0"},
				"up": {"uv": [0, 0, 8, 8], "rotation": 180, "texture": "#0"},
				"down": {"uv": [0, 0, 8, 8], "texture": "#0"}
			}
		},
		{
			"from": [2.62954, 13.05924, 7.47595],
			"to": [3.22954, 19.45924, 8.07595],
			"rotation": {"angle": 0, "axis": "y", "origin": [5.02954, 10.65924, 3.87595]},
			"faces": {
				"north": {"uv": [0, 0, 8, 8], "texture": "#0"},
				"east": {"uv": [0, 0, 8, 8], "texture": "#0"},
				"south": {"uv": [0, 0, 8, 8], "texture": "#0"},
				"west": {"uv": [0, 0, 8, 8], "texture": "#0"},
				"up": {"uv": [8, 0, 16, 8], "texture": "#0"},
				"down": {"uv": [8, 0, 16, 8], "texture": "#0"}
			}
		},
		{
			"from": [2.82954, 19.45924, 7.67595],
			"to": [3.02954, 25.85924, 7.87595],
			"rotation": {"angle": 0, "axis": "y", "origin": [5.02954, 10.65924, 3.87595]},
			"faces": {
				"north": {"uv": [0, 0, 8, 8], "texture": "#0"},
				"east": {"uv": [0, 0, 8, 8], "texture": "#0"},
				"south": {"uv": [0, 0, 8, 8], "texture": "#0"},
				"west": {"uv": [0, 0, 8, 8], "texture": "#0"},
				"up": {"uv": [8, 0, 16, 8], "texture": "#0"},
				"down": {"uv": [8, 0, 16, 8], "texture": "#0"}
			}
		},
		{
			"from": [-0.37046, 18.25924, 7.47595],
			"to": [-0.17046, 24.65924, 7.67595],
			"rotation": {"angle": 0, "axis": "y", "origin": [5.02954, 10.65924, 3.87595]},
			"faces": {
				"north": {"uv": [0, 0, 8, 8], "texture": "#0"},
				"east": {"uv": [0, 0, 8, 8], "texture": "#0"},
				"south": {"uv": [0, 0, 8, 8], "texture": "#0"},
				"west": {"uv": [0, 0, 8, 8], "texture": "#0"},
				"up": {"uv": [8, 0, 16, 8], "texture": "#0"},
				"down": {"uv": [8, 0, 16, 8], "texture": "#0"}
			}
		},
		{
			"from": [2.42954, 15.25924, 4.87595],
			"to": [2.62954, 21.65924, 5.07595],
			"rotation": {"angle": 0, "axis": "y", "origin": [5.02954, 10.65924, 3.87595]},
			"faces": {
				"north": {"uv": [0, 0, 8, 8], "texture": "#0"},
				"east": {"uv": [0, 0, 8, 8], "texture": "#0"},
				"south": {"uv": [0, 0, 8, 8], "texture": "#0"},
				"west": {"uv": [0, 0, 8, 8], "texture": "#0"},
				"up": {"uv": [8, 0, 16, 8], "texture": "#0"},
				"down": {"uv": [8, 0, 16, 8], "texture": "#0"}
			}
		},
		{
			"from": [7.82954, 20.85924, 4.07595],
			"to": [8.02954, 31, 4.27595],
			"rotation": {"angle": 0, "axis": "y", "origin": [5.02954, 10.65924, 3.87595]},
			"faces": {
				"north": {"uv": [0, 0, 8, 8], "texture": "#0"},
				"east": {"uv": [0, 0, 8, 8], "texture": "#0"},
				"south": {"uv": [0, 0, 8, 8], "texture": "#0"},
				"west": {"uv": [0, 0, 8, 8], "texture": "#0"},
				"up": {"uv": [8, 0, 16, 8], "texture": "#0"},
				"down": {"uv": [8, 0, 16, 8], "texture": "#0"}
			}
		},
		{
			"from": [9.82954, 16.85924, 4.07595],
			"to": [10.02954, 23.25924, 4.27595],
			"rotation": {"angle": 0, "axis": "y", "origin": [5.02954, 10.65924, 3.87595]},
			"faces": {
				"north": {"uv": [0, 0, 8, 8], "texture": "#0"},
				"east": {"uv": [0, 0, 8, 8], "texture": "#0"},
				"south": {"uv": [0, 0, 8, 8], "texture": "#0"},
				"west": {"uv": [0, 0, 8, 8], "texture": "#0"},
				"up": {"uv": [8, 0, 16, 8], "texture": "#0"},
				"down": {"uv": [8, 0, 16, 8], "texture": "#0"}
			}
		},
		{
			"from": [13.82954, 19.05924, 7.67595],
			"to": [14.02954, 29.45924, 7.87595],
			"rotation": {"angle": 0, "axis": "y", "origin": [5.02954, 10.65924, 3.87595]},
			"faces": {
				"north": {"uv": [0, 0, 8, 8], "texture": "#0"},
				"east": {"uv": [0, 0, 8, 8], "texture": "#0"},
				"south": {"uv": [0, 0, 8, 8], "texture": "#0"},
				"west": {"uv": [0, 0, 8, 8], "texture": "#0"},
				"up": {"uv": [8, 0, 16, 8], "texture": "#0"},
				"down": {"uv": [8, 0, 16, 8], "texture": "#0"}
			}
		},
		{
			"from": [13.82954, 16.85924, 10.67595],
			"to": [14.02954, 23.25924, 10.87595],
			"rotation": {"angle": 0, "axis": "y", "origin": [5.02954, 10.65924, 3.87595]},
			"faces": {
				"north": {"uv": [0, 0, 8, 8], "texture": "#0"},
				"east": {"uv": [0, 0, 8, 8], "texture": "#0"},
				"south": {"uv": [0, 0, 8, 8], "texture": "#0"},
				"west": {"uv": [0, 0, 8, 8], "texture": "#0"},
				"up": {"uv": [8, 0, 16, 8], "texture": "#0"},
				"down": {"uv": [8, 0, 16, 8], "texture": "#0"}
			}
		},
		{
			"from": [8.02954, 22.65924, 14.67595],
			"to": [8.22954, 29.05924, 14.87595],
			"rotation": {"angle": 0, "axis": "y", "origin": [5.02954, 10.65924, 3.87595]},
			"faces": {
				"north": {"uv": [0, 0, 8, 8], "texture": "#0"},
				"east": {"uv": [0, 0, 8, 8], "texture": "#0"},
				"south": {"uv": [0, 0, 8, 8], "texture": "#0"},
				"west": {"uv": [0, 0, 8, 8], "texture": "#0"},
				"up": {"uv": [8, 0, 16, 8], "texture": "#0"},
				"down": {"uv": [8, 0, 16, 8], "texture": "#0"}
			}
		},
		{
			"from": [5.62954, 15.45924, 10.27595],
			"to": [5.82954, 27.45924, 10.47595],
			"rotation": {"angle": 0, "axis": "y", "origin": [5.02954, 10.65924, 3.87595]},
			"faces": {
				"north": {"uv": [0, 0, 8, 8], "texture": "#0"},
				"east": {"uv": [0, 0, 8, 8], "texture": "#0"},
				"south": {"uv": [0, 0, 8, 8], "texture": "#0"},
				"west": {"uv": [0, 0, 8, 8], "texture": "#0"},
				"up": {"uv": [8, 0, 16, 8], "texture": "#0"},
				"down": {"uv": [8, 0, 16, 8], "texture": "#0"}
			}
		},
		{
			"from": [4.22954, 10.45924, 4.47595],
			"to": [4.82954, 16.85924, 5.07595],
			"rotation": {"angle": 0, "axis": "y", "origin": [5.02954, 10.65924, 3.87595]},
			"faces": {
				"north": {"uv": [0, 0, 8, 8], "texture": "#0"},
				"east": {"uv": [0, 0, 8, 8], "texture": "#0"},
				"south": {"uv": [0, 0, 8, 8], "texture": "#0"},
				"west": {"uv": [0, 0, 8, 8], "texture": "#0"},
				"up": {"uv": [8, 0, 16, 8], "texture": "#0"},
				"down": {"uv": [8, 0, 16, 8], "texture": "#0"}
			}
		},
		{
			"from": [5.34954, 10.45924, 10.07595],
			"to": [5.94954, 16.85924, 10.67595],
			"rotation": {"angle": 0, "axis": "y", "origin": [5.02954, 10.65924, 3.87595]},
			"faces": {
				"north": {"uv": [0, 0, 8, 8], "texture": "#0"},
				"east": {"uv": [0, 0, 8, 8], "texture": "#0"},
				"south": {"uv": [0, 0, 8, 8], "texture": "#0"},
				"west": {"uv": [0, 0, 8, 8], "texture": "#0"},
				"up": {"uv": [8, 0, 16, 8], "texture": "#0"},
				"down": {"uv": [8, 0, 16, 8], "texture": "#0"}
			}
		},
		{
			"from": [7.74954, 16.05924, 13.27595],
			"to": [8.34954, 22.45924, 13.87595],
			"rotation": {"angle": 0, "axis": "y", "origin": [5.02954, 10.65924, 3.87595]},
			"faces": {
				"north": {"uv": [0, 0, 8, 8], "texture": "#0"},
				"east": {"uv": [0, 0, 8, 8], "texture": "#0"},
				"south": {"uv": [0, 0, 8, 8], "texture": "#0"},
				"west": {"uv": [0, 0, 8, 8], "texture": "#0"},
				"up": {"uv": [8, 0, 16, 8], "texture": "#0"},
				"down": {"uv": [8, 0, 16, 8], "texture": "#0"}
			}
		},
		{
			"from": [7.54954, 15.25924, 3.67595],
			"to": [8.14954, 21.65924, 4.27595],
			"rotation": {"angle": 0, "axis": "y", "origin": [5.02954, 10.65924, 3.87595]},
			"faces": {
				"north": {"uv": [0, 0, 8, 8], "texture": "#0"},
				"east": {"uv": [0, 0, 8, 8], "texture": "#0"},
				"south": {"uv": [0, 0, 8, 8], "texture": "#0"},
				"west": {"uv": [0, 0, 8, 8], "texture": "#0"},
				"up": {"uv": [8, 0, 16, 8], "texture": "#0"},
				"down": {"uv": [8, 0, 16, 8], "texture": "#0"}
			}
		},
		{
			"from": [12.34954, 12.85924, 7.67595],
			"to": [12.94954, 19.25924, 8.27595],
			"rotation": {"angle": 0, "axis": "y", "origin": [5.02954, 10.65924, 3.87595]},
			"faces": {
				"north": {"uv": [0, 0, 8, 8], "texture": "#0"},
				"east": {"uv": [0, 0, 8, 8], "texture": "#0"},
				"south": {"uv": [0, 0, 8, 8], "texture": "#0"},
				"west": {"uv": [0, 0, 8, 8], "texture": "#0"},
				"up": {"uv": [8, 0, 16, 8], "texture": "#0"},
				"down": {"uv": [8, 0, 16, 8], "texture": "#0"}
			}
		},
		{
			"from": [12.34954, 10.93924, 10.39595],
			"to": [12.94954, 17.33924, 10.99595],
			"rotation": {"angle": 0, "axis": "y", "origin": [5.02954, 10.65924, 3.87595]},
			"faces": {
				"north": {"uv": [0, 0, 8, 8], "texture": "#0"},
				"east": {"uv": [0, 0, 8, 8], "texture": "#0"},
				"south": {"uv": [0, 0, 8, 8], "texture": "#0"},
				"west": {"uv": [0, 0, 8, 8], "texture": "#0"},
				"up": {"uv": [8, 0, 16, 8], "texture": "#0"},
				"down": {"uv": [8, 0, 16, 8], "texture": "#0"}
			}
		},
		{
			"from": [9.62954, 10.93924, 3.99595],
			"to": [10.22954, 17.33924, 4.59595],
			"rotation": {"angle": 0, "axis": "y", "origin": [5.02954, 10.65924, 3.87595]},
			"faces": {
				"north": {"uv": [0, 0, 8, 8], "texture": "#0"},
				"east": {"uv": [0, 0, 8, 8], "texture": "#0"},
				"south": {"uv": [0, 0, 8, 8], "texture": "#0"},
				"west": {"uv": [0, 0, 8, 8], "texture": "#0"},
				"up": {"uv": [8, 0, 16, 8], "texture": "#0"},
				"down": {"uv": [8, 0, 16, 8], "texture": "#0"}
			}
		},
		{
			"from": [9.62954, 13.33924, 7.19595],
			"to": [10.02954, 18.13924, 7.59595],
			"rotation": {"angle": -45, "axis": "x", "origin": [5.02954, 10.65924, 3.87595]},
			"faces": {
				"north": {"uv": [0, 0, 8, 8], "texture": "#0"},
				"east": {"uv": [0, 0, 8, 8], "texture": "#0"},
				"south": {"uv": [0, 0, 8, 8], "texture": "#0"},
				"west": {"uv": [0, 0, 8, 8], "texture": "#0"},
				"up": {"uv": [8, 0, 16, 8], "texture": "#0"},
				"down": {"uv": [8, 0, 16, 8], "texture": "#0"}
			}
		},
		{
			"from": [7.62954, 17.33924, 10.39595],
			"to": [8.02954, 23.73924, 10.79595],
			"rotation": {"angle": -45, "axis": "x", "origin": [5.02954, 10.65924, 3.87595]},
			"faces": {
				"north": {"uv": [0, 0, 8, 8], "texture": "#0"},
				"east": {"uv": [0, 0, 8, 8], "texture": "#0"},
				"south": {"uv": [0, 0, 8, 8], "texture": "#0"},
				"west": {"uv": [0, 0, 8, 8], "texture": "#0"},
				"up": {"uv": [8, 0, 16, 8], "texture": "#0"},
				"down": {"uv": [8, 0, 16, 8], "texture": "#0"}
			}
		},
		{
			"from": [5.14954, 21.33924, 7.67595],
			"to": [5.54954, 27.73924, 8.07595],
			"rotation": {"angle": -45, "axis": "z", "origin": [5.02954, 10.65924, 3.87595]},
			"faces": {
				"north": {"uv": [0, 0, 8, 8], "texture": "#0"},
				"east": {"uv": [0, 0, 8, 8], "texture": "#0"},
				"south": {"uv": [0, 0, 8, 8], "texture": "#0"},
				"west": {"uv": [0, 0, 8, 8], "texture": "#0"},
				"up": {"uv": [8, 0, 16, 8], "rotation": 270, "texture": "#0"},
				"down": {"uv": [8, 0, 16, 8], "rotation": 90, "texture": "#0"}
			}
		},
		{
			"from": [6.74954, 19.53924, 10.47595],
			"to": [7.14954, 23.53924, 10.87595],
			"rotation": {"angle": -45, "axis": "z", "origin": [5.02954, 10.65924, 3.87595]},
			"faces": {
				"north": {"uv": [0, 0, 8, 8], "texture": "#0"},
				"east": {"uv": [0, 0, 8, 8], "texture": "#0"},
				"south": {"uv": [0, 0, 8, 8], "texture": "#0"},
				"west": {"uv": [0, 0, 8, 8], "texture": "#0"},
				"up": {"uv": [8, 0, 16, 8], "rotation": 270, "texture": "#0"},
				"down": {"uv": [8, 0, 16, 8], "rotation": 90, "texture": "#0"}
			}
		},
		{
			"from": [9.22621, 17.08495, 13.47595],
			"to": [9.62621, 21.08495, 13.87595],
			"rotation": {"angle": -22.5, "axis": "z", "origin": [11.42621, 21.08495, 10.67595]},
			"faces": {
				"north": {"uv": [0, 0, 8, 8], "texture": "#0"},
				"east": {"uv": [0, 0, 8, 8], "texture": "#0"},
				"south": {"uv": [0, 0, 8, 8], "texture": "#0"},
				"west": {"uv": [0, 0, 8, 8], "texture": "#0"},
				"up": {"uv": [8, 0, 16, 8], "rotation": 270, "texture": "#0"},
				"down": {"uv": [8, 0, 16, 8], "rotation": 90, "texture": "#0"}
			}
		},
		{
			"from": [7.92341, 20.34627, 12.87595],
			"to": [8.32341, 26.74627, 13.27595],
			"rotation": {"angle": 22.5, "axis": "x", "origin": [11.32341, 18.74627, 13.67595]},
			"faces": {
				"north": {"uv": [0, 0, 8, 8], "texture": "#0"},
				"east": {"uv": [0, 0, 8, 8], "texture": "#0"},
				"south": {"uv": [0, 0, 8, 8], "texture": "#0"},
				"west": {"uv": [0, 0, 8, 8], "texture": "#0"},
				"up": {"uv": [8, 0, 16, 8], "rotation": 270, "texture": "#0"},
				"down": {"uv": [8, 0, 16, 8], "rotation": 90, "texture": "#0"}
			}
		},
		{
			"from": [5.32341, 14.14627, 11.87595],
			"to": [5.72341, 20.54627, 12.27595],
			"rotation": {"angle": 22.5, "axis": "x", "origin": [11.32341, 18.74627, 13.67595]},
			"faces": {
				"north": {"uv": [0, 0, 8, 8], "texture": "#0"},
				"east": {"uv": [0, 0, 8, 8], "texture": "#0"},
				"south": {"uv": [0, 0, 8, 8], "texture": "#0"},
				"west": {"uv": [0, 0, 8, 8], "texture": "#0"},
				"up": {"uv": [8, 0, 16, 8], "rotation": 270, "texture": "#0"},
				"down": {"uv": [8, 0, 16, 8], "rotation": 90, "texture": "#0"}
			}
		},
		{
			"from": [1.09081, 15.54627, 7.4458],
			"to": [1.49081, 21.94627, 7.8458],
			"rotation": {"angle": 45, "axis": "z", "origin": [2.89081, 17.34627, 9.4458]},
			"faces": {
				"north": {"uv": [0, 0, 8, 8], "texture": "#0"},
				"east": {"uv": [0, 0, 8, 8], "texture": "#0"},
				"south": {"uv": [0, 0, 8, 8], "texture": "#0"},
				"west": {"uv": [0, 0, 8, 8], "texture": "#0"},
				"up": {"uv": [8, 0, 16, 8], "rotation": 180, "texture": "#0"},
				"down": {"uv": [8, 0, 16, 8], "rotation": 180, "texture": "#0"}
			}
		},
		{
			"from": [1.09081, 13.34627, 4.8458],
			"to": [1.49081, 18.14627, 5.2458],
			"rotation": {"angle": 45, "axis": "z", "origin": [2.89081, 17.34627, 9.4458]},
			"faces": {
				"north": {"uv": [0, 0, 8, 8], "texture": "#0"},
				"east": {"uv": [0, 0, 8, 8], "texture": "#0"},
				"south": {"uv": [0, 0, 8, 8], "texture": "#0"},
				"west": {"uv": [0, 0, 8, 8], "texture": "#0"},
				"up": {"uv": [8, 0, 16, 8], "rotation": 180, "texture": "#0"},
				"down": {"uv": [8, 0, 16, 8], "rotation": 180, "texture": "#0"}
			}
		},
		{
			"from": [-1.37046, 10.25924, 1.87595],
			"to": [5.02954, 11.05924, 2.67595],
			"rotation": {"angle": -45, "axis": "y", "origin": [0.22954, 13.85924, 7.87595]},
			"faces": {
				"north": {"uv": [0, 0, 8, 8], "rotation": 90, "texture": "#0"},
				"east": {"uv": [8, 0, 16, 8], "texture": "#0"},
				"south": {"uv": [0, 0, 8, 8], "rotation": 270, "texture": "#0"},
				"west": {"uv": [8, 0, 16, 8], "rotation": 180, "texture": "#0"},
				"up": {"uv": [0, 0, 8, 8], "rotation": 270, "texture": "#0"},
				"down": {"uv": [0, 0, 8, 8], "rotation": 270, "texture": "#0"}
			}
		},
		{
			"from": [8.52071, 10.25924, 7.04753],
			"to": [14.92071, 11.05924, 7.84753],
			"rotation": {"angle": -22.5, "axis": "y", "origin": [5.32071, 11.05924, 5.04753]},
			"faces": {
				"north": {"uv": [0, 0, 8, 8], "rotation": 270, "texture": "#0"},
				"east": {"uv": [8, 0, 16, 8], "rotation": 180, "texture": "#0"},
				"south": {"uv": [0, 0, 8, 8], "rotation": 90, "texture": "#0"},
				"west": {"uv": [8, 0, 16, 8], "texture": "#0"},
				"up": {"uv": [0, 0, 8, 8], "rotation": 90, "texture": "#0"},
				"down": {"uv": [0, 0, 8, 8], "rotation": 90, "texture": "#0"}
			}
		},
		{
			"from": [5, 0, 5],
			"to": [11, 1.68, 11],
			"rotation": {"angle": 0, "axis": "y", "origin": [5, 8.46, 5]},
			"faces": {
				"north": {"uv": [0, 0, 8, 8], "texture": "#0"},
				"east": {"uv": [0, 0, 8, 8], "texture": "#0"},
				"south": {"uv": [0, 0, 8, 8], "texture": "#0"},
				"west": {"uv": [0, 0, 8, 8], "texture": "#0"},
				"up": {"uv": [8, 0, 16, 8], "texture": "#0"},
				"down": {"uv": [8, 0, 16, 8], "texture": "#0"}
			}
		},
		{
			"from": [5.75, 1.59, 5.75],
			"to": [10.25, 4.11, 10.25],
			"rotation": {"angle": 0, "axis": "y", "origin": [5.75, 8.46, 5.75]},
			"faces": {
				"north": {"uv": [0, 0, 8, 8], "texture": "#0"},
				"east": {"uv": [0, 0, 8, 8], "texture": "#0"},
				"south": {"uv": [0, 0, 8, 8], "texture": "#0"},
				"west": {"uv": [0, 0, 8, 8], "texture": "#0"},
				"up": {"uv": [8, 0, 16, 8], "texture": "#0"},
				"down": {"uv": [8, 0, 16, 8], "texture": "#0"}
			}
		},
		{
			"from": [6.5, 0, 6.5],
			"to": [9.5, 13, 9.5],
			"rotation": {"angle": 0, "axis": "y", "origin": [6.5, 8.46, 6.5]},
			"faces": {
				"north": {"uv": [0, 0, 8, 8], "texture": "#0"},
				"east": {"uv": [0, 0, 8, 8], "texture": "#0"},
				"south": {"uv": [0, 0, 8, 8], "texture": "#0"},
				"west": {"uv": [0, 0, 8, 8], "texture": "#0"},
				"up": {"uv": [8, 0, 16, 8], "texture": "#0"},
				"down": {"uv": [8, 0, 16, 8], "texture": "#0"}
			}
		}
	],
	"display": {
		"head": {
			"translation": [0, -11.5, 0],
			"scale": [4, 4, 4]
		}
	},
	"groups": [
		{
			"name": "group",
			"origin": [8, 8, 8],
			"color": 0,
			"nbt": "{}",
			"children": [0, 1, 2, 3, 4, 5, 6, 7, 8, 9, 10, 11, 12, 13, 14, 15, 16, 17, 18, 19, 20, 21, 22, 23, 24, 25, 26, 27, 28, 29, 30, 31, 32, 33, 34, 35, 36]
		}
	]
}