{
	"credit": "Made with Blockbench",
	"textures": {
		"0": "move/yellow",
		"particle": "move/yellow"
	},
	"elements": [
		{
			"from": [7, -1, 3],
			"to": [9, 1, 7],
			"rotation": { "angle": 0, "axis": "y", "origin": [16, 8, 11] },
			"faces": {
				"north": { "uv": [0, 0, 4.75, 2], "texture": "#0" },
				"east": { "uv": [0, 0, 4.75, 2], "texture": "#0" },
				"south": { "uv": [0, 0, 4.75, 2], "texture": "#0" },
				"west": { "uv": [0, 0, 4.75, 2], "texture": "#0" },
				"up": { "uv": [0, 0, 4.75, 2], "texture": "#0" },
				"down": { "uv": [0, 0, 4.75, 2], "texture": "#0" }
			}
		},
		{
			"from": [7.25, -0.75, 7],
			"to": [8.75, 0.75, 10],
			"rotation": { "angle": 0, "axis": "y", "origin": [16, 8, 16.75] },
			"faces": {
				"north": { "uv": [0, 0, 2.25, 1.5], "texture": "#0" },
				"east": { "uv": [0, 0, 2.25, 1.5], "texture": "#0" },
				"south": { "uv": [0, 0, 2.25, 1.5], "texture": "#0" },
				"west": { "uv": [0, 0, 2.25, 1.5], "texture": "#0" },
				"up": { "uv": [0, 0, 2.25, 1.5], "texture": "#0" },
				"down": { "uv": [0, 0, 2.25, 1.5], "texture": "#0" }
			}
		},
		{
			"from": [7.5, -0.5, 10],
			"to": [8.5, 0.5, 14],
			"rotation": { "angle": 0, "axis": "y", "origin": [16, 8, 17] },
			"faces": {
				"north": { "uv": [0, 0, 4, 1], "texture": "#0" },
				"east": { "uv": [0, 0, 4, 1], "texture": "#0" },
				"south": { "uv": [0, 0, 4, 1], "texture": "#0" },
				"west": { "uv": [0, 0, 4, 1], "texture": "#0" },
				"up": { "uv": [0, 0, 4, 1], "texture": "#0" },
				"down": { "uv": [0, 0, 4, 1], "texture": "#0" }
			}
		},
		{
			"from": [7.25, -0.75, 2],
			"to": [8.75, 0.75, 3],
			"rotation": { "angle": 0, "axis": "y", "origin": [15, 8, 4] },
			"faces": {
				"north": { "uv": [0, 0, 1, 1.5], "texture": "#0" },
				"east": { "uv": [0, 0, 1, 1.5], "texture": "#0" },
				"south": { "uv": [0, 0, 1, 1.5], "texture": "#0" },
				"west": { "uv": [0, 0, 1, 1.5], "texture": "#0" },
				"up": { "uv": [0, 0, 1, 1.5], "texture": "#0" },
				"down": { "uv": [0, 0, 1, 1.5], "texture": "#0" }
			}
		}
	],
	"display": {
		"thirdperson_righthand": {
			"rotation": [90, 0, 0],
			"translation": [0, 0, 10]
		},
		"thirdperson_lefthand": {
			"rotation": [90, 0, 0],
			"translation": [0, 0, 10]
		},
		"firstperson_righthand": {
			"rotation": [36, 0, 0],
			"translation": [4.5, 2.75, 2]
		},
		"firstperson_lefthand": {
			"rotation": [36, 0, 0],
			"translation": [4.5, 2.75, 0]
		},
		"ground": {
			"translation": [0, 5.75, 0]
		},
		"gui": {
			"rotation": [45, 50, 0],
			"translation": [0, 5, 0]
		},
		"head": {
			"translation": [0, 17.75, 0],
			"scale": [3, 3, 3]
		},
		"fixed": {
			"rotation": [90, 90, 0],
			"translation": [0, 0, 7.5]
		}
	}
}
