{
	"credit": "Made with Blockbench",
	"textures": {
		"0": "move/syringe",
		"particle": "move/syringe"
	},
	"elements": [
		{
			"from": [6.5, -1.5, 4],
			"to": [9.5, 1.5, 14],
			"rotation": {
				"angle": 0,
				"axis": "y",
				"origin": [16.5, 7.5, 16.5]
			},
			"faces": {
				"north": { "uv": [0, 0, 3, 3], "texture": "#0" },
				"east": {
					"uv": [3, 1, 6, 11],
					"rotation": 270,
					"texture": "#0"
				},
				"south": { "uv": [0, 0, 3, 3], "texture": "#0" },
				"west": {
					"uv": [0, 1, 3, 11],
					"rotation": 90,
					"texture": "#0"
				},
				"up": { "uv": [3, 1, 0, 11], "rotation": 180, "texture": "#0" },
				"down": { "uv": [3, 1, 6, 11], "texture": "#0" }
			}
		},
		{
			"from": [6.5, -1.5, 3],
			"to": [9.5, 1.5, 4],
			"rotation": {
				"angle": 0,
				"axis": "y",
				"origin": [15.25, 6.75, 11.5]
			},
			"faces": {
				"north": { "uv": [13, 0, 16, 3], "texture": "#0" },
				"east": { "uv": [13, 0, 14, 3], "texture": "#0" },
				"south": { "uv": [13, 0, 16, 3], "texture": "#0" },
				"west": { "uv": [13, 0, 14, 3], "texture": "#0" },
				"up": { "uv": [13, 0, 16, 1], "texture": "#0" },
				"down": { "uv": [13, 0, 16, 1], "texture": "#0" }
			}
		},
		{
			"from": [7.5, -0.5, 9],
			"to": [8.5, 0.5, 14],
			"rotation": {
				"angle": 0,
				"axis": "y",
				"origin": [15.25, 7.75, 17.5]
			},
			"faces": {
				"north": { "uv": [15, 7, 16, 8], "texture": "#0" },
				"east": { "uv": [11, 11, 16, 12], "texture": "#0" },
				"south": { "uv": [15, 7, 16, 8], "texture": "#0" },
				"west": { "uv": [11, 11, 16, 12], "texture": "#0" },
				"up": { "uv": [15, 5, 16, 10], "texture": "#0" },
				"down": { "uv": [15, 6, 16, 11], "texture": "#0" }
			}
		},
		{
			"from": [7, -1, 8],
			"to": [9, 1, 9],
			"rotation": {
				"angle": 0,
				"axis": "y",
				"origin": [15.75, 7.25, 16.5]
			},
			"faces": {
				"north": { "uv": [10, 0, 12, 2], "texture": "#0" },
				"east": { "uv": [11, 0, 12, 2], "texture": "#0" },
				"south": { "uv": [11, 0, 13, 2], "texture": "#0" },
				"west": { "uv": [11, 0, 12, 2], "texture": "#0" },
				"up": { "uv": [10, 0, 12, 1], "texture": "#0" },
				"down": { "uv": [10, 0, 12, 1], "texture": "#0" }
			}
		},
		{
			"from": [7, -1, 4],
			"to": [9, 1, 8],
			"rotation": {
				"angle": 0,
				"axis": "y",
				"origin": [15.75, 7.25, 15.5]
			},
			"faces": {
				"north": { "uv": [7, 0, 9, 2], "texture": "#0" },
				"east": { "uv": [6, 0, 10, 2], "texture": "#0" },
				"south": { "uv": [7, 0, 9, 2], "texture": "#0" },
				"west": { "uv": [6, 0, 10, 2], "texture": "#0" },
				"up": { "uv": [7, 0, 9, 4], "texture": "#0" },
				"down": { "uv": [7, 0, 9, 4], "texture": "#0" }
			}
		},
		{
			"from": [7.5, -0.5, -3],
			"to": [8.5, 0.5, 3],
			"rotation": {
				"angle": 0,
				"axis": "y",
				"origin": [14.75, 7.5, 7.25]
			},
			"faces": {
				"north": { "uv": [4, 3, 5, 4], "texture": "#0" },
				"east": { "uv": [0, 0, 6, 1], "texture": "#0" },
				"south": { "uv": [4, 3, 5, 4], "texture": "#0" },
				"west": { "uv": [0, 0, 6, 1], "texture": "#0" },
				"up": { "uv": [4, 3, 5, 9], "texture": "#0" },
				"down": { "uv": [4, 3, 5, 9], "texture": "#0" }
			}
		},
		{
			"from": [4.5, -2, 14],
			"to": [11.5, 2, 15],
			"rotation": { "angle": 0, "axis": "y", "origin": [14.5, 6, 21.25] },
			"faces": {
				"north": { "uv": [6, 12, 13, 16], "texture": "#0" },
				"east": { "uv": [14, 12, 15, 16], "texture": "#0" },
				"south": { "uv": [6, 12, 13, 16], "texture": "#0" },
				"west": { "uv": [14, 12, 15, 16], "texture": "#0" },
				"up": { "uv": [7, 13, 14, 14], "texture": "#0" },
				"down": { "uv": [7, 13, 14, 14], "texture": "#0" }
			}
		},
		{
			"from": [5.5, -1.5, 18],
			"to": [10.5, 1.5, 19],
			"rotation": {
				"angle": 0,
				"axis": "y",
				"origin": [14.5, 6.5, 25.25]
			},
			"faces": {
				"north": { "uv": [10, 3, 15, 6], "texture": "#0" },
				"east": { "uv": [10, 3, 11, 6], "texture": "#0" },
				"south": { "uv": [10, 3, 15, 6], "texture": "#0" },
				"west": { "uv": [10, 3, 11, 6], "texture": "#0" },
				"up": { "uv": [10, 3, 15, 4], "texture": "#0" },
				"down": { "uv": [10, 3, 15, 4], "texture": "#0" }
			}
		},
		{
			"from": [7.5, -0.5, 15],
			"to": [8.5, 0.5, 18],
			"rotation": {
				"angle": 0,
				"axis": "y",
				"origin": [15.5, 7.5, 29.75]
			},
			"faces": {
				"north": { "uv": [10, 3, 11, 4], "texture": "#0" },
				"east": { "uv": [10, 3, 13, 4], "texture": "#0" },
				"south": { "uv": [10, 3, 11, 4], "texture": "#0" },
				"west": { "uv": [10, 3, 13, 4], "texture": "#0" },
				"up": { "uv": [10, 3, 11, 6], "texture": "#0" },
				"down": { "uv": [10, 3, 11, 6], "texture": "#0" }
			}
		}
	],
	"display": {
		"thirdperson_righthand": {
			"rotation": [-90, 0, 0],
			"translation": [0, -2, -5.75],
			"scale": [0.75, 0.75, 0.75]
		},
		"thirdperson_lefthand": {
			"rotation": [-90, 0, 0],
			"translation": [0, -2, -5.75],
			"scale": [0.75, 0.75, 0.75]
		},
		"firstperson_righthand": {
			"rotation": [25, 12.5, -180],
			"translation": [-4.75, 3, 3.5],
			"scale": [0.26, 0.26, 0.26]
		},
		"firstperson_lefthand": {
			"rotation": [25, 12.5, -180],
			"translation": [-4.75, 3, 3.5],
			"scale": [0.26, 0.26, 0.26]
		},
		"ground": {
			"translation": [0, 7.5, 0],
			"scale": [0.9, 0.9, 0.9]
		},
		"gui": {
			"rotation": [61, -40, 10],
			"translation": [-0.25, 4.25, 0],
			"scale": [0.8, 0.8, 0.8]
		},
		"head": {
			"translation": [0, -30.75, -2],
			"scale": [1.5, 1.5, 1.5]
		},
		"fixed": {
			"rotation": [90, 50, 0],
			"translation": [-1, 1.5, 7.5]
		}
	}
}
