{
  "providers": [
    {
      "type": "bitmap",
      "file": "minecraft:custom/server.png",
      "ascent": 7,
      "height": 8,
      "chars": ["\uE000"]
    },
    {
      "type": "bitmap",
      "file": "minecraft:custom/admin.png",
      "ascent": 7,
      "height": 8,
      "chars": ["\uE001"]
    },
    {
      "type": "bitmap",
      "file": "minecraft:custom/mod.png",
      "ascent": 7,
      "height": 8,
      "chars": ["\uE002"]
    },
    {
      "type": "bitmap",
      "file": "minecraft:custom/beta.png",
      "ascent": 7,
      "height": 8,
      "chars": ["\uE003"]
    },
    {
      "type": "ttf",
      "file": "minecraft:negative_spaces.ttf",
      "shift": [0.0, 0.0],
      "size": 10.0,
      "oversample": 1.0
    }
  ]
}
