{
	"credit": "Made with Blockbench",
	"texture_size": [8, 4],
	"textures": {
		"0": "cnp:item/dlc/dlc0/24/pp",
		"particle": "cnp:item/dlc/dlc0/24/pp"
	},
	"elements": [
		{
			"from": [6, 6, 6],
			"to": [10, 10, 10],
			"rotation": {"angle": 0, "axis": "y", "origin": [8, 8, 8]},
			"faces": {
				"north": {"uv": [0, 0, 4, 8], "texture": "#0"},
				"east": {"uv": [0, 8, 4, 16], "texture": "#0"},
				"south": {"uv": [4, 0, 8, 8], "texture": "#0"},
				"west": {"uv": [4, 8, 8, 16], "texture": "#0"},
				"up": {"uv": [8, 8, 4, 0], "rotation": 90, "texture": "#0"},
				"down": {"uv": [12, 0, 8, 8], "texture": "#0"}
			}
		}
	],
	"display": {
		"head": {
			"rotation": [45, 45, 0],
			"scale": [2, 2, 2]
		}
	}
}