{
  "textures": {
    "particle": "block/blank",
    "stand": "block/brewing_stand"
  },
  "elements": [
    {
      "from": [
        8,
        0,
        8
      ],
      "to": [
        16,
        16,
        8
      ],
      "faces": {
        "north": {
          "uv": [
            16,
            0,
            8,
            16
          ],
          "texture": "#stand"
        },
        "south": {
          "uv": [
            8,
            0,
            16,
            16
          ],
          "texture": "#stand"
        }
      }
    }
  ]
}
