{
  "ambientocclusion": false,
  "textures": {
    "particle": "block/blank"
  },
  "elements": [
    {
      "from": [
        0,
        2.99,
        0
      ],
      "to": [
        8,
        2.99,
        8
      ],
      "faces": {
        "up": {
          "uv": [
            0,
            0,
            8,
            8
          ],
          "texture": "#flowerbed"
        },
        "down": {
          "uv": [
            0,
            8,
            8,
            0
          ],
          "texture": "#flowerbed"
        }
      }
    },
    {
      "from": [
        4.25,
        0,
        -2.6
      ],
      "to": [
        4.25,
        2.99,
        -1.6
      ],
      "rotation": {
        "angle": -45,
        "axis": "y",
        "origin": [
          0,
          0,
          0
        ]
      },
      "faces": {
        "east": {
          "uv": [
            0,
            4,
            1,
            7
          ],
          "texture": "#stem",
          "tintindex": 1
        },
        "west": {
          "uv": [
            0,
            4,
            1,
            7
          ],
          "texture": "#stem",
          "tintindex": 1
        }
      }
    },
    {
      "from": [
        3.75,
        0,
        -2.1
      ],
      "to": [
        4.75,
        2.99,
        -2.1
      ],
      "rotation": {
        "angle": -45,
        "axis": "y",
        "origin": [
          0,
          0,
          0
        ]
      },
      "faces": {
        "north": {
          "uv": [
            0,
            4,
            1,
            7
          ],
          "texture": "#stem",
          "tintindex": 1
        },
        "south": {
          "uv": [
            0,
            4,
            1,
            7
          ],
          "texture": "#stem",
          "tintindex": 1
        }
      }
    },
    {
      "from": [
        4.9,
        0,
        2.3
      ],
      "to": [
        4.9,
        2.99,
        3.3
      ],
      "rotation": {
        "angle": -45,
        "axis": "y",
        "origin": [
          0,
          0,
          0
        ]
      },
      "faces": {
        "east": {
          "uv": [
            0,
            4,
            1,
            7
          ],
          "texture": "#stem",
          "tintindex": 1
        },
        "west": {
          "uv": [
            0,
            4,
            1,
            7
          ],
          "texture": "#stem",
          "tintindex": 1
        }
      }
    },
    {
      "from": [
        4.4,
        0,
        2.8
      ],
      "to": [
        5.4,
        2.99,
        2.8
      ],
      "rotation": {
        "angle": -45,
        "axis": "y",
        "origin": [
          0,
          0,
          0
        ]
      },
      "faces": {
        "north": {
          "uv": [
            0,
            4,
            1,
            7
          ],
          "texture": "#stem",
          "tintindex": 1
        },
        "south": {
          "uv": [
            0,
            4,
            1,
            7
          ],
          "texture": "#stem",
          "tintindex": 1
        }
      }
    },
    {
      "from": [
        9.15,
        0,
        -0.45
      ],
      "to": [
        9.15,
        2.99,
        0.55
      ],
      "rotation": {
        "angle": -45,
        "axis": "y",
        "origin": [
          0,
          0,
          0
        ]
      },
      "faces": {
        "east": {
          "uv": [
            0,
            4,
            1,
            7
          ],
          "texture": "#stem",
          "tintindex": 1
        },
        "west": {
          "uv": [
            0,
            4,
            1,
            7
          ],
          "texture": "#stem",
          "tintindex": 1
        }
      }
    },
    {
      "from": [
        8.65,
        0,
        0.05
      ],
      "to": [
        9.65,
        2.99,
        0.05
      ],
      "rotation": {
        "angle": -45,
        "axis": "y",
        "origin": [
          0,
          0,
          0
        ]
      },
      "faces": {
        "north": {
          "uv": [
            0,
            4,
            1,
            7
          ],
          "texture": "#stem",
          "tintindex": 1
        },
        "south": {
          "uv": [
            0,
            4,
            1,
            7
          ],
          "texture": "#stem",
          "tintindex": 1
        }
      }
    }
  ]
}
