{
	"credit": "Made with Blockbench",
	"textures": {
		"0": "item/voidland/xp_storage/top",
		"1": "item/voidland/xp_storage/outside",
		"2": "item/voidland/xp_storage/bottom",
		"particle": "item/voidland/xp_storage/top"
	},
	"elements": [
		{
			"from": [0, 0, 0],
			"to": [16, 16, 16],
			"faces": {
				"north": {"uv": [0, 0, 16, 16], "texture": "#1"},
				"east": {"uv": [0, 0, 16, 16], "texture": "#1"},
				"south": {"uv": [0, 0, 16, 16], "texture": "#1"},
				"west": {"uv": [0, 0, 16, 16], "texture": "#1"},
				"up": {"uv": [0, 0, 16, 16], "texture": "#0"},
				"down": {"uv": [0, 0, 16, 16], "texture": "#2"}
			}
		},
		{
			"from": [3, 16, 3],
			"to": [13, 17, 13],
			"faces": {
				"north": {"uv": [3, 3, 13, 4], "rotation": 180, "texture": "#0"},
				"east": {"uv": [12, 3, 13, 13], "rotation": 90, "texture": "#0"},
				"south": {"uv": [3, 12, 13, 13], "texture": "#0"},
				"west": {"uv": [3, 3, 4, 13], "rotation": 270, "texture": "#0"},
				"up": {"uv": [3, 3, 13, 13], "texture": "#0"}
			}
		}
	],
	"display": {
		"thirdperson_righthand": {
			"rotation": [75, 45, 0],
			"translation": [0, 2.5, 0],
			"scale": [0.375, 0.375, 0.375]
		},
		"thirdperson_lefthand": {
			"rotation": [75, 45, 0],
			"translation": [0, 2.5, 0],
			"scale": [0.375, 0.375, 0.375]
		},
		"firstperson_righthand": {
			"rotation": [0, 45, 0],
			"scale": [0.4, 0.4, 0.4]
		},
		"firstperson_lefthand": {
			"rotation": [0, 45, 0],
			"scale": [0.4, 0.4, 0.4]
		},
		"ground": {
			"translation": [0, 3, 0],
			"scale": [0.25, 0.25, 0.25]
		},
		"gui": {
			"rotation": [30, 225, 0],
			"scale": [0.625, 0.625, 0.625]
		},
		"fixed": {
			"scale": [0.5, 0.5, 0.5]
		}
	}
}