{
	"display": {
		"icon": {
			"id": "minecraft:warped_fungus_on_a_stick",
			"count": 1,
			"components": {
				"minecraft:custom_model_data": 1
			}
		},
		"title": {
			"translate": "adv.focal.backpack.title",
			"fallback": "§6Focal's Backpack§r",
			"bold": false,
			"italic": false
		},
		"description": {
			"translate": "adv.focal.backpack.description",
			"fallback": "Enjoy :D",
			"bold": false,
			"italic": false
		},
		"show_toast": false,
		"announce_to_chat": false
	},
	"parent": "focal:root",
	"criteria": {
		"installed": {
			"trigger": "minecraft:impossible"
		}
	},
	"requirements": [["installed"]],
	"sends_telemetry_event": true
}
