{
	"display": {
		"icon": {
			"id": "minecraft:player_head",
			"count": 1,
			"components": {
				"minecraft:profile": {
					"name": "Focal_Salt"
				}
			}
		},
		"title": {
			"translate": "adv.focal.root.title",
			"fallback": "§6Focal's §bworkshop§r",
			"bold": false,
			"italic": false
		},
		"description": {
			"translate": "adv.focal.root.description",
			"fallback": "Enjoy :D",
			"bold": false,
			"italic": false
		},
		"background": "minecraft:textures/gui/advancements/backgrounds/adventure.png",
		"show_toast": false,
		"announce_to_chat": false
	},
	"criteria": {
		"installed": {
			"trigger": "minecraft:tick"
		}
	},
	"requirements": [["installed"]],
	"sends_telemetry_event": true
}
