{
	"credit": "Made with Blockbench",
	"textures": {
		"0": "move/setting_lockface",
		"1": "move/vip_setting",
		"2": "move/setting_lock",
		"particle": "move/vip_setting"
	},
	"elements": [
		{
			"from": [4.5, -4, 4.5],
			"to": [11.5, 3, 11.5],
			"rotation": { "angle": 0, "axis": "y", "origin": [8.5, 8, 8.5] },
			"faces": {
				"north": { "uv": [0, 0, 7, 7], "texture": "#2" },
				"east": { "uv": [0, 0, 7, 7], "texture": "#0" },
				"south": { "uv": [0, 0, 7, 7], "texture": "#0" },
				"west": { "uv": [0, 0, 7, 7], "texture": "#0" },
				"up": { "uv": [0, 0, 7, 7], "texture": "#0" },
				"down": { "uv": [0, 0, 7, 7], "texture": "#0" }
			}
		},
		{
			"from": [11.5, -3, 3.5],
			"to": [12.5, 2, 4.5],
			"rotation": { "angle": 0, "axis": "y", "origin": [8.5, 8, 8.5] },
			"faces": {
				"north": { "uv": [0, 0, 1, 5], "texture": "#1" },
				"east": { "uv": [0, 0, 1, 5], "texture": "#1" },
				"south": { "uv": [0, 0, 1, 5], "texture": "#1" },
				"west": { "uv": [0, 0, 1, 5], "texture": "#1" },
				"up": { "uv": [0, 0, 1, 1], "texture": "#1" },
				"down": { "uv": [0, 0, 1, 1], "texture": "#1" }
			}
		},
		{
			"from": [11.5, -3, 11.5],
			"to": [12.5, 2, 12.5],
			"rotation": { "angle": 0, "axis": "y", "origin": [8.5, 8, 7.5] },
			"faces": {
				"north": { "uv": [0, 0, 1, 5], "texture": "#1" },
				"east": { "uv": [0, 0, 1, 5], "texture": "#1" },
				"south": { "uv": [0, 0, 1, 5], "texture": "#1" },
				"west": { "uv": [0, 0, 1, 5], "texture": "#1" },
				"up": { "uv": [0, 0, 1, 1], "texture": "#1" },
				"down": { "uv": [0, 0, 1, 1], "texture": "#1" }
			}
		},
		{
			"from": [3.5, -3, 11.5],
			"to": [4.5, 2, 12.5],
			"rotation": { "angle": 0, "axis": "y", "origin": [8.5, 8, 7.5] },
			"faces": {
				"north": { "uv": [0, 0, 1, 5], "texture": "#1" },
				"east": { "uv": [0, 0, 1, 5], "texture": "#1" },
				"south": { "uv": [0, 0, 1, 5], "texture": "#1" },
				"west": { "uv": [0, 0, 1, 5], "texture": "#1" },
				"up": { "uv": [0, 0, 1, 1], "texture": "#1" },
				"down": { "uv": [0, 0, 1, 1], "texture": "#1" }
			}
		},
		{
			"from": [5.5, -5, 3.5],
			"to": [10.5, -4, 4.5],
			"rotation": { "angle": 0, "axis": "y", "origin": [8.5, 8, 8.5] },
			"faces": {
				"north": { "uv": [0, 0, 5, 1], "texture": "#1" },
				"east": { "uv": [0, 0, 1, 1], "texture": "#1" },
				"south": { "uv": [0, 0, 5, 1], "texture": "#1" },
				"west": { "uv": [0, 0, 1, 1], "texture": "#1" },
				"up": { "uv": [0, 0, 5, 1], "texture": "#1" },
				"down": { "uv": [0, 0, 5, 1], "texture": "#1" }
			}
		},
		{
			"from": [5.5, -5, 11.5],
			"to": [10.5, -4, 12.5],
			"rotation": { "angle": 0, "axis": "y", "origin": [8.5, 8, 7.5] },
			"faces": {
				"north": { "uv": [0, 0, 5, 1], "texture": "#1" },
				"east": { "uv": [0, 0, 1, 1], "texture": "#1" },
				"south": { "uv": [0, 0, 5, 1], "texture": "#1" },
				"west": { "uv": [0, 0, 1, 1], "texture": "#1" },
				"up": { "uv": [0, 0, 5, 1], "texture": "#1" },
				"down": { "uv": [0, 0, 5, 1], "texture": "#1" }
			}
		},
		{
			"from": [5.5, 3, 11.5],
			"to": [10.5, 4, 12.5],
			"rotation": { "angle": 0, "axis": "y", "origin": [8.5, 7, 7.5] },
			"faces": {
				"north": { "uv": [0, 0, 5, 1], "texture": "#1" },
				"east": { "uv": [0, 0, 1, 1], "texture": "#1" },
				"south": { "uv": [0, 0, 5, 1], "texture": "#1" },
				"west": { "uv": [0, 0, 1, 1], "texture": "#1" },
				"up": { "uv": [0, 0, 5, 1], "texture": "#1" },
				"down": { "uv": [0, 0, 5, 1], "texture": "#1" }
			}
		},
		{
			"from": [5.5, 3, 3.5],
			"to": [10.5, 4, 4.5],
			"rotation": { "angle": 0, "axis": "y", "origin": [8.5, 7, 8.5] },
			"faces": {
				"north": { "uv": [0, 0, 5, 1], "texture": "#1" },
				"east": { "uv": [0, 0, 1, 1], "texture": "#1" },
				"south": { "uv": [0, 0, 5, 1], "texture": "#1" },
				"west": { "uv": [0, 0, 1, 1], "texture": "#1" },
				"up": { "uv": [0, 0, 5, 1], "texture": "#1" },
				"down": { "uv": [0, 0, 5, 1], "texture": "#1" }
			}
		},
		{
			"from": [10.5, 2, 10.5],
			"to": [12.5, 4, 12.5],
			"rotation": { "angle": 0, "axis": "z", "origin": [16.5, 9, 8.5] },
			"faces": {
				"north": {
					"uv": [0, 0, 2, 2],
					"rotation": 270,
					"texture": "#1"
				},
				"east": {
					"uv": [0, 0, 2, 2],
					"rotation": 180,
					"texture": "#1"
				},
				"south": {
					"uv": [0, 0, 2, 2],
					"rotation": 90,
					"texture": "#1"
				},
				"west": { "uv": [0, 0, 2, 2], "texture": "#1" },
				"up": { "uv": [0, 0, 2, 2], "rotation": 90, "texture": "#1" },
				"down": { "uv": [0, 0, 2, 2], "rotation": 90, "texture": "#1" }
			}
		},
		{
			"from": [10.5, -5, 10.5],
			"to": [12.5, -3, 12.5],
			"rotation": { "angle": 0, "axis": "y", "origin": [8.5, 8, 8.5] },
			"faces": {
				"north": { "uv": [0, 0, 2, 2], "texture": "#1" },
				"east": { "uv": [0, 0, 2, 2], "texture": "#1" },
				"south": { "uv": [0, 0, 2, 2], "texture": "#1" },
				"west": { "uv": [0, 0, 2, 2], "texture": "#1" },
				"up": { "uv": [0, 0, 2, 2], "rotation": 90, "texture": "#1" },
				"down": { "uv": [0, 0, 2, 2], "rotation": 270, "texture": "#1" }
			}
		},
		{
			"from": [3.5, 2, 10.5],
			"to": [5.5, 4, 12.5],
			"rotation": { "angle": 0, "axis": "z", "origin": [16.5, 9, 8.5] },
			"faces": {
				"north": {
					"uv": [0, 0, 2, 2],
					"rotation": 270,
					"texture": "#1"
				},
				"east": {
					"uv": [0, 0, 2, 2],
					"rotation": 180,
					"texture": "#1"
				},
				"south": {
					"uv": [0, 0, 2, 2],
					"rotation": 90,
					"texture": "#1"
				},
				"west": { "uv": [0, 0, 2, 2], "texture": "#1" },
				"up": { "uv": [0, 0, 2, 2], "rotation": 90, "texture": "#1" },
				"down": { "uv": [0, 0, 2, 2], "rotation": 90, "texture": "#1" }
			}
		},
		{
			"from": [3.5, -5, 10.5],
			"to": [5.5, -3, 12.5],
			"rotation": { "angle": 0, "axis": "z", "origin": [16.5, 0, 8.5] },
			"faces": {
				"north": {
					"uv": [0, 0, 2, 2],
					"rotation": 270,
					"texture": "#1"
				},
				"east": {
					"uv": [0, 0, 2, 2],
					"rotation": 180,
					"texture": "#1"
				},
				"south": {
					"uv": [0, 0, 2, 2],
					"rotation": 90,
					"texture": "#1"
				},
				"west": { "uv": [0, 0, 2, 2], "texture": "#1" },
				"up": { "uv": [0, 0, 2, 2], "rotation": 90, "texture": "#1" },
				"down": { "uv": [0, 0, 2, 2], "rotation": 90, "texture": "#1" }
			}
		},
		{
			"from": [3.5, 2, 3.5],
			"to": [5.5, 4, 5.5],
			"rotation": { "angle": 0, "axis": "z", "origin": [16.5, 9, 8.5] },
			"faces": {
				"north": {
					"uv": [0, 0, 2, 2],
					"rotation": 270,
					"texture": "#1"
				},
				"east": {
					"uv": [0, 0, 2, 2],
					"rotation": 180,
					"texture": "#1"
				},
				"south": {
					"uv": [0, 0, 2, 2],
					"rotation": 90,
					"texture": "#1"
				},
				"west": { "uv": [0, 0, 2, 2], "texture": "#1" },
				"up": { "uv": [0, 0, 2, 2], "rotation": 90, "texture": "#1" },
				"down": { "uv": [0, 0, 2, 2], "rotation": 90, "texture": "#1" }
			}
		},
		{
			"from": [3.5, -5, 3.5],
			"to": [5.5, -3, 5.5],
			"rotation": { "angle": 0, "axis": "z", "origin": [16.5, 0, 8.5] },
			"faces": {
				"north": {
					"uv": [0, 0, 2, 2],
					"rotation": 270,
					"texture": "#1"
				},
				"east": {
					"uv": [0, 0, 2, 2],
					"rotation": 180,
					"texture": "#1"
				},
				"south": {
					"uv": [0, 0, 2, 2],
					"rotation": 90,
					"texture": "#1"
				},
				"west": { "uv": [0, 0, 2, 2], "texture": "#1" },
				"up": { "uv": [0, 0, 2, 2], "rotation": 90, "texture": "#1" },
				"down": { "uv": [0, 0, 2, 2], "rotation": 90, "texture": "#1" }
			}
		},
		{
			"from": [10.5, 2, 3.5],
			"to": [12.5, 4, 5.5],
			"rotation": { "angle": 0, "axis": "z", "origin": [16.5, 9, 8.5] },
			"faces": {
				"north": {
					"uv": [0, 0, 2, 2],
					"rotation": 270,
					"texture": "#1"
				},
				"east": {
					"uv": [0, 0, 2, 2],
					"rotation": 180,
					"texture": "#1"
				},
				"south": {
					"uv": [0, 0, 2, 2],
					"rotation": 90,
					"texture": "#1"
				},
				"west": { "uv": [0, 0, 2, 2], "texture": "#1" },
				"up": { "uv": [0, 0, 2, 2], "rotation": 90, "texture": "#1" },
				"down": { "uv": [0, 0, 2, 2], "rotation": 90, "texture": "#1" }
			}
		},
		{
			"from": [10.5, -5, 3.5],
			"to": [12.5, -3, 5.5],
			"rotation": { "angle": 0, "axis": "z", "origin": [16.5, 0, 8.5] },
			"faces": {
				"north": {
					"uv": [0, 0, 2, 2],
					"rotation": 270,
					"texture": "#1"
				},
				"east": {
					"uv": [0, 0, 2, 2],
					"rotation": 180,
					"texture": "#1"
				},
				"south": {
					"uv": [0, 0, 2, 2],
					"rotation": 90,
					"texture": "#1"
				},
				"west": { "uv": [0, 0, 2, 2], "texture": "#1" },
				"up": { "uv": [0, 0, 2, 2], "rotation": 90, "texture": "#1" },
				"down": { "uv": [0, 0, 2, 2], "rotation": 90, "texture": "#1" }
			}
		},
		{
			"from": [11.5, 3, 5.5],
			"to": [12.5, 4, 10.5],
			"rotation": { "angle": 0, "axis": "y", "origin": [8.5, 7, 8.5] },
			"faces": {
				"north": { "uv": [0, 0, 1, 1], "texture": "#1" },
				"east": { "uv": [0, 0, 5, 1], "texture": "#1" },
				"south": { "uv": [0, 0, 1, 1], "texture": "#1" },
				"west": { "uv": [0, 0, 5, 1], "texture": "#1" },
				"up": { "uv": [0, 0, 1, 5], "texture": "#1" },
				"down": { "uv": [0, 0, 1, 5], "texture": "#1" }
			}
		},
		{
			"from": [3.5, 3, 5.5],
			"to": [4.5, 4, 10.5],
			"rotation": { "angle": 0, "axis": "y", "origin": [8.5, 7, 8.5] },
			"faces": {
				"north": { "uv": [0, 0, 1, 1], "texture": "#1" },
				"east": { "uv": [0, 0, 5, 1], "texture": "#1" },
				"south": { "uv": [0, 0, 1, 1], "texture": "#1" },
				"west": { "uv": [0, 0, 5, 1], "texture": "#1" },
				"up": { "uv": [0, 0, 1, 5], "texture": "#1" },
				"down": { "uv": [0, 0, 1, 5], "texture": "#1" }
			}
		},
		{
			"from": [3.5, -5, 5.5],
			"to": [4.5, -4, 10.5],
			"rotation": { "angle": 0, "axis": "y", "origin": [8.5, 8, 8.5] },
			"faces": {
				"north": { "uv": [0, 0, 1, 1], "texture": "#1" },
				"east": { "uv": [0, 0, 5, 1], "texture": "#1" },
				"south": { "uv": [0, 0, 1, 1], "texture": "#1" },
				"west": { "uv": [0, 0, 5, 1], "texture": "#1" },
				"up": { "uv": [0, 0, 1, 5], "texture": "#1" },
				"down": { "uv": [0, 0, 1, 5], "texture": "#1" }
			}
		},
		{
			"from": [11.5, -5, 5.5],
			"to": [12.5, -4, 10.5],
			"rotation": { "angle": 0, "axis": "y", "origin": [8.5, 8, 8.5] },
			"faces": {
				"north": { "uv": [0, 0, 1, 1], "texture": "#1" },
				"east": { "uv": [0, 0, 5, 1], "texture": "#1" },
				"south": { "uv": [0, 0, 1, 1], "texture": "#1" },
				"west": { "uv": [0, 0, 5, 1], "texture": "#1" },
				"up": { "uv": [0, 0, 1, 5], "texture": "#1" },
				"down": { "uv": [0, 0, 1, 5], "texture": "#1" }
			}
		},
		{
			"from": [3.5, -3, 3.5],
			"to": [4.5, 2, 4.5],
			"rotation": { "angle": 0, "axis": "y", "origin": [8.5, 8, 8.5] },
			"faces": {
				"north": { "uv": [0, 0, 1, 5], "texture": "#1" },
				"east": { "uv": [0, 0, 1, 5], "texture": "#1" },
				"south": { "uv": [0, 0, 1, 5], "texture": "#1" },
				"west": { "uv": [0, 0, 1, 5], "texture": "#1" },
				"up": { "uv": [0, 0, 1, 1], "texture": "#1" },
				"down": { "uv": [0, 0, 1, 1], "texture": "#1" }
			}
		}
	],
	"display": {
		"thirdperson_righthand": {
			"translation": [0, 5.25, 0],
			"scale": [0.6, 0.6, 0.6]
		},
		"thirdperson_lefthand": {
			"translation": [0, 5.25, 0],
			"scale": [0.6, 0.6, 0.6]
		},
		"firstperson_righthand": {
			"translation": [0, 6, 1.25],
			"scale": [0.6, 0.6, 0.6]
		},
		"firstperson_lefthand": {
			"translation": [0, 6, 1.25],
			"scale": [0.6, 0.6, 0.6]
		},
		"ground": {
			"translation": [0, 10, 0]
		},
		"gui": {
			"rotation": [30, 61, 0],
			"translation": [0, 5, 0],
			"scale": [0.75, 0.75, 0.75]
		},
		"head": {
			"translation": [0, 20.5, 0],
			"scale": [2.7, 2.7, 2.7]
		},
		"fixed": {
			"rotation": [0, 90, 0],
			"translation": [0, 8.5, 0]
		}
	}
}
