{
	"credit": "Made with Blockbench",
	"texture_size": [64, 64],
	"textures": {
		"1": "block/altar_table"
	},
	"elements": [
		{
			"from": [2, -2, 2],
			"to": [14, 4, 14],
			"rotation": {"angle": 0, "axis": "y", "origin": [8, 0, 8]},
			"faces": {
				"north": {"uv": [8.5, 0, 11.5, 1.5], "texture": "#1"},
				"east": {"uv": [8.5, 1.5, 11.5, 3], "texture": "#1"},
				"south": {"uv": [8.5, 3, 11.5, 4.5], "texture": "#1"},
				"west": {"uv": [8.5, 4.5, 11.5, 6], "texture": "#1"},
				"up": {"uv": [7.5, 11, 4.5, 8], "texture": "#1"},
				"down": {"uv": [10.5, 8, 7.5, 11], "texture": "#1"}
			}
		},
		{
			"from": [3, 4, 3],
			"to": [13, 6, 13],
			"rotation": {"angle": 0, "axis": "y", "origin": [8, 0, 8]},
			"faces": {
				"north": {"uv": [12, 9.75, 14.5, 10.25], "texture": "#1"},
				"east": {"uv": [12, 10.25, 14.5, 10.75], "texture": "#1"},
				"south": {"uv": [12, 10.75, 14.5, 11.25], "texture": "#1"},
				"west": {"uv": [12, 11.25, 14.5, 11.75], "texture": "#1"}
			}
		},
		{
			"from": [0, 9, 0],
			"to": [16, 12, 16],
			"rotation": {"angle": 0, "axis": "y", "origin": [8, 0, 8]},
			"faces": {
				"north": {"uv": [11.5, 0, 15.5, 0.75], "texture": "#1"},
				"east": {"uv": [11.5, 0.75, 15.5, 1.5], "texture": "#1"},
				"south": {"uv": [11.5, 1.5, 15.5, 2.25], "texture": "#1"},
				"west": {"uv": [11.5, 2.25, 15.5, 3], "texture": "#1"},
				"up": {"uv": [8.5, 4, 4.5, 0], "texture": "#1"}
			}
		},
		{
			"from": [0, 14, 0],
			"to": [16, 15, 16],
			"rotation": {"angle": 0, "axis": "y", "origin": [8, 3, 8]},
			"faces": {
				"north": {"uv": [12, 11.75, 16, 12], "texture": "#1"},
				"east": {"uv": [12, 12, 16, 12.25], "texture": "#1"},
				"south": {"uv": [12, 12.25, 16, 12.5], "texture": "#1"},
				"west": {"uv": [5.25, 12.5, 9.25, 12.75], "texture": "#1"},
				"up": {"uv": [8.5, 8, 4.5, 4], "texture": "#1"},
				"down": {"uv": [8.5, 8, 4.5, 4], "texture": "#1"}
			}
		},
		{
			"from": [4, 13, 4],
			"to": [12, 14, 12],
			"rotation": {"angle": 0, "axis": "y", "origin": [8, 2, 8]},
			"faces": {
				"north": {"uv": [12, 11.75, 14, 12], "texture": "#1"},
				"east": {"uv": [12, 12, 14, 12.25], "texture": "#1"},
				"south": {"uv": [12, 12.25, 14, 12.5], "texture": "#1"},
				"west": {"uv": [5.25, 12.5, 7.25, 12.75], "texture": "#1"},
				"up": {"uv": [4.5, 14.75, 2.5, 12.75], "texture": "#1"},
				"down": {"uv": [4.5, 14.75, 2.5, 12.75], "texture": "#1"}
			}
		},
		{
			"from": [-1, 6, -1],
			"to": [17, 9, 17],
			"rotation": {"angle": 0, "axis": "y", "origin": [8, 0, 8]},
			"faces": {
				"north": {"uv": [8.5, 6, 13, 6.75], "texture": "#1"},
				"east": {"uv": [8.5, 6.75, 13, 7.5], "texture": "#1"},
				"south": {"uv": [0, 9, 4.5, 9.75], "texture": "#1"},
				"west": {"uv": [0, 9.75, 4.5, 10.5], "texture": "#1"},
				"up": {"uv": [4.5, 4.5, 0, 0], "texture": "#1"},
				"down": {"uv": [4.5, 4.5, 0, 9], "texture": "#1"}
			}
		},
		{
			"from": [14, 10, -1],
			"to": [17, 13, 17],
			"rotation": {"angle": 0, "axis": "y", "origin": [8, 0, 8]},
			"faces": {
				"north": {"uv": [8.25, 11.75, 9, 12.5], "texture": "#1"},
				"east": {"uv": [0, 10.5, 4.5, 11.25], "texture": "#1"},
				"south": {"uv": [9, 11.75, 9.75, 12.5], "texture": "#1"},
				"west": {"uv": [10.5, 7.5, 15, 8.25], "texture": "#1"},
				"up": {"uv": [11.25, 12.75, 10.5, 8.25], "texture": "#1"},
				"down": {"uv": [5.25, 11, 4.5, 15.5], "texture": "#1"}
			}
		},
		{
			"from": [-1, 10, -1],
			"to": [2, 13, 17],
			"rotation": {"angle": 0, "axis": "y", "origin": [8, 0, 8]},
			"faces": {
				"north": {"uv": [3, 12, 3.75, 12.75], "texture": "#1"},
				"east": {"uv": [5.25, 11, 9.75, 11.75], "texture": "#1"},
				"south": {"uv": [3.75, 12, 4.5, 12.75], "texture": "#1"},
				"west": {"uv": [0, 11.25, 4.5, 12], "texture": "#1"},
				"up": {"uv": [10.5, 15.5, 9.75, 11], "texture": "#1"},
				"down": {"uv": [12, 8.25, 11.25, 12.75], "texture": "#1"}
			}
		},
		{
			"from": [2, 10, -1],
			"to": [14, 13, 2],
			"rotation": {"angle": 0, "axis": "y", "origin": [8, 0, 8]},
			"faces": {
				"north": {"uv": [11.5, 3, 14.5, 3.75], "texture": "#1"},
				"south": {"uv": [11.5, 3.75, 14.5, 4.5], "texture": "#1"},
				"up": {"uv": [14.5, 5.25, 11.5, 4.5], "texture": "#1"},
				"down": {"uv": [14.5, 5.25, 11.5, 6], "texture": "#1"}
			}
		},
		{
			"from": [2, 10, 14],
			"to": [14, 13, 17],
			"rotation": {"angle": 0, "axis": "y", "origin": [8, 0, 8]},
			"faces": {
				"north": {"uv": [5.25, 11.75, 8.25, 12.5], "texture": "#1"},
				"south": {"uv": [0, 12, 3, 12.75], "texture": "#1"},
				"up": {"uv": [15, 9, 12, 8.25], "texture": "#1"},
				"down": {"uv": [15, 9, 12, 9.75], "texture": "#1"}
			}
		}
	],
	"display": {
		"head": {
			"rotation": [-1, 0, 0],
			"translation": [0, -17, 0],
			"scale": [1.34, 1.34, 1.34]
		}
	}
}