{
	"credit": "Made with Blockbench",
	"texture_size": [64, 64],
	"textures": {
		"0": "block/altar_arms",
		"particle": "block/altar_arms"
	},
	"elements": [
		{
			"from": [-10, 3, -7],
			"to": [-6, 5, 9],
			"faces": {
				"north": {"uv": [5, 6, 6, 6.5], "texture": "#0"},
				"east": {"uv": [5, 2, 9, 2.5], "texture": "#0"},
				"south": {"uv": [6, 6, 7, 6.5], "texture": "#0"},
				"west": {"uv": [5, 2.5, 9, 3], "texture": "#0"},
				"up": {"uv": [5, 4, 4, 0], "texture": "#0"},
				"down": {"uv": [5, 4, 4, 8], "texture": "#0"}
			}
		},
		{
			"from": [-6, 3, -7],
			"to": [-3, 5, -3],
			"faces": {
				"north": {"uv": [7, 6, 7.75, 6.5], "texture": "#0"},
				"east": {"uv": [6.5, 4, 7.5, 4.5], "texture": "#0"},
				"south": {"uv": [7, 6.5, 7.75, 7], "texture": "#0"},
				"up": {"uv": [2.75, 5.75, 2, 4.75], "texture": "#0"},
				"down": {"uv": [3.5, 4.75, 2.75, 5.75], "texture": "#0"}
			}
		},
		{
			"from": [22, 3, -7],
			"to": [26, 5, 9],
			"rotation": {"angle": 0, "axis": "y", "origin": [16, 0, 0]},
			"faces": {
				"north": {"uv": [5, 6.5, 6, 7], "texture": "#0"},
				"east": {"uv": [5, 3, 9, 3.5], "texture": "#0"},
				"south": {"uv": [6.5, 5, 7.5, 5.5], "texture": "#0"},
				"west": {"uv": [5, 3.5, 9, 4], "texture": "#0"},
				"up": {"uv": [1, 8.75, 0, 4.75], "texture": "#0"},
				"down": {"uv": [2, 4.75, 1, 8.75], "texture": "#0"}
			}
		},
		{
			"from": [19, 3, -7],
			"to": [22, 5, -3],
			"rotation": {"angle": 0, "axis": "y", "origin": [16, 0, 0]},
			"faces": {
				"north": {"uv": [7, 7, 7.75, 7.5], "texture": "#0"},
				"south": {"uv": [2, 7.25, 2.75, 7.75], "texture": "#0"},
				"west": {"uv": [6.5, 4.5, 7.5, 5], "texture": "#0"},
				"up": {"uv": [5.75, 5, 5, 4], "texture": "#0"},
				"down": {"uv": [5.75, 5, 5, 6], "texture": "#0"}
			}
		},
		{
			"from": [-12, 9, -9],
			"to": [-8, 11, 10],
			"faces": {
				"north": {"uv": [5, 7, 6, 7.5], "texture": "#0"},
				"east": {"uv": [5, 1, 9.75, 1.5], "texture": "#0"},
				"south": {"uv": [6, 7, 7, 7.5], "texture": "#0"},
				"west": {"uv": [5, 1.5, 9.75, 2], "texture": "#0"},
				"up": {"uv": [3, 4.75, 2, 0], "texture": "#0"},
				"down": {"uv": [4, 0, 3, 4.75], "texture": "#0"}
			}
		},
		{
			"from": [24, 9, -9],
			"to": [28, 11, 10],
			"rotation": {"angle": 0, "axis": "y", "origin": [16, 0, 0]},
			"faces": {
				"north": {"uv": [2, 6.75, 3, 7.25], "texture": "#0"},
				"east": {"uv": [5, 0, 9.75, 0.5], "texture": "#0"},
				"south": {"uv": [3, 6.75, 4, 7.25], "texture": "#0"},
				"west": {"uv": [5, 0.5, 9.75, 1], "texture": "#0"},
				"up": {"uv": [1, 4.75, 0, 0], "texture": "#0"},
				"down": {"uv": [2, 0, 1, 4.75], "texture": "#0"}
			}
		},
		{
			"from": [-8, 9, -9],
			"to": [-5, 11, -5],
			"faces": {
				"north": {"uv": [7.5, 4.5, 8.25, 5], "texture": "#0"},
				"east": {"uv": [6, 6.5, 7, 7], "texture": "#0"},
				"south": {"uv": [5, 7.5, 5.75, 8], "texture": "#0"},
				"up": {"uv": [6.5, 5, 5.75, 4], "texture": "#0"},
				"down": {"uv": [6.5, 5, 5.75, 6], "texture": "#0"}
			}
		},
		{
			"from": [21, 9, -9],
			"to": [24, 11, -5],
			"rotation": {"angle": 0, "axis": "y", "origin": [16, 0, 0]},
			"faces": {
				"north": {"uv": [2.75, 7.25, 3.5, 7.75], "texture": "#0"},
				"south": {"uv": [7.5, 4, 8.25, 4.5], "texture": "#0"},
				"west": {"uv": [6.5, 5.5, 7.5, 6], "texture": "#0"},
				"up": {"uv": [2.75, 6.75, 2, 5.75], "texture": "#0"},
				"down": {"uv": [3.5, 5.75, 2.75, 6.75], "texture": "#0"}
			}
		}
	],
	"display": {
		"head": {
			"translation": [0, -10.25, 0],
			"scale": [1.66, 1.66, 1.66]
		}
	}
}