{
	"credit": "Made with Blockbench",
	"parent": "item/crossbow/bow_display",
	"texture_size": [64, 64],
	"textures": {
		"2": "item/basic_bow",
		"particle": "item/basic_bow"
	},
	"elements": [
		{
			"from": [10.6, 6, 7],
			"to": [12.6, 11, 9],
			"rotation": {"angle": 0, "axis": "y", "origin": [10.23902, 8.51667, 8]},
			"faces": {
				"north": {"uv": [2.25, 3, 2.75, 4.25], "texture": "#2"},
				"east": {"uv": [2.25, 4.25, 2.75, 5.5], "texture": "#2"},
				"south": {"uv": [4.25, 3.25, 4.75, 4.5], "texture": "#2"},
				"west": {"uv": [4.25, 4.5, 4.75, 5.75], "texture": "#2"},
				"up": {"uv": [3.75, 6.5, 3.25, 6], "texture": "#2"},
				"down": {"uv": [4.25, 6, 3.75, 6.5], "texture": "#2"}
			}
		},
		{
			"from": [9.6, 15, 7],
			"to": [12.6, 18, 9],
			"rotation": {"angle": 0, "axis": "y", "origin": [10.23902, 8.51667, 8]},
			"faces": {
				"north": {"uv": [3.25, 4.75, 4, 5.5], "texture": "#2"},
				"east": {"uv": [0.75, 5.75, 1.25, 6.5], "texture": "#2"},
				"south": {"uv": [4.75, 3.25, 5.5, 4], "texture": "#2"},
				"west": {"uv": [1.25, 5.75, 1.75, 6.5], "texture": "#2"},
				"up": {"uv": [6.5, 2, 5.75, 1.5], "texture": "#2"},
				"down": {"uv": [6.5, 2, 5.75, 2.5], "texture": "#2"}
			}
		},
		{
			"from": [9, 11.5, 6],
			"to": [11, 13.5, 10],
			"rotation": {"angle": 0, "axis": "y", "origin": [10.23902, 8.51667, 8]},
			"faces": {
				"north": {"uv": [6, 3.75, 6.5, 4.25], "texture": "#2"},
				"east": {"uv": [0.25, 5, 1.25, 5.5], "texture": "#2"},
				"south": {"uv": [6, 4.25, 6.5, 4.75], "texture": "#2"},
				"west": {"uv": [1.25, 5, 2.25, 5.5], "texture": "#2"},
				"up": {"uv": [5.75, 2, 5.25, 1], "texture": "#2"},
				"down": {"uv": [5.75, 2, 5.25, 3], "texture": "#2"}
			}
		},
		{
			"from": [8.41458, 10.98466, 6.5],
			"to": [12.41458, 11.98466, 9.5],
			"rotation": {"angle": -22.5, "axis": "z", "origin": [10.23902, 8.51667, 8]},
			"faces": {
				"north": {"uv": [6, 4.75, 7, 5], "texture": "#2"},
				"east": {"uv": [0.75, 6.5, 1.5, 6.75], "texture": "#2"},
				"south": {"uv": [6, 5, 7, 5.25], "texture": "#2"},
				"west": {"uv": [1.5, 6.5, 2.25, 6.75], "texture": "#2"},
				"up": {"uv": [4.25, 3.25, 3.25, 2.5], "texture": "#2"},
				"down": {"uv": [4.25, 3.25, 3.25, 4], "texture": "#2"}
			}
		},
		{
			"from": [1.37995, 16.34234, 7.5],
			"to": [9.37995, 18.34234, 8.5],
			"rotation": {"angle": -22.5, "axis": "z", "origin": [10.23902, 8.51667, 8]},
			"faces": {
				"north": {"uv": [0.25, 3, 2.25, 3.5], "texture": "#2"},
				"east": {"uv": [4, 4.75, 4.25, 5.25], "texture": "#2"},
				"south": {"uv": [3.25, 1, 5.25, 1.5], "texture": "#2"},
				"west": {"uv": [6.5, 2, 6.75, 2.5], "texture": "#2"},
				"up": {"uv": [7.25, 3.25, 5.25, 3], "texture": "#2"},
				"down": {"uv": [2.25, 5.5, 0.25, 5.75], "texture": "#2"}
			}
		},
		{
			"from": [7.58309, 11.64024, 7.5],
			"to": [9.58309, 15.64024, 8.5],
			"rotation": {"angle": -22.5, "axis": "z", "origin": [10.23902, 8.51667, 8]},
			"faces": {
				"north": {"uv": [2.75, 5.25, 3.25, 6.25], "texture": "#2"},
				"east": {"uv": [2.75, 3, 3, 4], "texture": "#2"},
				"south": {"uv": [2.25, 5.5, 2.75, 6.5], "texture": "#2"},
				"west": {"uv": [2.75, 4, 3, 5], "texture": "#2"},
				"down": {"uv": [7, 2.5, 6.5, 2.75], "texture": "#2"}
			}
		},
		{
			"from": [9, 3.5, 6],
			"to": [11, 5.5, 10],
			"rotation": {"angle": 0, "axis": "y", "origin": [10.23902, 8.51667, 8]},
			"faces": {
				"north": {"uv": [6, 5.25, 6.5, 5.75], "texture": "#2"},
				"east": {"uv": [3.25, 5.5, 4.25, 6], "texture": "#2"},
				"south": {"uv": [6, 5.75, 6.5, 6.25], "texture": "#2"},
				"west": {"uv": [5.5, 3.25, 6.5, 3.75], "texture": "#2"},
				"up": {"uv": [6, 4.75, 5.5, 3.75], "texture": "#2"},
				"down": {"uv": [5.25, 5.5, 4.75, 6.5], "texture": "#2"}
			}
		},
		{
			"from": [7.57033, 1.3623, 7.5],
			"to": [9.57033, 5.3623, 8.5],
			"rotation": {"angle": 22.5, "axis": "z", "origin": [10.23902, 8.51667, 8]},
			"faces": {
				"north": {"uv": [5.5, 4.75, 6, 5.75], "texture": "#2"},
				"east": {"uv": [2.75, 6.25, 3, 7.25], "texture": "#2"},
				"south": {"uv": [0.25, 5.75, 0.75, 6.75], "texture": "#2"},
				"west": {"uv": [3, 6.25, 3.25, 7.25], "texture": "#2"},
				"up": {"uv": [7, 3, 6.5, 2.75], "texture": "#2"}
			}
		},
		{
			"from": [9.6, -1, 7],
			"to": [12.6, 2, 9],
			"rotation": {"angle": 0, "axis": "y", "origin": [10.23902, 8.51667, 8]},
			"faces": {
				"north": {"uv": [4.75, 4, 5.5, 4.75], "texture": "#2"},
				"east": {"uv": [1.75, 5.75, 2.25, 6.5], "texture": "#2"},
				"south": {"uv": [4.75, 4.75, 5.5, 5.5], "texture": "#2"},
				"west": {"uv": [4.25, 5.75, 4.75, 6.5], "texture": "#2"},
				"up": {"uv": [6.5, 3, 5.75, 2.5], "texture": "#2"},
				"down": {"uv": [6, 5.75, 5.25, 6.25], "texture": "#2"}
			}
		},
		{
			"from": [5.9, -1.8, 8],
			"to": [6.9, 19.2, 8],
			"rotation": {"angle": 0, "axis": "y", "origin": [10.23902, 8.51667, 8]},
			"faces": {
				"north": {"uv": [0, 3, 0.25, 8.25], "texture": "#2"},
				"south": {"uv": [0, 3, 0.25, 8.25], "texture": "#2"}
			}
		},
		{
			"from": [1.36719, -1.3398, 7.5],
			"to": [9.36719, 0.6602, 8.5],
			"rotation": {"angle": 22.5, "axis": "z", "origin": [10.23902, 8.51667, 8]},
			"faces": {
				"north": {"uv": [3.25, 1.5, 5.25, 2], "texture": "#2"},
				"east": {"uv": [6.5, 3.25, 6.75, 3.75], "texture": "#2"},
				"south": {"uv": [3.25, 2, 5.25, 2.5], "texture": "#2"},
				"west": {"uv": [3.75, 6.5, 4, 7], "texture": "#2"},
				"up": {"uv": [7.75, 1.25, 5.75, 1], "texture": "#2"},
				"down": {"uv": [7.75, 1.25, 5.75, 1.5], "texture": "#2"}
			}
		},
		{
			"from": [8.40182, 5.01788, 6.5],
			"to": [12.40182, 6.01788, 9.5],
			"rotation": {"angle": 22.5, "axis": "z", "origin": [10.23902, 8.51667, 8]},
			"faces": {
				"north": {"uv": [5.25, 6.25, 6.25, 6.5], "texture": "#2"},
				"east": {"uv": [6.5, 1.5, 7.25, 1.75], "texture": "#2"},
				"south": {"uv": [6.25, 6.25, 7.25, 6.5], "texture": "#2"},
				"west": {"uv": [6.5, 1.75, 7.25, 2], "texture": "#2"},
				"up": {"uv": [1.25, 4.25, 0.25, 3.5], "texture": "#2"},
				"down": {"uv": [2.25, 3.5, 1.25, 4.25], "texture": "#2"}
			}
		}
	],
	"gui_light": "front",
	"display": {
		"thirdperson_righthand": {
			"rotation": [0, 90, 0],
			"translation": [-2.75, -2.25, 3.25],
			"scale": [0.75, 0.75, 0.75]
		},
		"thirdperson_lefthand": {
			"rotation": [0, -90, 0],
			"translation": [-2.75, -2.25, 3.25],
			"scale": [0.75, 0.75, 0.75]
		},
		"firstperson_righthand": {
			"rotation": [8, 90, 0],
			"translation": [-0.25, 6, 3.25],
			"scale": [0.49, 0.49, 0.49]
		},
		"firstperson_lefthand": {
			"rotation": [8, -90, 0],
			"translation": [-0.25, 6, 3.25],
			"scale": [0.49, 0.49, 0.49]
		},
		"ground": {
			"rotation": [-90, 0, 0],
			"translation": [-1, -1.25, 0],
			"scale": [0.53, 0.53, 0.53]
		},
		"gui": {
			"rotation": [-16, -7, -41],
			"scale": [0.85, 0.85, 0.85]
		}
	}
}