{
	"credit": "Made with Blockbench",
	"textures": {
		"0": "entity/chain_part",
		"particle": "entity/chain_part"
	},
	"elements": [
		{
			"from": [3, 2, 6],
			"to": [4, 4, 10],
			"rotation": {"angle": 0, "axis": "y", "origin": [6, 1, 8]},
			"faces": {
				"north": {"uv": [12, 4, 13, 6], "texture": "#0"},
				"east": {"uv": [0, 0, 4, 2], "texture": "#0"},
				"south": {"uv": [7, 12, 8, 14], "texture": "#0"},
				"west": {"uv": [0, 2, 4, 4], "texture": "#0"},
				"up": {"uv": [11, 10, 10, 6], "texture": "#0"},
				"down": {"uv": [9, 10, 8, 14], "texture": "#0"}
			}
		},
		{
			"from": [8, 2, 6],
			"to": [9, 4, 10],
			"rotation": {"angle": 0, "axis": "y", "origin": [6, 1, 8]},
			"faces": {
				"north": {"uv": [5, 13, 6, 15], "texture": "#0"},
				"east": {"uv": [0, 6, 4, 8], "texture": "#0"},
				"south": {"uv": [6, 13, 7, 15], "texture": "#0"},
				"west": {"uv": [4, 6, 8, 8], "texture": "#0"},
				"up": {"uv": [10, 15, 9, 11], "texture": "#0"},
				"down": {"uv": [11, 11, 10, 15], "texture": "#0"}
			}
		},
		{
			"from": [4, 2, 6],
			"to": [8, 4, 7],
			"rotation": {"angle": 0, "axis": "y", "origin": [6, 1, 8]},
			"faces": {
				"north": {"uv": [0, 4, 4, 6], "texture": "#0"},
				"east": {"uv": [12, 11, 13, 13], "texture": "#0"},
				"south": {"uv": [4, 0, 8, 2], "texture": "#0"},
				"west": {"uv": [3, 13, 4, 15], "texture": "#0"},
				"up": {"uv": [14, 3, 10, 2], "texture": "#0"},
				"down": {"uv": [14, 3, 10, 4], "texture": "#0"}
			}
		},
		{
			"from": [4, 2, 9],
			"to": [8, 4, 10],
			"rotation": {"angle": 0, "axis": "y", "origin": [6, 1, 8]},
			"faces": {
				"north": {"uv": [4, 2, 8, 4], "texture": "#0"},
				"east": {"uv": [4, 13, 5, 15], "texture": "#0"},
				"south": {"uv": [4, 4, 8, 6], "texture": "#0"},
				"west": {"uv": [13, 4, 14, 6], "texture": "#0"},
				"up": {"uv": [13, 11, 9, 10], "texture": "#0"},
				"down": {"uv": [15, 6, 11, 7], "texture": "#0"}
			}
		},
		{
			"from": [8, 4, 7],
			"to": [12, 5, 9],
			"rotation": {"angle": 0, "axis": "y", "origin": [6, 1, 8]},
			"faces": {
				"north": {"uv": [11, 9, 15, 10], "texture": "#0"},
				"east": {"uv": [14, 4, 16, 5], "texture": "#0"},
				"south": {"uv": [3, 12, 7, 13], "texture": "#0"},
				"west": {"uv": [14, 5, 16, 6], "texture": "#0"},
				"up": {"uv": [14, 2, 10, 0], "texture": "#0"},
				"down": {"uv": [6, 10, 2, 12], "texture": "#0"}
			}
		},
		{
			"from": [7, 1, 7],
			"to": [8, 5, 9],
			"rotation": {"angle": 0, "axis": "y", "origin": [6, 1, 8]},
			"faces": {
				"north": {"uv": [1, 12, 2, 16], "texture": "#0"},
				"east": {"uv": [6, 8, 8, 12], "texture": "#0"},
				"south": {"uv": [2, 12, 3, 16], "texture": "#0"},
				"west": {"uv": [8, 6, 10, 10], "texture": "#0"},
				"up": {"uv": [15, 2, 14, 0], "texture": "#0"},
				"down": {"uv": [15, 2, 14, 4], "texture": "#0"}
			}
		},
		{
			"from": [8, 1, 7],
			"to": [12, 2, 9],
			"rotation": {"angle": 0, "axis": "y", "origin": [6, 1, 8]},
			"faces": {
				"north": {"uv": [11, 7, 15, 8], "texture": "#0"},
				"east": {"uv": [13, 12, 15, 13], "texture": "#0"},
				"south": {"uv": [11, 8, 15, 9], "texture": "#0"},
				"west": {"uv": [13, 13, 15, 14], "texture": "#0"},
				"up": {"uv": [6, 10, 2, 8], "texture": "#0"},
				"down": {"uv": [12, 4, 8, 6], "texture": "#0"}
			}
		},
		{
			"from": [12, 1, 7],
			"to": [13, 5, 9],
			"rotation": {"angle": 0, "axis": "y", "origin": [6, 1, 8]},
			"faces": {
				"north": {"uv": [11, 11, 12, 15], "texture": "#0"},
				"east": {"uv": [0, 8, 2, 12], "texture": "#0"},
				"south": {"uv": [0, 12, 1, 16], "texture": "#0"},
				"west": {"uv": [8, 0, 10, 4], "texture": "#0"},
				"up": {"uv": [14, 12, 13, 10], "texture": "#0"},
				"down": {"uv": [13, 13, 12, 15], "texture": "#0"}
			}
		}
	],
	"display": {
		"head": {
			"rotation": [0, -90, 0],
			"translation": [0, 4, 0],
			"scale": [1.77475, 1.77475, 1.77475]
		}
	}
}