{
	"parent": "item/generated",
    "textures": {
        "layer0": "item/crossbow_standby"
    },
	"display": {
        "thirdperson_righthand": {
            "rotation": [ -90, 0, -60 ],
            "translation": [ 2, 0.1, -3 ],
            "scale": [ 0.9, 0.9, 0.9 ]
        },
        "thirdperson_lefthand": {
            "rotation": [ -90, 0, 30 ],
            "translation": [ 2, 0.1, -3 ],
            "scale": [ 0.9, 0.9, 0.9 ]
        },
        "firstperson_righthand": {
            "rotation": [ -90, 0, -55 ],
            "translation": [ 1.13, 3.2, 1.13],
            "scale": [ 0.68, 0.68, 0.68 ]
        },
        "firstperson_lefthand": {
            "rotation": [ -90, 0, 35 ],
            "translation": [ 1.13, 3.2, 1.13],
            "scale": [ 0.68, 0.68, 0.68 ]
        }
    },
	"overrides": [
        { "predicate": {"pulling": 1 }, "model": "item/crossbow_pulling_0" },
        { "predicate": {"pulling": 1, "pull": 0.65 }, "model": "item/crossbow_pulling_1" },
        { "predicate": {"pulling": 1, "pull": 0.9 }, "model": "item/crossbow_pulling_2" },

		{ "predicate": { "custom_model_data": 1 }, "model": "item/crossbow/crossbow" },
		{ "predicate": { "custom_model_data": 1, "pulling": 1 }, "model": "item/crossbow/pulling0" },
		{ "predicate": { "custom_model_data": 1, "charged": 1 }, "model": "item/crossbow/loaded_arrow" },
		{ "predicate": { "custom_model_data": 1, "pulling": 1, "pull": 0.2 }, "model": "item/crossbow/pulling1" },
		{ "predicate": { "custom_model_data": 1, "pulling": 1, "pull": 0.3 }, "model": "item/crossbow/pulling2" },
		{ "predicate": { "custom_model_data": 1, "pulling": 1, "pull": 0.4 }, "model": "item/crossbow/pulling3" },
		{ "predicate": { "custom_model_data": 1, "pulling": 1, "pull": 0.60 }, "model": "item/crossbow/pulling4" },
		{ "predicate": { "custom_model_data": 1, "pulling": 1, "pull": 0.75 }, "model": "item/crossbow/pulling5" },
		{ "predicate": { "custom_model_data": 1, "pulling": 1, "pull": 0.80 }, "model": "item/crossbow/pulling6" },
		{ "predicate": { "custom_model_data": 1, "pulling": 1, "pull": 0.85 }, "model": "item/crossbow/pulling7" },
		{ "predicate": { "custom_model_data": 1, "pulling": 1, "pull": 0.90 }, "model": "item/crossbow/pulling8" },
		{ "predicate": { "custom_model_data": 1, "pulling": 1, "pull": 0.95 }, "model": "item/crossbow/pulling9" }
	]
}