{
	"credit": "Made with Blockbench",
	"texture_size": [64, 64],
	"textures": {
		"0": "item/iron_sword",
		"particle": "item/iron_sword"
	},
	"elements": [
		{
			"from": [7, -10, 7],
			"to": [9, -2, 9],
			"rotation": {"angle": 0, "axis": "y", "origin": [7, -10, 7]},
			"faces": {
				"north": {"uv": [3.5, 2.25, 4, 4.25], "texture": "#0"},
				"east": {"uv": [2.5, 3.5, 3, 5.5], "texture": "#0"},
				"south": {"uv": [3, 3.5, 3.5, 5.5], "texture": "#0"},
				"west": {"uv": [4, 2.25, 4.5, 4.25], "texture": "#0"}
			}
		},
		{
			"from": [5.5, -2, 6.5],
			"to": [10.5, 2, 9.5],
			"rotation": {"angle": 0, "axis": "y", "origin": [7, -2, 7]},
			"faces": {
				"north": {"uv": [1.25, 3.5, 2.5, 4.5], "texture": "#0"},
				"east": {"uv": [0, 4.75, 0.75, 5.75], "texture": "#0"},
				"south": {"uv": [3.5, 1.25, 4.75, 2.25], "texture": "#0"},
				"west": {"uv": [4.75, 0, 5.5, 1], "texture": "#0"},
				"up": {"uv": [5.75, 3, 4.5, 2.25], "texture": "#0"},
				"down": {"uv": [5.75, 3, 4.5, 3.75], "texture": "#0"}
			}
		},
		{
			"from": [6, -5, 6.5],
			"to": [10, -3, 9.5],
			"rotation": {"angle": 0, "axis": "y", "origin": [7, -2, 7]},
			"faces": {
				"north": {"uv": [4.75, 1.75, 5.75, 2.25], "texture": "#0"},
				"east": {"uv": [6.5, 2.5, 7.25, 3], "texture": "#0"},
				"south": {"uv": [0, 6.5, 1, 7], "texture": "#0"},
				"west": {"uv": [6.5, 3, 7.25, 3.5], "texture": "#0"},
				"up": {"uv": [5.75, 1.75, 4.75, 1], "texture": "#0"},
				"down": {"uv": [5.75, 3.75, 4.75, 4.5], "texture": "#0"}
			}
		},
		{
			"from": [10, -5, 6.5],
			"to": [12, -4, 9.5],
			"rotation": {"angle": 0, "axis": "y", "origin": [7, -2, 7]},
			"faces": {
				"north": {"uv": [7, 6.75, 7.5, 7], "texture": "#0"},
				"east": {"uv": [7, 4, 7.75, 4.25], "texture": "#0"},
				"south": {"uv": [7, 7, 7.5, 7.25], "texture": "#0"},
				"west": {"uv": [7, 4.25, 7.75, 4.5], "texture": "#0"},
				"up": {"uv": [1.25, 5.5, 0.75, 4.75], "texture": "#0"},
				"down": {"uv": [7, 3.5, 6.5, 4.25], "texture": "#0"}
			}
		},
		{
			"from": [4, -5, 6.5],
			"to": [6, -4, 9.5],
			"rotation": {"angle": 0, "axis": "y", "origin": [7, -2, 7]},
			"faces": {
				"north": {"uv": [7.25, 2.5, 7.75, 2.75], "texture": "#0"},
				"east": {"uv": [7, 4.5, 7.75, 4.75], "texture": "#0"},
				"south": {"uv": [7.25, 2.75, 7.75, 3], "texture": "#0"},
				"west": {"uv": [7, 4.75, 7.75, 5], "texture": "#0"},
				"up": {"uv": [7, 5, 6.5, 4.25], "texture": "#0"},
				"down": {"uv": [7, 5, 6.5, 5.75], "texture": "#0"}
			}
		},
		{
			"from": [1, -3.5, 6.5],
			"to": [4, -0.5, 9.5],
			"rotation": {"angle": -22.5, "axis": "z", "origin": [7, -2, 6.5]},
			"faces": {
				"north": {"uv": [0, 5.75, 0.75, 6.5], "texture": "#0"},
				"east": {"uv": [5.75, 1.5, 6.5, 2.25], "texture": "#0"},
				"south": {"uv": [5.75, 2.25, 6.5, 3], "texture": "#0"},
				"west": {"uv": [5.75, 3, 6.5, 3.75], "texture": "#0"},
				"up": {"uv": [6.5, 4.5, 5.75, 3.75], "texture": "#0"},
				"down": {"uv": [6.5, 4.5, 5.75, 5.25], "texture": "#0"}
			}
		},
		{
			"from": [1, -5.5, 6.5],
			"to": [2, -3.5, 9.5],
			"rotation": {"angle": -22.5, "axis": "z", "origin": [7, -2, 6.5]},
			"faces": {
				"north": {"uv": [3.25, 6.25, 3.5, 6.75], "texture": "#0"},
				"east": {"uv": [6.75, 0.75, 7.5, 1.25], "texture": "#0"},
				"south": {"uv": [7.25, 3, 7.5, 3.5], "texture": "#0"},
				"west": {"uv": [3.25, 6.75, 4, 7.25], "texture": "#0"},
				"up": {"uv": [4.5, 6.75, 4.25, 6], "texture": "#0"},
				"down": {"uv": [3.25, 7, 3, 7.75], "texture": "#0"}
			}
		},
		{
			"from": [14, -5.5, 6.5],
			"to": [15, -3.5, 9.5],
			"rotation": {"angle": 22.5, "axis": "z", "origin": [9, -2, 6.5]},
			"faces": {
				"north": {"uv": [3.25, 7.25, 3.5, 7.75], "texture": "#0"},
				"east": {"uv": [4.75, 6.75, 5.5, 7.25], "texture": "#0"},
				"south": {"uv": [3.5, 7.25, 3.75, 7.75], "texture": "#0"},
				"west": {"uv": [5.5, 6.75, 6.25, 7.25], "texture": "#0"},
				"up": {"uv": [7.25, 5.75, 7, 5], "texture": "#0"},
				"down": {"uv": [7.25, 6, 7, 6.75], "texture": "#0"}
			}
		},
		{
			"from": [12, -3.5, 6.5],
			"to": [15, -0.5, 9.5],
			"rotation": {"angle": 22.5, "axis": "z", "origin": [9, -2, 6.5]},
			"faces": {
				"north": {"uv": [5.75, 5.25, 6.5, 6], "texture": "#0"},
				"east": {"uv": [3.5, 6, 4.25, 6.75], "texture": "#0"},
				"south": {"uv": [4.75, 6, 5.5, 6.75], "texture": "#0"},
				"west": {"uv": [5.5, 6, 6.25, 6.75], "texture": "#0"},
				"up": {"uv": [3.25, 7, 2.5, 6.25], "texture": "#0"},
				"down": {"uv": [7, 6, 6.25, 6.75], "texture": "#0"}
			}
		},
		{
			"from": [4.5, 1, 7.5],
			"to": [11.5, 15, 8.5],
			"rotation": {"angle": 0, "axis": "y", "origin": [6.5, -3, 6]},
			"faces": {
				"north": {"uv": [0, 0, 1.75, 3.5], "texture": "#0"},
				"east": {"uv": [2.25, 4.5, 2.5, 8], "texture": "#0"},
				"south": {"uv": [1.75, 0, 0, 3.5], "texture": "#0"},
				"west": {"uv": [4.5, 3.75, 4.75, 7.25], "texture": "#0"},
				"up": {"uv": [8.25, 0.75, 6.5, 0.5], "texture": "#0"}
			}
		},
		{
			"from": [3.5, 10, 8],
			"to": [4.5, 15, 8],
			"rotation": {"angle": 0, "axis": "y", "origin": [-0.5, -3, 6.5]},
			"faces": {
				"north": {"uv": [2, 6.5, 2.25, 7.75], "texture": "#0"},
				"east": {"uv": [0, 0, 0, 1.25], "texture": "#0"},
				"south": {"uv": [6.75, 6.75, 7, 8], "texture": "#0"},
				"west": {"uv": [0, 0, 0, 1.25], "texture": "#0"},
				"up": {"uv": [0.25, 0, 0, 0], "texture": "#0"}
			}
		},
		{
			"from": [11.5, 10, 8],
			"to": [12.5, 15, 8],
			"rotation": {"angle": 0, "axis": "y", "origin": [7.5, -3, 6.5]},
			"faces": {
				"north": {"uv": [0, 7, 0.25, 8.25], "texture": "#0"},
				"east": {"uv": [0, 0, 0, 1.25], "texture": "#0"},
				"south": {"uv": [0.25, 7, 0.5, 8.25], "texture": "#0"},
				"west": {"uv": [0, 0, 0, 1.25], "texture": "#0"},
				"up": {"uv": [0.25, 0, 0, 0], "texture": "#0"}
			}
		},
		{
			"from": [4.98, 12.73, 7.48],
			"to": [10.02, 17.77, 8.52],
			"rotation": {"angle": 45, "axis": "z", "origin": [8, 15.75, 7.5]},
			"faces": {
				"north": {"uv": [0, 3.5, 1.25, 4.75], "texture": "#0"},
				"east": {"uv": [0.5, 7, 0.75, 8.25], "texture": "#0"},
				"south": {"uv": [1.25, 3.5, 0, 4.75], "texture": "#0"},
				"up": {"uv": [7.75, 6, 6.5, 5.75], "texture": "#0"}
			}
		},
		{
			"from": [2.8, -2.5, 7],
			"to": [6.8, 0.5, 9],
			"rotation": {"angle": 22.5, "axis": "z", "origin": [3.8, -1.5, 7.5]},
			"faces": {
				"north": {"uv": [4.75, 4.5, 5.75, 5.25], "texture": "#0"},
				"south": {"uv": [3.5, 5.25, 4.5, 6], "texture": "#0"},
				"west": {"uv": [4, 6.75, 4.5, 7.5], "texture": "#0"},
				"up": {"uv": [7.5, 0.5, 6.5, 0], "texture": "#0"},
				"down": {"uv": [2, 6.5, 1, 7], "texture": "#0"}
			}
		},
		{
			"from": [9.2, -2.5, 7],
			"to": [13.2, 0.5, 9],
			"rotation": {"angle": -22.5, "axis": "z", "origin": [12.2, -1.5, 7.5]},
			"faces": {
				"north": {"uv": [4.75, 5.25, 5.75, 6], "texture": "#0"},
				"east": {"uv": [6.25, 6.75, 6.75, 7.5], "texture": "#0"},
				"south": {"uv": [5.5, 0, 6.5, 0.75], "texture": "#0"},
				"up": {"uv": [7.5, 2, 6.5, 1.5], "texture": "#0"},
				"down": {"uv": [7.5, 2, 6.5, 2.5], "texture": "#0"}
			}
		},
		{
			"from": [6, -14, 6.5],
			"to": [10, -10, 9.5],
			"rotation": {"angle": 0, "axis": "y", "origin": [7, -16, 7.5]},
			"faces": {
				"north": {"uv": [3.5, 4.25, 4.5, 5.25], "texture": "#0"},
				"east": {"uv": [0.75, 5.5, 1.5, 6.5], "texture": "#0"},
				"south": {"uv": [1.25, 4.5, 2.25, 5.5], "texture": "#0"},
				"west": {"uv": [1.5, 5.5, 2.25, 6.5], "texture": "#0"},
				"up": {"uv": [3.5, 6.25, 2.5, 5.5], "texture": "#0"},
				"down": {"uv": [6.75, 0.75, 5.75, 1.5], "texture": "#0"}
			}
		},
		{
			"from": [7, -13, 7.5],
			"to": [9, -11, 6.5],
			"rotation": {"angle": 0, "axis": "y", "origin": [7, -16, 4.5]},
			"faces": {
				"north": {"uv": [1, 7, 1.5, 7.5], "texture": "#0"},
				"east": {"uv": [3.75, 7.25, 4, 7.75], "texture": "#0"},
				"west": {"uv": [4.5, 7.25, 4.75, 7.75], "texture": "#0"},
				"up": {"uv": [5.25, 7.5, 4.75, 7.25], "texture": "#0"},
				"down": {"uv": [7.75, 5, 7.25, 5.25], "texture": "#0"}
			}
		},
		{
			"from": [7, -13, 9.5],
			"to": [9, -11, 8.5],
			"rotation": {"angle": 0, "axis": "y", "origin": [9, -16, 11.5]},
			"faces": {
				"east": {"uv": [5.25, 7.25, 5.5, 7.75], "texture": "#0"},
				"south": {"uv": [7, 3.5, 7.5, 4], "texture": "#0"},
				"west": {"uv": [7.25, 5.25, 7.5, 5.75], "texture": "#0"},
				"up": {"uv": [6, 7.5, 5.5, 7.25], "texture": "#0"},
				"down": {"uv": [7.75, 6, 7.25, 6.25], "texture": "#0"}
			}
		}
	],
	"display": {
		"thirdperson_righthand": {
			"rotation": [66, -90, 55],
			"translation": [0, 7.25, 3.25],
			"scale": [0.62, 0.62, 0.62]
		},
		"thirdperson_lefthand": {
			"rotation": [66, -90, 55],
			"translation": [0, 7.25, 3.25],
			"scale": [0.62, 0.62, 0.62]
		},
		"firstperson_righthand": {
			"rotation": [53, -90, 55],
			"translation": [0, 7.75, 3.25],
			"scale": [0.44, 0.44, 0.44]
		},
		"firstperson_lefthand": {
			"rotation": [53, -90, 55],
			"translation": [0, 7.75, 3.25],
			"scale": [0.44, 0.44, 0.44]
		},
		"ground": {
			"rotation": [-90, 0, 0],
			"translation": [0, -1.5, -3.5],
			"scale": [0.57, 0.57, 0.57]
		},
		"gui": {
			"rotation": [-21, -17, -46],
			"translation": [3.5, 3.5, 0],
			"scale": [0.72, 0.72, 0.72]
		}
	}
}