{
	"credit": "Wackyblockium",
	"textures": {
		"0": "item/page_turn_deactivated",
		"particle": "item/page_turn_deactivated"
	},
	"elements": [
		{
			"name": "page_turn_0",
			"from": [-0.79999, -1.8, 6.6],
			"to": [4.80001, 17.8, 9.4],
			"rotation": {"angle": 0, "axis": "y", "origin": [17.40001, 19.2, 6.6]},
			"faces": {
				"north": {"uv": [13, 15, 9, 1], "rotation": 180, "texture": "#0"},
				"east": {"uv": [10, 1, 9, 15], "texture": "#0"},
				"south": {"uv": [13, 1, 9, 15], "texture": "#0"},
				"west": {"uv": [13, 1, 12, 15], "texture": "#0"},
				"up": {"uv": [9, 1, 13, 2], "rotation": 180, "texture": "#0"},
				"down": {"uv": [13, 14, 9, 15], "texture": "#0"}
			}
		},
		{
			"name": "page_turn_1",
			"from": [4.80001, -0.4, 6.6],
			"to": [6.20001, 16.4, 9.4],
			"rotation": {"angle": 0, "axis": "y", "origin": [17.40001, 19.2, 6.6]},
			"faces": {
				"north": {"uv": [9, 14, 8, 2], "rotation": 180, "texture": "#0"},
				"east": {"uv": [9, 2, 8, 14], "texture": "#0"},
				"south": {"uv": [9, 2, 8, 14], "texture": "#0"},
				"west": {"uv": [9, 2, 8, 14], "texture": "#0"},
				"up": {"uv": [8, 2, 9, 3], "rotation": 180, "texture": "#0"},
				"down": {"uv": [9, 13, 8, 14], "texture": "#0"}
			}
		},
		{
			"name": "page_turn_2",
			"from": [6.20001, 1, 6.6],
			"to": [7.60001, 15, 9.4],
			"rotation": {"angle": 0, "axis": "y", "origin": [17.40001, 19.2, 6.6]},
			"faces": {
				"north": {"uv": [8, 13, 7, 3], "rotation": 180, "texture": "#0"},
				"east": {"uv": [8, 3, 7, 13], "texture": "#0"},
				"south": {"uv": [8, 3, 7, 13], "texture": "#0"},
				"west": {"uv": [8, 3, 7, 13], "texture": "#0"},
				"up": {"uv": [7, 3, 8, 4], "rotation": 180, "texture": "#0"},
				"down": {"uv": [8, 12, 7, 13], "texture": "#0"}
			}
		},
		{
			"name": "page_turn_3",
			"from": [7.60001, 2.4, 6.6],
			"to": [9.00001, 13.6, 9.4],
			"rotation": {"angle": 0, "axis": "y", "origin": [17.40001, 19.2, 6.6]},
			"faces": {
				"north": {"uv": [7, 12, 6, 4], "rotation": 180, "texture": "#0"},
				"east": {"uv": [7, 4, 6, 12], "texture": "#0"},
				"south": {"uv": [7, 4, 6, 12], "texture": "#0"},
				"west": {"uv": [7, 4, 6, 12], "texture": "#0"},
				"up": {"uv": [6, 4, 7, 5], "rotation": 180, "texture": "#0"},
				"down": {"uv": [7, 11, 6, 12], "texture": "#0"}
			}
		},
		{
			"name": "page_turn_4",
			"from": [9.00001, 3.8, 6.6],
			"to": [10.40001, 12.2, 9.4],
			"rotation": {"angle": 0, "axis": "y", "origin": [17.40001, 19.2, 6.6]},
			"faces": {
				"north": {"uv": [6, 11, 5, 5], "rotation": 180, "texture": "#0"},
				"east": {"uv": [6, 5, 5, 11], "texture": "#0"},
				"south": {"uv": [6, 5, 5, 11], "texture": "#0"},
				"west": {"uv": [6, 5, 5, 11], "texture": "#0"},
				"up": {"uv": [5, 5, 6, 6], "rotation": 180, "texture": "#0"},
				"down": {"uv": [6, 10, 5, 11], "texture": "#0"}
			}
		},
		{
			"name": "page_turn_5",
			"from": [10.40001, 5.2, 6.6],
			"to": [11.80001, 10.8, 9.4],
			"rotation": {"angle": 0, "axis": "y", "origin": [17.40001, 19.2, 6.6]},
			"faces": {
				"north": {"uv": [5, 10, 4, 6], "rotation": 180, "texture": "#0"},
				"east": {"uv": [5, 6, 4, 10], "texture": "#0"},
				"south": {"uv": [5, 6, 4, 10], "texture": "#0"},
				"west": {"uv": [5, 6, 4, 10], "texture": "#0"},
				"up": {"uv": [4, 6, 5, 7], "rotation": 180, "texture": "#0"},
				"down": {"uv": [5, 9, 4, 10], "texture": "#0"}
			}
		},
		{
			"name": "page_turn_6",
			"from": [11.80001, 6.6, 6.6],
			"to": [13.20001, 9.4, 9.4],
			"rotation": {"angle": 0, "axis": "y", "origin": [17.40001, 19.2, 6.6]},
			"faces": {
				"north": {"uv": [4, 9, 3, 7], "rotation": 180, "texture": "#0"},
				"east": {"uv": [4, 7, 3, 9], "texture": "#0"},
				"south": {"uv": [4, 7, 3, 9], "texture": "#0"},
				"west": {"uv": [4, 7, 3, 9], "texture": "#0"},
				"up": {"uv": [3, 7, 4, 8], "rotation": 180, "texture": "#0"},
				"down": {"uv": [4, 8, 3, 9], "texture": "#0"}
			}
		}
	],
	"groups": [
		{
			"name": "page_turn",
			"origin": [8, 8, 8],
			"color": 0,
			"children": [0, 1, 2, 3, 4, 5, 6]
		}
	]
}