{
	"credit": "Made with Blockbench",
	"texture_size": [32, 32],
	"textures": {
		"2": "item/potion2",
		"particle": "item/potion2"
	},
	"elements": [
		{
			"from": [6.5, 11, 6.5],
			"to": [9.5, 13, 9.5],
			"rotation": {"angle": 0, "axis": "y", "origin": [7.5, 11, 6.5]},
			"faces": {
				"north": {"uv": [2, 8.5, 3.5, 9.5], "texture": "#2"},
				"east": {"uv": [8.5, 3, 10, 4], "texture": "#2"},
				"south": {"uv": [3.5, 8.5, 5, 9.5], "texture": "#2"},
				"west": {"uv": [8.5, 4, 10, 5], "texture": "#2"},
				"up": {"uv": [8, 9, 6.5, 7.5], "texture": "#2"},
				"down": {"uv": [9.5, 7.5, 8, 9], "texture": "#2"}
			}
		},
		{
			"from": [7, 10, 7],
			"to": [9, 11, 9],
			"rotation": {"angle": 0, "axis": "y", "origin": [7, 8, 6]},
			"faces": {
				"north": {"uv": [7.5, 3, 8.5, 3.5], "texture": "#2"},
				"east": {"uv": [8.5, 7, 9.5, 7.5], "texture": "#2"},
				"south": {"uv": [9, 1, 10, 1.5], "texture": "#2"},
				"west": {"uv": [9, 1.5, 10, 2], "texture": "#2"},
				"up": {"uv": [6, 9.5, 5, 8.5], "texture": "#2"},
				"down": {"uv": [9.5, 5, 8.5, 6], "texture": "#2"}
			}
		},
		{
			"from": [7, 13, 7],
			"to": [9, 14, 9],
			"rotation": {"angle": 0, "axis": "y", "origin": [7, 11, 6]},
			"faces": {
				"north": {"uv": [9, 2, 10, 2.5], "texture": "#2"},
				"east": {"uv": [9, 2.5, 10, 3], "texture": "#2"},
				"south": {"uv": [6, 9, 7, 9.5], "texture": "#2"},
				"west": {"uv": [7, 9, 8, 9.5], "texture": "#2"},
				"up": {"uv": [9.5, 7, 8.5, 6], "texture": "#2"},
				"down": {"uv": [10, 0, 9, 1], "texture": "#2"}
			}
		},
		{
			"from": [6, 0, 6],
			"to": [10, 10, 10],
			"rotation": {"angle": 0, "axis": "y", "origin": [7, 2, 6]},
			"faces": {
				"north": {"uv": [0, 0, 2, 5], "texture": "#2"},
				"east": {"uv": [2, 0, 4, 5], "texture": "#2"},
				"south": {"uv": [4, 0, 6, 5], "texture": "#2"},
				"west": {"uv": [0, 5, 2, 10], "texture": "#2"},
				"up": {"uv": [8.5, 5.5, 6.5, 3.5], "texture": "#2"},
				"down": {"uv": [8.5, 5.5, 6.5, 7.5], "texture": "#2"}
			}
		},
		{
			"from": [6.5, 0.5, 6.5],
			"to": [9.5, 7.5, 9.5],
			"rotation": {"angle": 0, "axis": "y", "origin": [7.5, 2.5, 6.5]},
			"faces": {
				"north": {"uv": [2, 5, 3.5, 8.5], "texture": "#2"},
				"east": {"uv": [3.5, 5, 5, 8.5], "texture": "#2"},
				"south": {"uv": [5, 5, 6.5, 8.5], "texture": "#2"},
				"west": {"uv": [6, 0, 7.5, 3.5], "texture": "#2"},
				"up": {"uv": [9, 1.5, 7.5, 0], "texture": "#2"},
				"down": {"uv": [9, 1.5, 7.5, 3], "texture": "#2"}
			}
		}
	],
	"gui_light": "front",
	"display": {
		"thirdperson_righthand": {
			"rotation": [33, 19, 0],
			"translation": [-0.75, 1, 0.5],
			"scale": [0.67, 0.67, 0.67]
		},
		"thirdperson_lefthand": {
			"rotation": [33, 19, 0],
			"translation": [-0.75, 1, 0.5],
			"scale": [0.67, 0.67, 0.67]
		},
		"firstperson_righthand": {
			"rotation": [-16, -83, 0],
			"translation": [2, 5.25, 0],
			"scale": [0.73, 0.73, 0.73]
		},
		"firstperson_lefthand": {
			"rotation": [-16, -83, 0],
			"translation": [2, 5.25, 0],
			"scale": [0.73, 0.73, 0.73]
		},
		"ground": {
			"translation": [0, 3, 0],
			"scale": [0.73, 0.73, 0.73]
		},
		"gui": {
			"rotation": [30, 225, 44],
			"translation": [0.5, 1.25, 0]
		},
		"head": {
			"rotation": [0, 180, 0],
			"translation": [0, 13, 7]
		},
		"fixed": {
			"scale": [0.5, 0.5, 0.5]
		}
	}
}