{
	"credit": "Made with Blockbench",
	"texture_size": [64, 64],
	"textures": {
		"0": "item/shield_item",
		"particle": "item/shield_item"
	},
	"elements": [
		{
			"from": [0.08333, 1, 11.5],
			"to": [16.08333, 15, 12.5],
			"rotation": {"angle": 0, "axis": "y", "origin": [1.08333, 0, 11.5]},
			"faces": {
				"north": {"uv": [7, 4, 3.5, 0], "rotation": 90, "texture": "#0"},
				"east": {"uv": [7.75, 7, 4.25, 6.75], "rotation": 270, "texture": "#0"},
				"south": {"uv": [3.5, 4, 0, 0], "rotation": 270, "texture": "#0"},
				"west": {"uv": [10.5, 0, 7, 0.25], "rotation": 270, "texture": "#0"},
				"up": {"uv": [4, 10.5, 3.75, 6.5], "rotation": 270, "texture": "#0"},
				"down": {"uv": [4.25, 10.75, 4, 6.75], "rotation": 270, "texture": "#0"}
			}
		},
		{
			"from": [6.08333, 4, 4.5],
			"to": [9.08333, 11, 11.5],
			"rotation": {"angle": 0, "axis": "y", "origin": [1.08333, 0, 11.5]},
			"faces": {
				"north": {"uv": [6, 6.75, 4, 6], "rotation": 90, "texture": "#0"},
				"east": {"uv": [2, 5.75, 0, 4], "rotation": 270, "texture": "#0"},
				"south": {"uv": [4, 6.5, 2, 5.75], "rotation": 270, "texture": "#0"},
				"west": {"uv": [4, 4, 2, 5.75], "rotation": 270, "texture": "#0"},
				"up": {"uv": [7.75, 6.75, 6, 6], "rotation": 270, "texture": "#0"},
				"down": {"uv": [3.75, 7.25, 2, 6.5], "rotation": 270, "texture": "#0"}
			}
		},
		{
			"from": [0.08333, 1, 12.5],
			"to": [2.08333, 15, 13.5],
			"rotation": {"angle": 0, "axis": "y", "origin": [1.08333, 0, 11.5]},
			"faces": {
				"north": {"uv": [7.5, 5, 4, 4.5], "rotation": 90, "texture": "#0"},
				"east": {"uv": [10.5, 0.5, 7, 0.25], "rotation": 270, "texture": "#0"},
				"south": {"uv": [7.5, 4.5, 4, 4], "rotation": 270, "texture": "#0"},
				"west": {"uv": [10.5, 0.5, 7, 0.75], "rotation": 270, "texture": "#0"},
				"up": {"uv": [7.25, 1.75, 7, 1.25], "rotation": 270, "texture": "#0"},
				"down": {"uv": [7.25, 2.25, 7, 1.75], "rotation": 270, "texture": "#0"}
			}
		},
		{
			"from": [14.08333, 1, 12.5],
			"to": [16.08333, 15, 13.5],
			"rotation": {"angle": 0, "axis": "y", "origin": [1.08333, 0, 11.5]},
			"faces": {
				"north": {"uv": [7.5, 6, 4, 5.5], "rotation": 90, "texture": "#0"},
				"east": {"uv": [10.5, 1, 7, 0.75], "rotation": 270, "texture": "#0"},
				"south": {"uv": [7.5, 5.5, 4, 5], "rotation": 270, "texture": "#0"},
				"west": {"uv": [10.5, 1, 7, 1.25], "rotation": 270, "texture": "#0"},
				"up": {"uv": [7.25, 2.75, 7, 2.25], "rotation": 270, "texture": "#0"},
				"down": {"uv": [7.25, 3.25, 7, 2.75], "rotation": 270, "texture": "#0"}
			}
		},
		{
			"from": [2.08333, 13, 12.5],
			"to": [14.08333, 15, 13.5],
			"rotation": {"angle": 0, "axis": "y", "origin": [1.08333, 0, 11.5]},
			"faces": {
				"north": {"uv": [1, 8.75, 0.5, 5.75], "rotation": 90, "texture": "#0"},
				"east": {"uv": [7.5, 3.5, 7, 3.25], "rotation": 270, "texture": "#0"},
				"south": {"uv": [0.5, 8.75, 0, 5.75], "rotation": 270, "texture": "#0"},
				"west": {"uv": [7.5, 3.5, 7, 3.75], "rotation": 270, "texture": "#0"},
				"up": {"uv": [4.5, 10, 4.25, 7], "rotation": 270, "texture": "#0"},
				"down": {"uv": [4.75, 10, 4.5, 7], "rotation": 270, "texture": "#0"}
			}
		},
		{
			"from": [2.08333, 1, 12.5],
			"to": [14.08333, 3, 13.5],
			"rotation": {"angle": 0, "axis": "y", "origin": [1.08333, 0, 11.5]},
			"faces": {
				"north": {"uv": [2, 8.75, 1.5, 5.75], "rotation": 90, "texture": "#0"},
				"east": {"uv": [7.5, 4, 7, 3.75], "rotation": 270, "texture": "#0"},
				"south": {"uv": [1.5, 8.75, 1, 5.75], "rotation": 270, "texture": "#0"},
				"west": {"uv": [5.75, 7, 5.25, 7.25], "rotation": 270, "texture": "#0"},
				"up": {"uv": [5, 10, 4.75, 7], "rotation": 270, "texture": "#0"},
				"down": {"uv": [5.25, 10, 5, 7], "rotation": 270, "texture": "#0"}
			}
		}
	],
	"gui_light": "front",
	"overrides": [
		{
			"predicate": {
				"blocking": 1
			},
			"model": "item/shield_blocking"
		}
	],
	"display": {
		"thirdperson_righthand": {
			"rotation": [0, 90, 0],
			"translation": [0, -1.5, 4.25],
			"scale": [0.85, 0.85, 0.85]
		},
		"thirdperson_lefthand": {
			"rotation": [0, 90, 0],
			"translation": [0, -1.5, 4.25],
			"scale": [0.85, 0.85, 0.85]
		},
		"firstperson_righthand": {
			"rotation": [-22, 123, -1],
			"translation": [5.25, -7, -6.25],
			"scale": [1.29, 1.29, 1.29]
		},
		"firstperson_lefthand": {
			"rotation": [-22, 123, -1],
			"translation": [5.5, -7, -6.25],
			"scale": [1.29, 1.29, 1.29]
		},
		"ground": {
			"rotation": [-47, 0, 0],
			"translation": [0, -1.25, 0],
			"scale": [0.55, 0.55, 0.55]
		},
		"gui": {
			"rotation": [1, 56, -9],
			"translation": [-2.25, 0.5, 0],
			"scale": [0.85, 0.85, 0.85]
		},
		"fixed": {
			"rotation": [0, 180, 0],
			"translation": [-2, 4, -5],
			"scale": [0.5, 0.5, 0.5]
		}
	}
}