{
	"credit": "Made with Blockbench",
	"texture_size": [32, 32],
	"textures": {
		"2": "item/stone_axe",
		"particle": "item/stone_axe"
	},
	"elements": [
		{
			"from": [7, -10, 6.41377],
			"to": [9, 11, 8.41377],
			"rotation": {"angle": 0, "axis": "y", "origin": [9, -9, 8.41377]},
			"faces": {
				"north": {"uv": [0, 0, 1, 10.5], "texture": "#2"},
				"east": {"uv": [1, 0, 2, 10.5], "texture": "#2"},
				"south": {"uv": [2, 0, 3, 10.5], "texture": "#2"},
				"west": {"uv": [3, 0, 4, 10.5], "texture": "#2"},
				"up": {"uv": [4, 13, 5, 14], "texture": "#2"}
			}
		},
		{
			"from": [6.5, 6, 4.91377],
			"to": [9.5, 9, 9.91377],
			"rotation": {"angle": 0, "axis": "y", "origin": [9, 6, 8.41377]},
			"faces": {
				"north": {"uv": [11.5, 2.5, 13, 4], "texture": "#2"},
				"east": {"uv": [7, 9.5, 9.5, 11], "texture": "#2"},
				"south": {"uv": [4, 11.5, 5.5, 13], "texture": "#2"},
				"west": {"uv": [9.5, 9.5, 12, 11], "texture": "#2"},
				"up": {"uv": [11.5, 2.5, 10, 0], "texture": "#2"},
				"down": {"uv": [11.5, 2.5, 10, 5], "texture": "#2"}
			}
		},
		{
			"from": [6.5, 3, 5.41377],
			"to": [9.5, 5, 9.41377],
			"rotation": {"angle": 0, "axis": "y", "origin": [9, 6, 8.41377]},
			"faces": {
				"north": {"uv": [12.5, 0, 14, 1], "texture": "#2"},
				"east": {"uv": [11.5, 5.5, 13.5, 6.5], "texture": "#2"},
				"south": {"uv": [12.5, 1, 14, 2], "texture": "#2"},
				"west": {"uv": [11.5, 6.5, 13.5, 7.5], "texture": "#2"},
				"up": {"uv": [11.5, 9.5, 10, 7.5], "texture": "#2"},
				"down": {"uv": [3, 10.5, 1.5, 12.5], "texture": "#2"}
			}
		},
		{
			"from": [6.5, -9, 5.91377],
			"to": [9.5, 0, 8.91377],
			"rotation": {"angle": 0, "axis": "y", "origin": [9, -1, 8.91377]},
			"faces": {
				"north": {"uv": [4, 7, 5.5, 11.5], "texture": "#2"},
				"east": {"uv": [7, 5, 8.5, 9.5], "texture": "#2"},
				"south": {"uv": [5.5, 7, 7, 11.5], "texture": "#2"},
				"west": {"uv": [8.5, 5, 10, 9.5], "texture": "#2"},
				"up": {"uv": [13, 5.5, 11.5, 4], "texture": "#2"},
				"down": {"uv": [7, 11.5, 5.5, 13], "texture": "#2"}
			}
		},
		{
			"from": [7, 5, -1.08623],
			"to": [9, 10, 4.91377],
			"rotation": {"angle": 0, "axis": "z", "origin": [8, 7.10105, 1.41085]},
			"faces": {
				"north": {"uv": [11, 11, 12, 13.5], "texture": "#2"},
				"east": {"uv": [7, 0, 10, 2.5], "texture": "#2"},
				"west": {"uv": [7, 2.5, 10, 5], "texture": "#2"},
				"up": {"uv": [4, 13.5, 3, 10.5], "texture": "#2"},
				"down": {"uv": [8, 11, 7, 14], "texture": "#2"}
			}
		},
		{
			"from": [7, 5, 9.91377],
			"to": [9, 10, 12.91377],
			"rotation": {"angle": 0, "axis": "z", "origin": [8, 7.10105, 12.41085]},
			"faces": {
				"north": {"uv": [11.5, 0, 12.5, 2.5], "texture": "#2"},
				"east": {"uv": [10, 5, 11.5, 7.5], "texture": "#2"},
				"south": {"uv": [14, 0, 15, 2.5], "texture": "#2"},
				"west": {"uv": [0, 10.5, 1.5, 13], "texture": "#2"},
				"up": {"uv": [13.5, 13, 12.5, 11.5], "texture": "#2"},
				"down": {"uv": [13, 2, 14, 3.5], "texture": "#2"}
			}
		},
		{
			"from": [7.5, -0.01284, -1.2757],
			"to": [8.5, 5.98716, 4.7243],
			"rotation": {"angle": -22.5, "axis": "x", "origin": [8, 5.96984, 1.30043]},
			"faces": {
				"north": {"uv": [12, 9.5, 12.5, 13], "texture": "#2"},
				"east": {"uv": [4, 0, 7, 3.5], "texture": "#2"},
				"west": {"uv": [4, 3.5, 7, 7], "texture": "#2"},
				"up": {"uv": [2, 15.5, 1.5, 12.5], "texture": "#2"},
				"down": {"uv": [2.5, 12.5, 2, 15.5], "texture": "#2"}
			}
		},
		{
			"from": [6.5, -12, 5.41377],
			"to": [9.5, -10, 9.41377],
			"rotation": {"angle": 0, "axis": "y", "origin": [8.5, -16, 8.41377]},
			"faces": {
				"north": {"uv": [12.5, 9.5, 14, 10.5], "texture": "#2"},
				"east": {"uv": [11.5, 7.5, 13.5, 8.5], "texture": "#2"},
				"south": {"uv": [12.5, 10.5, 14, 11.5], "texture": "#2"},
				"west": {"uv": [11.5, 8.5, 13.5, 9.5], "texture": "#2"},
				"up": {"uv": [9.5, 13, 8, 11], "texture": "#2"},
				"down": {"uv": [11, 11, 9.5, 13], "texture": "#2"}
			}
		}
	],
	"display": {
		"thirdperson_righthand": {
			"translation": [0, 8, 2.5],
			"scale": [0.7, 0.7, 0.7]
		},
		"thirdperson_lefthand": {
			"translation": [0, 8, 2.5],
			"scale": [0.7, 0.7, 0.7]
		},
		"firstperson_righthand": {
			"rotation": [0, 14, 0],
			"translation": [0, 8, 2.5],
			"scale": [0.7, 0.7, 0.7]
		},
		"firstperson_lefthand": {
			"rotation": [0, 14, 0],
			"translation": [0.75, 8, 2.5],
			"scale": [0.7, 0.7, 0.7]
		},
		"ground": {
			"rotation": [0, 0, 90],
			"translation": [-3.5, -1.25, 0],
			"scale": [0.43, 0.43, 0.43]
		},
		"gui": {
			"rotation": [45, 225, 47],
			"translation": [1.75, 5.25, 0],
			"scale": [0.66, 0.66, 0.66]
		},
		"head": {
			"translation": [0, 7.5, 0]
		},
		"fixed": {
			"scale": [0.5, 0.5, 0.5]
		}
	}
}