{
	"parent": "item/generated",
    "textures": {
        "layer0": "item/sugar"
    },
    "overrides": [
        { "predicate": {"custom_model_data": 1}, "model": "item/altar_table"},
        { "predicate": {"custom_model_data": 2}, "model": "item/altar_arms"},

        { "predicate": {"custom_model_data": 51}, "model": "entity/purple_goo_puddle"},
        { "predicate": {"custom_model_data": 52}, "model": "entity/green_goo_puddle"},


        { "predicate": {"custom_model_data": 100}, "model": "entity/loot_chest"},
        { "predicate": {"custom_model_data": 101}, "model": "item/lever_handle"},
        { "predicate": {"custom_model_data": 102}, "model": "entity/loot_chest_iron"},
        { "predicate": {"custom_model_data": 103}, "model": "entity/loot_chest_gold"},
		
		{ "predicate": {"custom_model_data": 201}, "model": "speech_bubble/loot_chest"},
		{ "predicate": {"custom_model_data": 202}, "model": "speech_bubble/upgrade_station"},
		{ "predicate": {"custom_model_data": 203}, "model": "speech_bubble/mob_spawner"},
		{ "predicate": {"custom_model_data": 204}, "model": "speech_bubble/gremlin"}
        
    ]
}