{
	"model": {
		"type": "range_dispatch",
		"entries": [
			{
				"model": { "type": "model", "model": "ut:head/sans" },
				"threshold": 1.0
			},
			{
				"model": { "type": "model", "model": "ut:head/papyrus" },
				"threshold": 2.0
			},
			{
				"model": { "type": "model", "model": "ut:head/undyne" },
				"threshold": 3.0
			},
			{
				"model": { "type": "model", "model": "ut:head/frisk" },
				"threshold": 4.0
			},
			{
				"model": { "type": "model", "model": "ut:head/flowey" },
				"threshold": 5.0
			},
			{
				"model": { "type": "model", "model": "ut:head/mettaton" },
				"threshold": 6.0
			},
			{
				"model": { "type": "model", "model": "ut:head/muffet" },
				"threshold": 7.0
			},
			{
				"model": { "type": "model", "model": "ut:head/chara" },
				"threshold": 8.0
			},
			{
				"model": { "type": "model", "model": "ut:head/toriel" },
				"threshold": 9.0
			},
			{
				"model": { "type": "model", "model": "ut:head/asgore" },
				"threshold": 10.0
			},
			{
				"model": { "type": "model", "model": "ut:head/asriel" },
				"threshold": 11.0
			},
			{
				"model": { "type": "model", "model": "ut:head/tobyfox" },
				"threshold": 12.0
			},
			{
				"model": { "type": "model", "model": "ut:head/alphys" },
				"threshold": 13.0
			},
			{
				"model": { "type": "model", "model": "ut:head/napstablook" },
				"threshold": 14.0
			},
			{
				"model": { "type": "model", "model": "ut:head/maddummy" },
				"threshold": 15.0
			},
			{
				"model": { "type": "model", "model": "ut:head/mettatonex" },
				"threshold": 16.0
			},
			{
				"model": { "type": "model", "model": "ut:head/sans" },
				"threshold": 17.0
			},
			{
				"model": { "type": "model", "model": "ut:head/papyrus" },
				"threshold": 18.0
			},
			{
				"model": { "type": "model", "model": "ut:head/undyne" },
				"threshold": 19.0
			},
			{
				"model": { "type": "model", "model": "ut:head/frisk" },
				"threshold": 20.0
			},
			{
				"model": { "type": "model", "model": "ut:head/flowey" },
				"threshold": 21.0
			},
			{
				"model": { "type": "model", "model": "ut:head/mettaton" },
				"threshold": 22.0
			},
			{
				"model": { "type": "model", "model": "ut:head/muffet" },
				"threshold": 23.0
			},
			{
				"model": { "type": "model", "model": "ut:head/default" },
				"threshold": 24.0
			},
			{
				"model": { "type": "model", "model": "ut:head/toriel" },
				"threshold": 25.0
			},
			{
				"model": { "type": "model", "model": "ut:head/asgore" },
				"threshold": 26.0
			},
			{
				"model": { "type": "model", "model": "ut:head/asriel" },
				"threshold": 27.0
			},
			{
				"model": { "type": "model", "model": "ut:head/tobyfox" },
				"threshold": 28.0
			},
			{
				"model": { "type": "model", "model": "ut:head/alphys" },
				"threshold": 29.0
			},
			{
				"model": { "type": "model", "model": "ut:head/napstablook" },
				"threshold": 30.0
			},
			{
				"model": { "type": "model", "model": "ut:head/maddummy" },
				"threshold": 31.0
			},
			{
				"model": { "type": "model", "model": "ut:head/mettatonex" },
				"threshold": 32.0
			},
			{
				"model": { "type": "model", "model": "ut:head/undyne_armor" },
				"threshold": 103.0
			},
			{
				"model": { "type": "model", "model": "ut:head/toriel_tpose" },
				"threshold": 300.0
			}
		],
		"property": "custom_model_data",
		"fallback": {
			"type": "model",
			"model": "item/nether_brick"
		}
	}
}
