{
	"model": {
		"type": "range_dispatch",
		"entries": [
			{
				"model": {
					"type": "model",
					"model": "ut:item/move/character/alphys/syringe/1"
				},
				"threshold": 12.0
			},
			{
				"model": {
					"type": "model",
					"model": "ut:item/move/character/alphys/syringe/2"
				},
				"threshold": 24.0
			},
			{
				"model": {
					"type": "model",
					"model": "ut:item/move/character/alphys/syringe/3"
				},
				"threshold": 36.0
			},
			{
				"model": {
					"type": "model",
					"model": "ut:item/move/character/alphys/syringe/4"
				},
				"threshold": 48.0
			},
			{
				"model": {
					"type": "model",
					"model": "ut:item/move/character/alphys/syringe/prj"
				},
				"threshold": 99.0
			}
		],
		"property": "custom_model_data",
		"fallback": {
			"type": "model",
			"model": "ut:item/move/character/alphys/syringe/0"
		}
	}
}
