{
	"pools": [
		{
			"rolls": 1,
			"entries": [
				{
					"type": "minecraft:item",
					"name": "minecraft:warped_fungus_on_a_stick",
					"functions": [
						{
							"function": "minecraft:set_components",
							"components": {
								"minecraft:unbreakable": {
									"show_in_tooltip": false
								}
							}
						},
						{
							"function": "minecraft:set_custom_model_data",
							"value": 1
						},
						{
							"function": "minecraft:set_name",
							"entity": "this",
							"name": {
								"translate": "item.backpack",
								"fallback": "Backpack",
								"bold": false,
								"italic": false
							}
						},
						{
							"function": "minecraft:set_lore",
							"entity": "this",
							"lore": [
								{
									"text": "",
									"color": "white",
									"bold": false,
									"italic": false,
									"extra": [
										{
											"translate": "item.backpack.lore",
											"fallback": "Left: ",
											"with": [
												{
													"text": "\uF000",
													"color": "white",
													"font": "focal:backpack"
												}
											],
											"color": "red"
										},
										{
											"text": "27/27",
											"color": "gray"
										}
									]
								}
							],
							"mode": "replace_all"
						},
						{
							"function": "minecraft:set_custom_data",
							"tag": "{FocalData:{id:\"backpack\",data:{StoreItems:[]}}}"
						}
					]
				}
			]
		}
	]
}
