{
    "providers": [
	{
            "type": "bitmap",
            "file": "minecraft:screen/powder_snow_outline.png",
            "ascent": 40,
            "height": 90,
            "chars": ["\uE000"]
        },
	{
            "type": "bitmap",
            "file": "minecraft:screen/powder_snow_outline_2.png",
            "ascent": 40,
            "height": 90,
            "chars": ["\uE001"]
        },
	{
            "type": "bitmap",
            "file": "minecraft:screen/powder_snow_outline_3.png",
            "ascent": 40,
            "height": 90,
            "chars": ["\uE002"]
        },
	{
            "type": "bitmap",
            "file": "minecraft:screen/powder_snow_outline_4.png",
            "ascent": 40,
            "height": 90,
            "chars": ["\uE003"]
        },
	{
            "type": "bitmap",
            "file": "minecraft:screen/darkness_outline.png",
            "ascent": 40,
            "height": 90,
            "chars": ["\uE004"]
        },
	{
            "type": "bitmap",
            "file": "minecraft:screen/sealed_outline.png",
            "ascent": 40,
            "height": 90,
            "chars": ["\uE005"]
        }
    ]
}