{
    "sources": [
        {
            "type": "paletted_permutations",
            "textures": [


                "trims/models/armor/dlc0_pf0",
                "trims/models/armor/dlc0_pf0_leggings",
                "trims/models/armor/dlc0_pf1",
                "trims/models/armor/dlc0_pf1_leggings",
                "trims/models/armor/dlc0_pf2",
                "trims/models/armor/dlc0_pf2_leggings",
                "trims/models/armor/dlc0_pf3",
                "trims/models/armor/dlc0_pf3_leggings",
                "trims/models/armor/dlc0_pf4",
                "trims/models/armor/dlc0_pf4_leggings",
                "trims/models/armor/dlc0_pf5",
                "trims/models/armor/dlc0_pf5_leggings",
                "trims/models/armor/dlc0_pf6",
                "trims/models/armor/dlc0_pf6_leggings",
                "trims/models/armor/dlc0_pf7",
                "trims/models/armor/dlc0_pf7_leggings",
                "trims/models/armor/dlc0_pf8",
                "trims/models/armor/dlc0_pf8_leggings",
                "trims/models/armor/dlc0_pf9",
                "trims/models/armor/dlc0_pf9_leggings",
                "trims/models/armor/dlc0_pf10",
                "trims/models/armor/dlc0_pf10_leggings",
                "trims/models/armor/dlc0_pf11",
                "trims/models/armor/dlc0_pf11_leggings",
                "trims/models/armor/dlc0_pf12",
                "trims/models/armor/dlc0_pf12_leggings",
                "trims/models/armor/dlc0_pf13",
                "trims/models/armor/dlc0_pf13_leggings",
                "trims/models/armor/dlc0_pf14",
                "trims/models/armor/dlc0_pf14_leggings",
                "trims/models/armor/dlc0_pf15",
                "trims/models/armor/dlc0_pf15_leggings",
                "trims/models/armor/dlc0_pf16",
                "trims/models/armor/dlc0_pf16_leggings",
                "trims/models/armor/dlc0_pf17",
                "trims/models/armor/dlc0_pf17_leggings",
                "trims/models/armor/dlc0_pf18",
                "trims/models/armor/dlc0_pf18_leggings",
                "trims/models/armor/dlc0_pf19",
                "trims/models/armor/dlc0_pf19_leggings",
                "trims/models/armor/dlc0_pf20",
                "trims/models/armor/dlc0_pf20_leggings",
                "trims/models/armor/dlc0_pf21",
                "trims/models/armor/dlc0_pf21_leggings",
                "trims/models/armor/dlc0_pf22",
                "trims/models/armor/dlc0_pf22_leggings",
                "trims/models/armor/dlc0_pf23",
                "trims/models/armor/dlc0_pf23_leggings",
                "trims/models/armor/dlc0_pf24",
                "trims/models/armor/dlc0_pf24_leggings",
                "trims/models/armor/dlc0_pf25",
                "trims/models/armor/dlc0_pf25_leggings",
                "trims/models/armor/dlc0_pf26",
                "trims/models/armor/dlc0_pf26_leggings",
                "trims/models/armor/dlc0_pf27",
                "trims/models/armor/dlc0_pf27_leggings",
                "trims/models/armor/dlc0_pf28",
                "trims/models/armor/dlc0_pf28_leggings",


                "trims/models/armor/dlc0_pf91",
                "trims/models/armor/dlc0_pf91_leggings",



//////////////////////
                
                "trims/models/armor/coast",
                "trims/models/armor/coast_leggings",
                "trims/models/armor/sentry",
                "trims/models/armor/sentry_leggings",
                "trims/models/armor/dune",
                "trims/models/armor/dune_leggings",
                "trims/models/armor/wild",
                "trims/models/armor/wild_leggings",
                "trims/models/armor/ward",
                "trims/models/armor/ward_leggings",
                "trims/models/armor/eye",
                "trims/models/armor/eye_leggings",
                "trims/models/armor/vex",
                "trims/models/armor/vex_leggings",
                "trims/models/armor/tide",
                "trims/models/armor/tide_leggings",
                "trims/models/armor/snout",
                "trims/models/armor/snout_leggings",
                "trims/models/armor/rib",
                "trims/models/armor/rib_leggings",
                "trims/models/armor/spire",
                "trims/models/armor/spire_leggings",
                "trims/models/armor/wayfinder",
                "trims/models/armor/wayfinder_leggings",
                "trims/models/armor/shaper",
                "trims/models/armor/shaper_leggings",
                "trims/models/armor/silence",
                "trims/models/armor/silence_leggings",
                "trims/models/armor/raiser",
                "trims/models/armor/raiser_leggings",
                "trims/models/armor/host",
                "trims/models/armor/host_leggings",
                "trims/models/armor/flow",
                "trims/models/armor/flow_leggings",
                "trims/models/armor/bolt",
                "trims/models/armor/bolt_leggings"
            ],
            "palette_key": "trims/color_palettes/trim_palette",
            "permutations": {
                "quartz": "trims/color_palettes/quartz",
                "iron": "trims/color_palettes/iron",
                "gold": "trims/color_palettes/gold",
                "diamond": "trims/color_palettes/diamond",
                "netherite": "trims/color_palettes/netherite",
                "redstone": "trims/color_palettes/redstone",
                "copper": "trims/color_palettes/copper",
                "emerald": "trims/color_palettes/emerald",
                "lapis": "trims/color_palettes/lapis",
                "amethyst": "trims/color_palettes/amethyst",
                "iron_darker": "trims/color_palettes/iron_darker",
                "gold_darker": "trims/color_palettes/gold_darker",
                "diamond_darker": "trims/color_palettes/diamond_darker",
                "netherite_darker": "trims/color_palettes/netherite_darker"
            }
        }
    ]
}