{
	"credit": "Made with Blockbench",
	"textures": {
		"0": "item/real_knife",
		"particle": "item/real_knife"
	},
	"elements": [
		{
			"from": [4.5, -1, 6.5],
			"to": [11.5, 1, 9.5],
			"faces": {
				"north": {"uv": [9, 14, 16, 16], "texture": "#0"},
				"east": {"uv": [6, 14, 9, 16], "texture": "#0"},
				"south": {"uv": [9, 14, 16, 16], "texture": "#0"},
				"west": {"uv": [9, 14, 12, 16], "texture": "#0"},
				"up": {"uv": [7, 10, 14, 13], "texture": "#0"},
				"down": {"uv": [9, 13, 16, 16], "texture": "#0"}
			}
		},
		{
			"from": [6.5, -5, 7],
			"to": [9.5, -1, 9],
			"faces": {
				"north": {"uv": [11, 12, 14, 16], "texture": "#0"},
				"east": {"uv": [6, 12, 8, 16], "texture": "#0"},
				"south": {"uv": [13, 12, 16, 16], "texture": "#0"},
				"west": {"uv": [11, 12, 13, 16], "texture": "#0"},
				"up": {"uv": [13, 14, 16, 16], "texture": "#0"},
				"down": {"uv": [13, 14, 16, 16], "texture": "#0"}
			}
		},
		{
			"from": [6, 1, 7],
			"to": [9, 9, 9],
			"faces": {
				"north": {"uv": [2, 0, 5, 8], "texture": "#0"},
				"east": {"uv": [1, 0, 3, 8], "texture": "#0"},
				"south": {"uv": [5, 0, 8, 8], "texture": "#0"},
				"west": {"uv": [3, 0, 5, 8], "texture": "#0"},
				"up": {"uv": [7, 1, 10, 3], "texture": "#0"},
				"down": {"uv": [0, 0, 3, 2], "texture": "#0"}
			}
		},
		{
			"from": [6, 9, 7.5],
			"to": [9, 12, 8.5],
			"faces": {
				"north": {"uv": [0, 0, 3, 3], "texture": "#0"},
				"east": {"uv": [0, 0, 1, 3], "texture": "#0"},
				"south": {"uv": [7, 0, 10, 3], "texture": "#0"},
				"west": {"uv": [0, 0, 1, 3], "texture": "#0"},
				"up": {"uv": [0, 0, 3, 1], "texture": "#0"},
				"down": {"uv": [0, 0, 3, 1], "texture": "#0"}
			}
		},
		{
			"from": [9, 1, 7.5],
			"to": [10, 9, 8.5],
			"faces": {
				"north": {"uv": [0, 0, 1, 8], "texture": "#0"},
				"east": {"uv": [0, 0, 1, 8], "texture": "#0"},
				"south": {"uv": [0, 0, 1, 8], "texture": "#0"},
				"west": {"uv": [0, 0, 1, 8], "texture": "#0"},
				"up": {"uv": [0, 0, 1, 1], "texture": "#0"},
				"down": {"uv": [0, 0, 1, 1], "texture": "#0"}
			}
		}
	],
	"display": {
		"thirdperson_righthand": {
			"rotation": [-180, -90, 0],
			"translation": [0, -0.75, -0.25],
			"scale": [0, 0, 0]
		},
		"thirdperson_lefthand": {
			"rotation": [-180, -90, 0],
			"translation": [0, -0.75, -0.25],
			"scale": [0, 0, 0]
		},
		"firstperson_righthand": {
			"rotation": [-172, -102, 0],
			"translation": [1, 0.5, 0.25],
			"scale": [0, 0, 0]
		},
		"firstperson_lefthand": {
			"rotation": [-172, -102, 0],
			"translation": [1, 0.5, 0.25],
			"scale": [0, 0, 0]
		},
		"ground": {
			"rotation": [90, 0, 0],
			"translation": [0, -2, 6]
		},
		"gui": {
			"rotation": [0, 150, -55],
			"translation": [-3.25, 2.75, 0]
		},
		"head": {
			"rotation": [-90, 90, 0],
			"translation": [0, -5, -14.25],
			"scale": [2.1, 2.1, 2.1]
		},
		"fixed": {
			"translation": [0, 4.25, 0]
		}
	}
}