{
	"credit": "Made with Blockbench",
	"texture_size": [32, 32],
	"elements": [
		{
			"from": [5, 0, 5],
			"to": [11, 8, 9],
			"rotation": { "angle": 0, "axis": "y", "origin": [7, 0, 6] },
			"faces": {
				"north": { "uv": [0, 0, 3, 4], "texture": "#layer0" },
				"east": { "uv": [0, 4, 2, 8], "texture": "#layer0" },
				"south": { "uv": [3, 0, 6, 4], "texture": "#layer0" },
				"west": { "uv": [2, 4, 4, 8], "texture": "#layer0" },
				"up": { "uv": [7, 6, 4, 4], "texture": "#layer0" },
				"down": { "uv": [9, 0, 6, 2], "texture": "#layer0" }
			}
		},
		{
			"from": [4, 0, 5],
			"to": [5, 5, 9],
			"rotation": { "angle": 0, "axis": "y", "origin": [6, 0, 6] },
			"faces": {
				"north": { "uv": [0, 8, 0.5, 10.5], "texture": "#layer0" },
				"south": { "uv": [0.5, 8, 1, 10.5], "texture": "#layer0" },
				"west": { "uv": [4, 6, 6, 8.5], "texture": "#layer0" },
				"up": { "uv": [3.5, 10, 3, 8], "texture": "#layer0" },
				"down": { "uv": [4, 8, 3.5, 10], "texture": "#layer0" }
			}
		},
		{
			"from": [11, 0, 5],
			"to": [12, 5, 9],
			"rotation": { "angle": 0, "axis": "y", "origin": [13, 0, 6] },
			"faces": {
				"north": { "uv": [1, 8, 1.5, 10.5], "texture": "#layer0" },
				"east": { "uv": [6, 6, 8, 8.5], "texture": "#layer0" },
				"south": { "uv": [1.5, 8, 2, 10.5], "texture": "#layer0" },
				"up": { "uv": [8.5, 7, 8, 5], "texture": "#layer0" },
				"down": { "uv": [8.5, 7, 8, 9], "texture": "#layer0" }
			}
		},
		{
			"from": [5, 0, 9],
			"to": [11, 4, 10],
			"rotation": { "angle": 0, "axis": "y", "origin": [7, 0, 10] },
			"faces": {
				"east": { "uv": [2, 8, 2.5, 10], "texture": "#layer0" },
				"south": { "uv": [6, 2, 9, 4], "texture": "#layer0" },
				"west": { "uv": [2.5, 8, 3, 10], "texture": "#layer0" },
				"up": { "uv": [10, 4.5, 7, 4], "texture": "#layer0" },
				"down": { "uv": [10, 4.5, 7, 5], "texture": "#layer0" }
			}
		},
		{
			"from": [7, 4.5, 8.5],
			"to": [9, 6.5, 9.5],
			"rotation": { "angle": 0, "axis": "y", "origin": [7, 2.5, 9.5] },
			"faces": {
				"east": { "uv": [4, 8.5, 4.5, 9.5], "texture": "#layer0" },
				"south": { "uv": [7, 5, 8, 6], "texture": "#layer0" },
				"west": { "uv": [4.5, 8.5, 5, 9.5], "texture": "#layer0" },
				"up": { "uv": [6, 9, 5, 8.5], "texture": "#layer0" },
				"down": { "uv": [9.5, 5, 8.5, 5.5], "texture": "#layer0" }
			}
		}
	],
	"display": {
		"thirdperson_righthand": {
			"rotation": [-100, 0, -180],
			"translation": [-5.5, 3, 5.25]
		},
		"thirdperson_lefthand": {
			"rotation": [-100, 0, -180],
			"translation": [-5.5, 3, 5.25]
		},
		"firstperson_righthand": {
			"rotation": [-10, 0, 0],
			"translation": [-9, 4, 0]
		},
		"firstperson_lefthand": {
			"rotation": [-10, 0, 0],
			"translation": [-9, 4, 0]
		},
		"ground": {
			"rotation": [-90, 0, 0],
			"translation": [0, 0, -4]
		},
		"gui": {
			"rotation": [30, -29, 0],
			"translation": [-0.25, 4, 0],
			"scale": [1.3, 1.3, 1.3]
		},
		"head": {
			"translation": [0, -7.75, 8.25],
			"scale": [1.8, 1.8, 1.8]
		},
		"fixed": {
			"rotation": [0, 180, 0],
			"translation": [0, 7, 0],
			"scale": [1.7, 1.7, 1.7]
		}
	}
}
