{
    "parent": "item/generated",
    "display": {
        "thirdperson_righthand": {
            "rotation": [ 0, 0, 0 ],
            "translation": [ 0, 2.7, 0.5 ],
            "scale": [ 0.5, 0.5, 0.5 ]
        },
        "thirdperson_lefthand": {
            "rotation": [ 0, 0, 0 ],
            "translation": [ 0, 2.7, 0.5 ],
            "scale": [ 0.5, 0.5, 0.5 ]
        },
        "firstperson_righthand": {
            "rotation": [ 5, -85, 25 ],
            "translation": [ 1.13, 3.0, 1.13 ],
            "scale": [ 0.65, 0.65, 0.65 ]
        }
    },
"textures":{
"layer0":"item/amethyst_shard"
},
"overrides":[
{"predicate":{"custom_model_data":1},"model":"item/amethyst_shard/1"},
{"predicate":{"custom_model_data":2},"model":"item/amethyst_shard/2"},
{"predicate":{"custom_model_data":3},"model":"item/amethyst_shard/3"},
{"predicate":{"custom_model_data":4},"model":"item/amethyst_shard/4"},
{"predicate":{"custom_model_data":5},"model":"item/amethyst_shard/5"},
{"predicate":{"custom_model_data":6},"model":"item/amethyst_shard/6"},
{"predicate":{"custom_model_data":7},"model":"item/amethyst_shard/7"},
{"predicate":{"custom_model_data":8},"model":"item/amethyst_shard/8"},
{"predicate":{"custom_model_data":9},"model":"item/amethyst_shard/9"},
{"predicate":{"custom_model_data":10},"model":"item/amethyst_shard/10"}
]
}
