{
    "parent": "item/generated",
    "display": {
        "thirdperson_righthand": {
            "rotation": [ 0, 0, 0 ],
            "translation": [ 0, 2.7, 0.5 ],
            "scale": [ 0.5, 0.5, 0.5 ]
        },
        "thirdperson_lefthand": {
            "rotation": [ 0, 0, 0 ],
            "translation": [ 0, 2.7, 0.5 ],
            "scale": [ 0.5, 0.5, 0.5 ]
        },
        "firstperson_righthand": {
            "rotation": [ 5, -85, 25 ],
            "translation": [ 1.13, 3.0, 1.13 ],
            "scale": [ 0.65, 0.65, 0.65 ]
        }
    },
"textures":{
"layer0":"item/flower_banner_pattern"
},
"overrides":[
{"predicate":{"custom_model_data":1},"model":"item/flower_banner_pattern/1"},
{"predicate":{"custom_model_data":2},"model":"item/flower_banner_pattern/2"},
{"predicate":{"custom_model_data":3},"model":"item/flower_banner_pattern/3"},
{"predicate":{"custom_model_data":4},"model":"item/flower_banner_pattern/4"},
{"predicate":{"custom_model_data":5},"model":"item/flower_banner_pattern/5"},
{"predicate":{"custom_model_data":6},"model":"item/flower_banner_pattern/6"},
{"predicate":{"custom_model_data":7},"model":"item/flower_banner_pattern/7"},
{"predicate":{"custom_model_data":8},"model":"item/flower_banner_pattern/8"},
{"predicate":{"custom_model_data":9},"model":"item/flower_banner_pattern/9"},
{"predicate":{"custom_model_data":10},"model":"item/flower_banner_pattern/10"},
{"predicate":{"custom_model_data":11},"model":"item/flower_banner_pattern/11"},
{"predicate":{"custom_model_data":12},"model":"item/flower_banner_pattern/12"},
{"predicate":{"custom_model_data":13},"model":"item/flower_banner_pattern/13"},
{"predicate":{"custom_model_data":14},"model":"item/flower_banner_pattern/14"},
{"predicate":{"custom_model_data":15},"model":"item/flower_banner_pattern/15"}
]
}
