{
    "parent": "item/generated",
    "display": {
        "thirdperson_righthand": {
            "rotation": [ 0, 0, 0 ],
            "translation": [ 0, 3.5, 0.5 ],
            "scale": [ 0.5, 0.5, 0.5 ]
        },
        "thirdperson_lefthand": {
            "rotation": [ 0, 0, 0 ],
            "translation": [ 0, 3.5, 0.5 ],
            "scale": [ 0.5, 0.5, 0.5 ]
        },
        "firstperson_righthand": {
            "rotation": [ 0, 0, 0 ],
            "translation": [ 1.13, 3.2, 1.13 ],
            "scale": [ 0.5, 0.5, 0.5 ]
        },
        "firstperson_lefthand": {
            "rotation": [ 0, 0, 0 ],
            "translation": [ 1.13, 3.2, 1.13 ],
            "scale": [ 0.5, 0.5, 0.5 ]
        }
    },
"textures":{
"layer0":"item/scute"
},
"overrides":[
{"predicate":{"custom_model_data":1},"model":"item/scute/1"},
{"predicate":{"custom_model_data":2},"model":"item/scute/2"},
{"predicate":{"custom_model_data":3},"model":"item/scute/3"},
{"predicate":{"custom_model_data":4},"model":"item/scute/4"},
{"predicate":{"custom_model_data":5},"model":"item/scute/5"},
{"predicate":{"custom_model_data":6},"model":"item/scute/6"},
{"predicate":{"custom_model_data":7},"model":"item/scute/7"},
{"predicate":{"custom_model_data":8},"model":"item/scute/8"},
{"predicate":{"custom_model_data":9},"model":"item/scute/9"}
]
}
