{
	"model": {
		"type": "range_dispatch",
		"entries": [
			{
				"model": {
					"type": "model",
					"model": "ut:item/move/character/sans/bone"
				},
				"threshold": 1.0
			},
			{
				"model": {
					"type": "model",
					"model": "ut:item/move/character/sans/dodge"
				},
				"threshold": 2.0
			},
			{
				"model": {
					"type": "model",
					"model": "ut:item/move/character/sans/gaster_blaster/main"
				},
				"threshold": 3.0
			},
			{
				"model": {
					"type": "model",
					"model": "ut:item/move/character/papyrus/bone"
				},
				"threshold": 4.0
			},
			{
				"model": {
					"type": "model",
					"model": "ut:item/move/character/papyrus/blue_bone"
				},
				"threshold": 5.0
			},
			{
				"model": {
					"type": "model",
					"model": "ut:item/move/character/papyrus/bones"
				},
				"threshold": 6.0
			},
			{
				"model": {
					"type": "model",
					"model": "ut:item/move/character/undyne/spear"
				},
				"threshold": 7.0
			},
			{
				"model": {
					"type": "model",
					"model": "ut:item/move/character/undyne/block"
				},
				"threshold": 8.0
			},
			{
				"model": {
					"type": "model",
					"model": "ut:item/move/character/undyne/undying_armor"
				},
				"threshold": 9.0
			},
			{
				"model": {
					"type": "model",
					"model": "ut:item/move/character/frisk/stick"
				},
				"threshold": 10.0
			},
			{
				"model": {
					"type": "model",
					"model": "ut:item/move/character/frisk/flirt"
				},
				"threshold": 11.0
			},
			{
				"model": {
					"type": "model",
					"model": "ut:item/move/character/frisk/save/item"
				},
				"threshold": 12.0
			},
			{
				"model": {
					"type": "model",
					"model": "ut:item/move/character/flowey/friendly_pellet"
				},
				"threshold": 13.0
			},
			{
				"model": {
					"type": "model",
					"model": "ut:item/move/character/flowey/dig"
				},
				"threshold": 14.0
			},
			{
				"model": {
					"type": "model",
					"model": "ut:item/move/character/flowey/vine_seed"
				},
				"threshold": 15.0
			},
			{
				"model": {
					"type": "model",
					"model": "ut:item/move/character/mtt/lazer"
				},
				"threshold": 16.0
			},
			{
				"model": {
					"type": "model",
					"model": "ut:item/move/character/mtt/booster"
				},
				"threshold": 17.0
			},
			{
				"model": {
					"type": "model",
					"model": "ut:item/move/character/mtt/bot"
				},
				"threshold": 18.0
			},
			{
				"model": {
					"type": "model",
					"model": "ut:item/move/character/muffet/spider"
				},
				"threshold": 19.0
			},
			{
				"model": {
					"type": "model",
					"model": "ut:item/move/character/muffet/web/prj"
				},
				"threshold": 20.0
			},
			{
				"model": {
					"type": "model",
					"model": "ut:item/move/character/muffet/cupcake/5"
				},
				"threshold": 21.0
			},
			{
				"model": {
					"type": "model",
					"model": "ut:item/move/character/chara/toy_kinfe"
				},
				"threshold": 22.0
			},
			{
				"model": {
					"type": "model",
					"model": "ut:item/move/character/chara/dash"
				},
				"threshold": 23.0
			},
			{
				"model": {
					"type": "model",
					"model": "ut:item/move/character/chara/turning_kinfe"
				},
				"threshold": 24.0
			},
			{
				"model": {
					"type": "model",
					"model": "ut:item/move/character/torial/fireball"
				},
				"threshold": 25.0
			},
			{
				"model": {
					"type": "model",
					"model": "ut:item/move/character/torial/pie"
				},
				"threshold": 26.0
			},
			{
				"model": {
					"type": "model",
					"model": "ut:item/move/character/torial/kind_fire"
				},
				"threshold": 27.0
			},
			{
				"model": {
					"type": "model",
					"model": "ut:item/move/character/asgore/firehand"
				},
				"threshold": 28.0
			},
			{
				"model": {
					"type": "model",
					"model": "ut:item/move/character/asgore/trident/orange"
				},
				"threshold": 29.0
			},
			{
				"model": {
					"type": "model",
					"model": "ut:item/move/character/asgore/crown/main"
				},
				"threshold": 30.0
			},
			{
				"model": {
					"type": "model",
					"model": "ut:item/move/character/asrial/chaos_buster/item"
				},
				"threshold": 31.0
			},
			{
				"model": {
					"type": "model",
					"model": "ut:item/move/character/asrial/rainbow_star"
				},
				"threshold": 32.0
			},
			{
				"model": {
					"type": "model",
					"model": "ut:item/move/character/asrial/rainbow_bullet"
				},
				"threshold": 33.0
			},
			{
				"model": {
					"type": "model",
					"model": "ut:item/move/character/alphys/phone"
				},
				"threshold": 34.0
			},
			{
				"model": {
					"type": "model",
					"model": "ut:item/move/character/alphys/shockbullet"
				},
				"threshold": 35
			},
			{
				"model": {
					"type": "model",
					"model": "ut:item/move/character/alphys/syringe/0"
				},
				"threshold": 36
			},
			{
				"model": {
					"type": "model",
					"model": "ut:item/move/character/naps/tear"
				},
				"threshold": 37
			},
			{
				"model": {
					"type": "model",
					"model": "ut:item/move/character/naps/ghost_form"
				},
				"threshold": 38
			},
			{
				"model": {
					"type": "model",
					"model": "ut:item/move/character/naps/headphone"
				},
				"threshold": 39
			},
			{
				"model": {
					"type": "model",
					"model": "ut:item/move/character/maddummy/buddy"
				},
				"threshold": 40
			},
			{
				"model": {
					"type": "model",
					"model": "ut:item/move/character/maddummy/throw_kinfe"
				},
				"threshold": 41
			},
			{
				"model": {
					"type": "model",
					"model": "ut:item/move/character/maddummy/gear"
				},
				"threshold": 42
			},
			{
				"model": {
					"type": "model",
					"model": "ut:item/move/character/mtt/mttex/lazer_bullet"
				},
				"threshold": 43
			},
			{
				"model": {
					"type": "model",
					"model": "ut:item/move/character/mtt/mttex/bomb"
				},
				"threshold": 44
			},
			{
				"model": {
					"type": "model",
					"model": "ut:item/move/character/mtt/bot"
				},
				"threshold": 45
			},
			{
				"model": { "type": "model", "model": "ut:selector_soul" },
				"threshold": 101
			},
			{
				"model": {
					"type": "model",
					"model": "ut:item/move/character/frisk/save/main"
				},
				"threshold": 102
			},
			{
				"model": {
					"type": "model",
					"model": "ut:item/move/character/frisk/save/side"
				},
				"threshold": 103
			},
			{
				"model": {
					"type": "model",
					"model": "ut:item/move/character/chara/real_kinfe"
				},
				"threshold": 104
			},
			{
				"model": {
					"type": "model",
					"model": "ut:item/move/character/asgore/trident/red"
				},
				"threshold": 105
			},
			{
				"model": { "type": "model", "model": "item/nether_brick" },
				"threshold": 106
			},
			{
				"model": {
					"type": "model",
					"model": "ut:item/move/character/mtt/switch/on"
				},
				"threshold": 107
			},
			{
				"model": {
					"type": "model",
					"model": "ut:item/move/character/mtt/switch/off"
				},
				"threshold": 108
			},
			{
				"model": { "type": "model", "model": "ut:head/undyne" },
				"threshold": 110
			},
			{
				"model": { "type": "model", "model": "ut:head/undyne_armor" },
				"threshold": 111
			},
			{
				"model": {
					"type": "model",
					"model": "ut:item/move/button_leave"
				},
				"threshold": 112
			},
			{
				"model": {
					"type": "model",
					"model": "ut:item/move/button_maze"
				},
				"threshold": 113
			},
			{
				"model": {
					"type": "model",
					"model": "ut:item/move/character/asrial/chaos_buster/empty"
				},
				"threshold": 246
			},
			{
				"model": {
					"type": "model",
					"model": "ut:item/move/character/asrial/chaos_buster/1"
				},
				"threshold": 247
			},
			{
				"model": {
					"type": "model",
					"model": "ut:item/move/character/asrial/chaos_buster/2"
				},
				"threshold": 248
			},
			{
				"model": {
					"type": "model",
					"model": "ut:item/move/character/asrial/chaos_buster/3"
				},
				"threshold": 249
			},
			{
				"model": {
					"type": "model",
					"model": "ut:item/move/character/asrial/chaos_buster/open"
				},
				"threshold": 250
			},
			{
				"model": {
					"type": "model",
					"model": "ut:item/move/character/asrial/chaos_buster/open1"
				},
				"threshold": 251
			},
			{
				"model": {
					"type": "model",
					"model": "ut:item/move/character/asrial/chaos_buster/open2"
				},
				"threshold": 252
			},
			{
				"model": {
					"type": "model",
					"model": "ut:item/move/character/asrial/chaos_buster/open3"
				},
				"threshold": 253
			},
			{
				"model": {
					"type": "model",
					"model": "ut:item/move/character/asgore/trident/state/main"
				},
				"threshold": 256
			},
			{
				"model": {
					"type": "model",
					"model": "ut:item/move/character/mtt/metta_soul_hand"
				},
				"threshold": 257
			},
			{
				"model": {
					"type": "model",
					"model": "ut:item/move/character/maddummy/red_dummy"
				},
				"threshold": 259
			},
			{
				"model": {
					"type": "model",
					"model": "ut:item/move/character/maddummy/throw_kinfe"
				},
				"threshold": 260
			},
			{
				"model": {
					"type": "model",
					"model": "ut:item/move/character/maddummy/throw_kinfe_hide"
				},
				"threshold": 261
			},
			{
				"model": {
					"type": "model",
					"model": "ut:item/move/character/frisk/save/side"
				},
				"threshold": 300
			},
			{
				"model": {
					"type": "model",
					"model": "ut:item/move/broken_spare"
				},
				"threshold": 301
			},
			{
				"model": {
					"type": "model",
					"model": "ut:item/move/character/frisk/stick_buffed"
				},
				"threshold": 302
			},
			{
				"model": {
					"type": "model",
					"model": "ut:item/move/character/chara/kinfe_buffed"
				},
				"threshold": 303
			},
			{
				"model": { "type": "model", "model": "ut:head/sans" },
				"threshold": 401
			},
			{
				"model": { "type": "model", "model": "ut:head/papyrus" },
				"threshold": 402
			},
			{
				"model": { "type": "model", "model": "ut:head/undyne" },
				"threshold": 403
			},
			{
				"model": { "type": "model", "model": "ut:head/frisk" },
				"threshold": 404
			},
			{
				"model": { "type": "model", "model": "ut:head/flowey" },
				"threshold": 405
			},
			{
				"model": { "type": "model", "model": "ut:head/mettaton" },
				"threshold": 406
			},
			{
				"model": { "type": "model", "model": "ut:head/muffet" },
				"threshold": 407
			},
			{
				"model": { "type": "model", "model": "ut:head/chara" },
				"threshold": 408
			},
			{
				"model": { "type": "model", "model": "ut:head/toriel" },
				"threshold": 409
			},
			{
				"model": { "type": "model", "model": "ut:head/asgore" },
				"threshold": 410
			},
			{
				"model": { "type": "model", "model": "ut:head/asriel" },
				"threshold": 411
			},
			{
				"model": { "type": "model", "model": "ut:head/tobyfox" },
				"threshold": 412
			},
			{
				"model": { "type": "model", "model": "ut:head/alphys" },
				"threshold": 413
			},
			{
				"model": { "type": "model", "model": "ut:head/napstablook" },
				"threshold": 414
			},
			{
				"model": { "type": "model", "model": "ut:head/maddummy" },
				"threshold": 415
			},
			{
				"model": { "type": "model", "model": "ut:head/mettatonex" },
				"threshold": 416
			},
			{
				"model": {
					"type": "model",
					"model": "ut:item/default/layer21"
				},
				"threshold": 646
			},
			{
				"model": {
					"type": "model",
					"model": "ut:item/default/layer22"
				},
				"threshold": 647
			},
			{
				"model": {
					"type": "model",
					"model": "ut:item/default/layer23"
				},
				"threshold": 648
			},
			{
				"model": { "type": "model", "model": "ut:item/default/layer0" },
				"threshold": 666
			},
			{
				"model": { "type": "model", "model": "item/nether_brick" },
				"threshold": 667
			},
			{
				"model": { "type": "model", "model": "ut:empty" },
				"threshold": 999
			},
			{
				"model": { "type": "model", "model": "ut:heart/none" },
				"threshold": 1000
			},
			{
				"model": { "type": "model", "model": "ut:heart/red" },
				"threshold": 1001
			},
			{
				"model": { "type": "model", "model": "ut:heart/light_blue" },
				"threshold": 1002
			},
			{
				"model": { "type": "model", "model": "ut:heart/orange" },
				"threshold": 1003
			},
			{
				"model": { "type": "model", "model": "ut:heart/blue" },
				"threshold": 1004
			},
			{
				"model": { "type": "model", "model": "ut:heart/yellow" },
				"threshold": 1005
			},
			{
				"model": { "type": "model", "model": "ut:heart/purple" },
				"threshold": 1006
			},
			{
				"model": { "type": "model", "model": "ut:heart/lime" },
				"threshold": 1007
			},
			{
				"model": { "type": "model", "model": "ut:heart/white" },
				"threshold": 1008
			},
			{
				"model": { "type": "model", "model": "ut:heart/canned/none" },
				"threshold": 1010
			},
			{
				"model": { "type": "model", "model": "ut:heart/canned/red" },
				"threshold": 1011
			},
			{
				"model": {
					"type": "model",
					"model": "ut:heart/canned/light_blue"
				},
				"threshold": 1012
			},
			{
				"model": { "type": "model", "model": "ut:heart/canned/orange" },
				"threshold": 1013
			},
			{
				"model": { "type": "model", "model": "ut:heart/canned/blue" },
				"threshold": 1014
			},
			{
				"model": { "type": "model", "model": "ut:heart/canned/yellow" },
				"threshold": 1015
			},
			{
				"model": { "type": "model", "model": "ut:heart/canned/purple" },
				"threshold": 1016
			},
			{
				"model": { "type": "model", "model": "ut:heart/canned/lime" },
				"threshold": 1017
			},
			{
				"model": { "type": "model", "model": "ut:heart/canned/white" },
				"threshold": 1018
			},
			{
				"model": {
					"type": "model",
					"model": "ut:item/move/character/mtt/mttex/lazer_bullet_buffed"
				},
				"threshold": 9043
			},
			{
				"model": {
					"type": "model",
					"model": "ut:item/move/character/mtt/metta_soul_hand_buffed"
				},
				"threshold": 9257
			}
		],
		"property": "custom_model_data",
		"fallback": {
			"type": "model",
			"model": "item/carrot_on_a_stick"
		}
	}
}
