{
	"model": {
		"type": "minecraft:condition",
		"component": "minecraft:lodestone_tracker",
		"on_false": {
			"type": "minecraft:select",
			"cases": [
				{
					"model": {
						"type": "minecraft:range_dispatch",
						"entries": [
							{
								"model": {
									"type": "minecraft:range_dispatch",
									"property": "custom_model_data",
									"entries": [
										{
											"model": {
												"type": "model",
												"model": "ut:item/compass/t2/c1"
											},
											"threshold": 2
										},
										{
											"model": {
												"type": "model",
												"model": "ut:item/compass/t3/c1"
											},
											"threshold": 3
										},
										{
											"model": {
												"type": "model",
												"model": "ut:item/compass/t4/c1"
											},
											"threshold": 4
										},
										{
											"model": {
												"type": "model",
												"model": "ut:item/compass/t5/c1"
											},
											"threshold": 5
										},
										{
											"model": {
												"type": "model",
												"model": "ut:item/compass/t6/c1"
											},
											"threshold": 6
										},
										{
											"model": {
												"type": "model",
												"model": "ut:item/compass/t7/c1"
											},
											"threshold": 7
										},
										{
											"model": {
												"type": "model",
												"model": "ut:item/compass/t8/c1"
											},
											"threshold": 8
										}
									],
									"fallback": {
										"type": "model",
										"model": "ut:item/compass/t1/c1"
									}
								},
								"threshold": 0.0
							},
							{
								"model": {
									"type": "minecraft:range_dispatch",
									"property": "custom_model_data",
									"entries": [
										{
											"model": {
												"type": "model",
												"model": "ut:item/compass/t2/c2"
											},
											"threshold": 2
										},
										{
											"model": {
												"type": "model",
												"model": "ut:item/compass/t3/c2"
											},
											"threshold": 3
										},
										{
											"model": {
												"type": "model",
												"model": "ut:item/compass/t4/c2"
											},
											"threshold": 4
										},
										{
											"model": {
												"type": "model",
												"model": "ut:item/compass/t5/c2"
											},
											"threshold": 5
										},
										{
											"model": {
												"type": "model",
												"model": "ut:item/compass/t6/c2"
											},
											"threshold": 6
										},
										{
											"model": {
												"type": "model",
												"model": "ut:item/compass/t7/c2"
											},
											"threshold": 7
										},
										{
											"model": {
												"type": "model",
												"model": "ut:item/compass/t8/c2"
											},
											"threshold": 8
										}
									],
									"fallback": {
										"type": "model",
										"model": "ut:item/compass/t1/c2"
									}
								},
								"threshold": 1.5
							},
							{
								"model": {
									"type": "minecraft:range_dispatch",
									"property": "custom_model_data",
									"entries": [
										{
											"model": {
												"type": "model",
												"model": "ut:item/compass/t2/c3"
											},
											"threshold": 2
										},
										{
											"model": {
												"type": "model",
												"model": "ut:item/compass/t3/c3"
											},
											"threshold": 3
										},
										{
											"model": {
												"type": "model",
												"model": "ut:item/compass/t4/c3"
											},
											"threshold": 4
										},
										{
											"model": {
												"type": "model",
												"model": "ut:item/compass/t5/c3"
											},
											"threshold": 5
										},
										{
											"model": {
												"type": "model",
												"model": "ut:item/compass/t6/c3"
											},
											"threshold": 6
										},
										{
											"model": {
												"type": "model",
												"model": "ut:item/compass/t7/c3"
											},
											"threshold": 7
										},
										{
											"model": {
												"type": "model",
												"model": "ut:item/compass/t8/c3"
											},
											"threshold": 8
										}
									],
									"fallback": {
										"type": "model",
										"model": "ut:item/compass/t1/c3"
									}
								},
								"threshold": 3.5
							},
							{
								"model": {
									"type": "minecraft:range_dispatch",
									"property": "custom_model_data",
									"entries": [
										{
											"model": {
												"type": "model",
												"model": "ut:item/compass/t2/c4"
											},
											"threshold": 2
										},
										{
											"model": {
												"type": "model",
												"model": "ut:item/compass/t3/c4"
											},
											"threshold": 3
										},
										{
											"model": {
												"type": "model",
												"model": "ut:item/compass/t4/c4"
											},
											"threshold": 4
										},
										{
											"model": {
												"type": "model",
												"model": "ut:item/compass/t5/c4"
											},
											"threshold": 5
										},
										{
											"model": {
												"type": "model",
												"model": "ut:item/compass/t6/c4"
											},
											"threshold": 6
										},
										{
											"model": {
												"type": "model",
												"model": "ut:item/compass/t7/c4"
											},
											"threshold": 7
										},
										{
											"model": {
												"type": "model",
												"model": "ut:item/compass/t8/c4"
											},
											"threshold": 8
										}
									],
									"fallback": {
										"type": "model",
										"model": "ut:item/compass/t1/c4"
									}
								},
								"threshold": 5.5
							},
							{
								"model": {
									"type": "minecraft:range_dispatch",
									"property": "custom_model_data",
									"entries": [
										{
											"model": {
												"type": "model",
												"model": "ut:item/compass/t2/c5"
											},
											"threshold": 2
										},
										{
											"model": {
												"type": "model",
												"model": "ut:item/compass/t3/c5"
											},
											"threshold": 3
										},
										{
											"model": {
												"type": "model",
												"model": "ut:item/compass/t4/c5"
											},
											"threshold": 4
										},
										{
											"model": {
												"type": "model",
												"model": "ut:item/compass/t5/c5"
											},
											"threshold": 5
										},
										{
											"model": {
												"type": "model",
												"model": "ut:item/compass/t6/c5"
											},
											"threshold": 6
										},
										{
											"model": {
												"type": "model",
												"model": "ut:item/compass/t7/c5"
											},
											"threshold": 7
										},
										{
											"model": {
												"type": "model",
												"model": "ut:item/compass/t8/c5"
											},
											"threshold": 8
										}
									],
									"fallback": {
										"type": "model",
										"model": "ut:item/compass/t1/c5"
									}
								},
								"threshold": 7.5
							},
							{
								"model": {
									"type": "minecraft:range_dispatch",
									"property": "custom_model_data",
									"entries": [
										{
											"model": {
												"type": "model",
												"model": "ut:item/compass/t2/c6"
											},
											"threshold": 2
										},
										{
											"model": {
												"type": "model",
												"model": "ut:item/compass/t3/c6"
											},
											"threshold": 3
										},
										{
											"model": {
												"type": "model",
												"model": "ut:item/compass/t4/c6"
											},
											"threshold": 4
										},
										{
											"model": {
												"type": "model",
												"model": "ut:item/compass/t5/c6"
											},
											"threshold": 5
										},
										{
											"model": {
												"type": "model",
												"model": "ut:item/compass/t6/c6"
											},
											"threshold": 6
										},
										{
											"model": {
												"type": "model",
												"model": "ut:item/compass/t7/c6"
											},
											"threshold": 7
										},
										{
											"model": {
												"type": "model",
												"model": "ut:item/compass/t8/c6"
											},
											"threshold": 8
										}
									],
									"fallback": {
										"type": "model",
										"model": "ut:item/compass/t1/c6"
									}
								},
								"threshold": 9.5
							},
							{
								"model": {
									"type": "minecraft:range_dispatch",
									"property": "custom_model_data",
									"entries": [
										{
											"model": {
												"type": "model",
												"model": "ut:item/compass/t2/c7"
											},
											"threshold": 2
										},
										{
											"model": {
												"type": "model",
												"model": "ut:item/compass/t3/c7"
											},
											"threshold": 3
										},
										{
											"model": {
												"type": "model",
												"model": "ut:item/compass/t4/c7"
											},
											"threshold": 4
										},
										{
											"model": {
												"type": "model",
												"model": "ut:item/compass/t5/c7"
											},
											"threshold": 5
										},
										{
											"model": {
												"type": "model",
												"model": "ut:item/compass/t6/c7"
											},
											"threshold": 6
										},
										{
											"model": {
												"type": "model",
												"model": "ut:item/compass/t7/c7"
											},
											"threshold": 7
										},
										{
											"model": {
												"type": "model",
												"model": "ut:item/compass/t8/c7"
											},
											"threshold": 8
										}
									],
									"fallback": {
										"type": "model",
										"model": "ut:item/compass/t1/c7"
									}
								},
								"threshold": 11.5
							},
							{
								"model": {
									"type": "minecraft:range_dispatch",
									"property": "custom_model_data",
									"entries": [
										{
											"model": {
												"type": "model",
												"model": "ut:item/compass/t2/c8"
											},
											"threshold": 2
										},
										{
											"model": {
												"type": "model",
												"model": "ut:item/compass/t3/c8"
											},
											"threshold": 3
										},
										{
											"model": {
												"type": "model",
												"model": "ut:item/compass/t4/c8"
											},
											"threshold": 4
										},
										{
											"model": {
												"type": "model",
												"model": "ut:item/compass/t5/c8"
											},
											"threshold": 5
										},
										{
											"model": {
												"type": "model",
												"model": "ut:item/compass/t6/c8"
											},
											"threshold": 6
										},
										{
											"model": {
												"type": "model",
												"model": "ut:item/compass/t7/c8"
											},
											"threshold": 7
										},
										{
											"model": {
												"type": "model",
												"model": "ut:item/compass/t8/c8"
											},
											"threshold": 8
										}
									],
									"fallback": {
										"type": "model",
										"model": "ut:item/compass/t1/c8"
									}
								},
								"threshold": 13.5
							},
							{
								"model": {
									"type": "minecraft:range_dispatch",
									"property": "custom_model_data",
									"entries": [
										{
											"model": {
												"type": "model",
												"model": "ut:item/compass/t2/c9"
											},
											"threshold": 2
										},
										{
											"model": {
												"type": "model",
												"model": "ut:item/compass/t3/c9"
											},
											"threshold": 3
										},
										{
											"model": {
												"type": "model",
												"model": "ut:item/compass/t4/c9"
											},
											"threshold": 4
										},
										{
											"model": {
												"type": "model",
												"model": "ut:item/compass/t5/c9"
											},
											"threshold": 5
										},
										{
											"model": {
												"type": "model",
												"model": "ut:item/compass/t6/c9"
											},
											"threshold": 6
										},
										{
											"model": {
												"type": "model",
												"model": "ut:item/compass/t7/c9"
											},
											"threshold": 7
										},
										{
											"model": {
												"type": "model",
												"model": "ut:item/compass/t8/c9"
											},
											"threshold": 8
										}
									],
									"fallback": {
										"type": "model",
										"model": "ut:item/compass/t1/c9"
									}
								},
								"threshold": 15.5
							},
							{
								"model": {
									"type": "minecraft:range_dispatch",
									"property": "custom_model_data",
									"entries": [
										{
											"model": {
												"type": "model",
												"model": "ut:item/compass/t2/c10"
											},
											"threshold": 2
										},
										{
											"model": {
												"type": "model",
												"model": "ut:item/compass/t3/c10"
											},
											"threshold": 3
										},
										{
											"model": {
												"type": "model",
												"model": "ut:item/compass/t4/c10"
											},
											"threshold": 4
										},
										{
											"model": {
												"type": "model",
												"model": "ut:item/compass/t5/c10"
											},
											"threshold": 5
										},
										{
											"model": {
												"type": "model",
												"model": "ut:item/compass/t6/c10"
											},
											"threshold": 6
										},
										{
											"model": {
												"type": "model",
												"model": "ut:item/compass/t7/c10"
											},
											"threshold": 7
										},
										{
											"model": {
												"type": "model",
												"model": "ut:item/compass/t8/c10"
											},
											"threshold": 8
										}
									],
									"fallback": {
										"type": "model",
										"model": "ut:item/compass/t1/c10"
									}
								},
								"threshold": 17.5
							},
							{
								"model": {
									"type": "minecraft:range_dispatch",
									"property": "custom_model_data",
									"entries": [
										{
											"model": {
												"type": "model",
												"model": "ut:item/compass/t2/c11"
											},
											"threshold": 2
										},
										{
											"model": {
												"type": "model",
												"model": "ut:item/compass/t3/c11"
											},
											"threshold": 3
										},
										{
											"model": {
												"type": "model",
												"model": "ut:item/compass/t4/c11"
											},
											"threshold": 4
										},
										{
											"model": {
												"type": "model",
												"model": "ut:item/compass/t5/c11"
											},
											"threshold": 5
										},
										{
											"model": {
												"type": "model",
												"model": "ut:item/compass/t6/c11"
											},
											"threshold": 6
										},
										{
											"model": {
												"type": "model",
												"model": "ut:item/compass/t7/c11"
											},
											"threshold": 7
										},
										{
											"model": {
												"type": "model",
												"model": "ut:item/compass/t8/c11"
											},
											"threshold": 8
										}
									],
									"fallback": {
										"type": "model",
										"model": "ut:item/compass/t1/c11"
									}
								},
								"threshold": 19.5
							},
							{
								"model": {
									"type": "minecraft:range_dispatch",
									"property": "custom_model_data",
									"entries": [
										{
											"model": {
												"type": "model",
												"model": "ut:item/compass/t2/c12"
											},
											"threshold": 2
										},
										{
											"model": {
												"type": "model",
												"model": "ut:item/compass/t3/c12"
											},
											"threshold": 3
										},
										{
											"model": {
												"type": "model",
												"model": "ut:item/compass/t4/c12"
											},
											"threshold": 4
										},
										{
											"model": {
												"type": "model",
												"model": "ut:item/compass/t5/c12"
											},
											"threshold": 5
										},
										{
											"model": {
												"type": "model",
												"model": "ut:item/compass/t6/c12"
											},
											"threshold": 6
										},
										{
											"model": {
												"type": "model",
												"model": "ut:item/compass/t7/c12"
											},
											"threshold": 7
										},
										{
											"model": {
												"type": "model",
												"model": "ut:item/compass/t8/c12"
											},
											"threshold": 8
										}
									],
									"fallback": {
										"type": "model",
										"model": "ut:item/compass/t1/c12"
									}
								},
								"threshold": 21.5
							},
							{
								"model": {
									"type": "minecraft:range_dispatch",
									"property": "custom_model_data",
									"entries": [
										{
											"model": {
												"type": "model",
												"model": "ut:item/compass/t2/c13"
											},
											"threshold": 2
										},
										{
											"model": {
												"type": "model",
												"model": "ut:item/compass/t3/c13"
											},
											"threshold": 3
										},
										{
											"model": {
												"type": "model",
												"model": "ut:item/compass/t4/c13"
											},
											"threshold": 4
										},
										{
											"model": {
												"type": "model",
												"model": "ut:item/compass/t5/c13"
											},
											"threshold": 5
										},
										{
											"model": {
												"type": "model",
												"model": "ut:item/compass/t6/c13"
											},
											"threshold": 6
										},
										{
											"model": {
												"type": "model",
												"model": "ut:item/compass/t7/c13"
											},
											"threshold": 7
										},
										{
											"model": {
												"type": "model",
												"model": "ut:item/compass/t8/c13"
											},
											"threshold": 8
										}
									],
									"fallback": {
										"type": "model",
										"model": "ut:item/compass/t1/c13"
									}
								},
								"threshold": 23.5
							},
							{
								"model": {
									"type": "minecraft:range_dispatch",
									"property": "custom_model_data",
									"entries": [
										{
											"model": {
												"type": "model",
												"model": "ut:item/compass/t2/c14"
											},
											"threshold": 2
										},
										{
											"model": {
												"type": "model",
												"model": "ut:item/compass/t3/c14"
											},
											"threshold": 3
										},
										{
											"model": {
												"type": "model",
												"model": "ut:item/compass/t4/c14"
											},
											"threshold": 4
										},
										{
											"model": {
												"type": "model",
												"model": "ut:item/compass/t5/c14"
											},
											"threshold": 5
										},
										{
											"model": {
												"type": "model",
												"model": "ut:item/compass/t6/c14"
											},
											"threshold": 6
										},
										{
											"model": {
												"type": "model",
												"model": "ut:item/compass/t7/c14"
											},
											"threshold": 7
										},
										{
											"model": {
												"type": "model",
												"model": "ut:item/compass/t8/c14"
											},
											"threshold": 8
										}
									],
									"fallback": {
										"type": "model",
										"model": "ut:item/compass/t1/c14"
									}
								},
								"threshold": 25.5
							},
							{
								"model": {
									"type": "minecraft:range_dispatch",
									"property": "custom_model_data",
									"entries": [
										{
											"model": {
												"type": "model",
												"model": "ut:item/compass/t2/c15"
											},
											"threshold": 2
										},
										{
											"model": {
												"type": "model",
												"model": "ut:item/compass/t3/c15"
											},
											"threshold": 3
										},
										{
											"model": {
												"type": "model",
												"model": "ut:item/compass/t4/c15"
											},
											"threshold": 4
										},
										{
											"model": {
												"type": "model",
												"model": "ut:item/compass/t5/c15"
											},
											"threshold": 5
										},
										{
											"model": {
												"type": "model",
												"model": "ut:item/compass/t6/c15"
											},
											"threshold": 6
										},
										{
											"model": {
												"type": "model",
												"model": "ut:item/compass/t7/c15"
											},
											"threshold": 7
										},
										{
											"model": {
												"type": "model",
												"model": "ut:item/compass/t8/c15"
											},
											"threshold": 8
										}
									],
									"fallback": {
										"type": "model",
										"model": "ut:item/compass/t1/c15"
									}
								},
								"threshold": 27.5
							},
							{
								"model": {
									"type": "minecraft:range_dispatch",
									"property": "custom_model_data",
									"entries": [
										{
											"model": {
												"type": "model",
												"model": "ut:item/compass/t2/c16"
											},
											"threshold": 2
										},
										{
											"model": {
												"type": "model",
												"model": "ut:item/compass/t3/c16"
											},
											"threshold": 3
										},
										{
											"model": {
												"type": "model",
												"model": "ut:item/compass/t4/c16"
											},
											"threshold": 4
										},
										{
											"model": {
												"type": "model",
												"model": "ut:item/compass/t5/c16"
											},
											"threshold": 5
										},
										{
											"model": {
												"type": "model",
												"model": "ut:item/compass/t6/c16"
											},
											"threshold": 6
										},
										{
											"model": {
												"type": "model",
												"model": "ut:item/compass/t7/c16"
											},
											"threshold": 7
										},
										{
											"model": {
												"type": "model",
												"model": "ut:item/compass/t8/c16"
											},
											"threshold": 8
										}
									],
									"fallback": {
										"type": "model",
										"model": "ut:item/compass/t1/c16"
									}
								},
								"threshold": 29.5
							},
							{
								"model": {
									"type": "minecraft:range_dispatch",
									"property": "custom_model_data",
									"entries": [
										{
											"model": {
												"type": "model",
												"model": "ut:item/compass/t2/c1"
											},
											"threshold": 2
										},
										{
											"model": {
												"type": "model",
												"model": "ut:item/compass/t3/c1"
											},
											"threshold": 3
										},
										{
											"model": {
												"type": "model",
												"model": "ut:item/compass/t4/c1"
											},
											"threshold": 4
										},
										{
											"model": {
												"type": "model",
												"model": "ut:item/compass/t5/c1"
											},
											"threshold": 5
										},
										{
											"model": {
												"type": "model",
												"model": "ut:item/compass/t6/c1"
											},
											"threshold": 6
										},
										{
											"model": {
												"type": "model",
												"model": "ut:item/compass/t7/c1"
											},
											"threshold": 7
										},
										{
											"model": {
												"type": "model",
												"model": "ut:item/compass/t8/c1"
											},
											"threshold": 8
										}
									],
									"fallback": {
										"type": "model",
										"model": "ut:item/compass/t1/c1"
									}
								},
								"threshold": 31.5
							}
						],
						"property": "minecraft:compass",
						"scale": 32.0,
						"target": "spawn"
					},
					"when": "minecraft:overworld"
				}
			],
			"fallback": {
				"type": "minecraft:range_dispatch",
				"entries": [
					{
						"model": {
							"type": "minecraft:range_dispatch",
							"property": "custom_model_data",
							"entries": [
								{
									"model": {
										"type": "model",
										"model": "ut:item/compass/t2/c1"
									},
									"threshold": 2
								},
								{
									"model": {
										"type": "model",
										"model": "ut:item/compass/t3/c1"
									},
									"threshold": 3
								},
								{
									"model": {
										"type": "model",
										"model": "ut:item/compass/t4/c1"
									},
									"threshold": 4
								},
								{
									"model": {
										"type": "model",
										"model": "ut:item/compass/t5/c1"
									},
									"threshold": 5
								},
								{
									"model": {
										"type": "model",
										"model": "ut:item/compass/t6/c1"
									},
									"threshold": 6
								},
								{
									"model": {
										"type": "model",
										"model": "ut:item/compass/t7/c1"
									},
									"threshold": 7
								},
								{
									"model": {
										"type": "model",
										"model": "ut:item/compass/t8/c1"
									},
									"threshold": 8
								}
							],
							"fallback": {
								"type": "model",
								"model": "ut:item/compass/t1/c1"
							}
						},
						"threshold": 0.0
					},
					{
						"model": {
							"type": "minecraft:range_dispatch",
							"property": "custom_model_data",
							"entries": [
								{
									"model": {
										"type": "model",
										"model": "ut:item/compass/t2/c2"
									},
									"threshold": 2
								},
								{
									"model": {
										"type": "model",
										"model": "ut:item/compass/t3/c2"
									},
									"threshold": 3
								},
								{
									"model": {
										"type": "model",
										"model": "ut:item/compass/t4/c2"
									},
									"threshold": 4
								},
								{
									"model": {
										"type": "model",
										"model": "ut:item/compass/t5/c2"
									},
									"threshold": 5
								},
								{
									"model": {
										"type": "model",
										"model": "ut:item/compass/t6/c2"
									},
									"threshold": 6
								},
								{
									"model": {
										"type": "model",
										"model": "ut:item/compass/t7/c2"
									},
									"threshold": 7
								},
								{
									"model": {
										"type": "model",
										"model": "ut:item/compass/t8/c2"
									},
									"threshold": 8
								}
							],
							"fallback": {
								"type": "model",
								"model": "ut:item/compass/t1/c2"
							}
						},
						"threshold": 1.5
					},
					{
						"model": {
							"type": "minecraft:range_dispatch",
							"property": "custom_model_data",
							"entries": [
								{
									"model": {
										"type": "model",
										"model": "ut:item/compass/t2/c3"
									},
									"threshold": 2
								},
								{
									"model": {
										"type": "model",
										"model": "ut:item/compass/t3/c3"
									},
									"threshold": 3
								},
								{
									"model": {
										"type": "model",
										"model": "ut:item/compass/t4/c3"
									},
									"threshold": 4
								},
								{
									"model": {
										"type": "model",
										"model": "ut:item/compass/t5/c3"
									},
									"threshold": 5
								},
								{
									"model": {
										"type": "model",
										"model": "ut:item/compass/t6/c3"
									},
									"threshold": 6
								},
								{
									"model": {
										"type": "model",
										"model": "ut:item/compass/t7/c3"
									},
									"threshold": 7
								},
								{
									"model": {
										"type": "model",
										"model": "ut:item/compass/t8/c3"
									},
									"threshold": 8
								}
							],
							"fallback": {
								"type": "model",
								"model": "ut:item/compass/t1/c3"
							}
						},
						"threshold": 3.5
					},
					{
						"model": {
							"type": "minecraft:range_dispatch",
							"property": "custom_model_data",
							"entries": [
								{
									"model": {
										"type": "model",
										"model": "ut:item/compass/t2/c4"
									},
									"threshold": 2
								},
								{
									"model": {
										"type": "model",
										"model": "ut:item/compass/t3/c4"
									},
									"threshold": 3
								},
								{
									"model": {
										"type": "model",
										"model": "ut:item/compass/t4/c4"
									},
									"threshold": 4
								},
								{
									"model": {
										"type": "model",
										"model": "ut:item/compass/t5/c4"
									},
									"threshold": 5
								},
								{
									"model": {
										"type": "model",
										"model": "ut:item/compass/t6/c4"
									},
									"threshold": 6
								},
								{
									"model": {
										"type": "model",
										"model": "ut:item/compass/t7/c4"
									},
									"threshold": 7
								},
								{
									"model": {
										"type": "model",
										"model": "ut:item/compass/t8/c4"
									},
									"threshold": 8
								}
							],
							"fallback": {
								"type": "model",
								"model": "ut:item/compass/t1/c4"
							}
						},
						"threshold": 5.5
					},
					{
						"model": {
							"type": "minecraft:range_dispatch",
							"property": "custom_model_data",
							"entries": [
								{
									"model": {
										"type": "model",
										"model": "ut:item/compass/t2/c5"
									},
									"threshold": 2
								},
								{
									"model": {
										"type": "model",
										"model": "ut:item/compass/t3/c5"
									},
									"threshold": 3
								},
								{
									"model": {
										"type": "model",
										"model": "ut:item/compass/t4/c5"
									},
									"threshold": 4
								},
								{
									"model": {
										"type": "model",
										"model": "ut:item/compass/t5/c5"
									},
									"threshold": 5
								},
								{
									"model": {
										"type": "model",
										"model": "ut:item/compass/t6/c5"
									},
									"threshold": 6
								},
								{
									"model": {
										"type": "model",
										"model": "ut:item/compass/t7/c5"
									},
									"threshold": 7
								},
								{
									"model": {
										"type": "model",
										"model": "ut:item/compass/t8/c5"
									},
									"threshold": 8
								}
							],
							"fallback": {
								"type": "model",
								"model": "ut:item/compass/t1/c5"
							}
						},
						"threshold": 7.5
					},
					{
						"model": {
							"type": "minecraft:range_dispatch",
							"property": "custom_model_data",
							"entries": [
								{
									"model": {
										"type": "model",
										"model": "ut:item/compass/t2/c6"
									},
									"threshold": 2
								},
								{
									"model": {
										"type": "model",
										"model": "ut:item/compass/t3/c6"
									},
									"threshold": 3
								},
								{
									"model": {
										"type": "model",
										"model": "ut:item/compass/t4/c6"
									},
									"threshold": 4
								},
								{
									"model": {
										"type": "model",
										"model": "ut:item/compass/t5/c6"
									},
									"threshold": 5
								},
								{
									"model": {
										"type": "model",
										"model": "ut:item/compass/t6/c6"
									},
									"threshold": 6
								},
								{
									"model": {
										"type": "model",
										"model": "ut:item/compass/t7/c6"
									},
									"threshold": 7
								},
								{
									"model": {
										"type": "model",
										"model": "ut:item/compass/t8/c6"
									},
									"threshold": 8
								}
							],
							"fallback": {
								"type": "model",
								"model": "ut:item/compass/t1/c6"
							}
						},
						"threshold": 9.5
					},
					{
						"model": {
							"type": "minecraft:range_dispatch",
							"property": "custom_model_data",
							"entries": [
								{
									"model": {
										"type": "model",
										"model": "ut:item/compass/t2/c7"
									},
									"threshold": 2
								},
								{
									"model": {
										"type": "model",
										"model": "ut:item/compass/t3/c7"
									},
									"threshold": 3
								},
								{
									"model": {
										"type": "model",
										"model": "ut:item/compass/t4/c7"
									},
									"threshold": 4
								},
								{
									"model": {
										"type": "model",
										"model": "ut:item/compass/t5/c7"
									},
									"threshold": 5
								},
								{
									"model": {
										"type": "model",
										"model": "ut:item/compass/t6/c7"
									},
									"threshold": 6
								},
								{
									"model": {
										"type": "model",
										"model": "ut:item/compass/t7/c7"
									},
									"threshold": 7
								},
								{
									"model": {
										"type": "model",
										"model": "ut:item/compass/t8/c7"
									},
									"threshold": 8
								}
							],
							"fallback": {
								"type": "model",
								"model": "ut:item/compass/t1/c7"
							}
						},
						"threshold": 11.5
					},
					{
						"model": {
							"type": "minecraft:range_dispatch",
							"property": "custom_model_data",
							"entries": [
								{
									"model": {
										"type": "model",
										"model": "ut:item/compass/t2/c8"
									},
									"threshold": 2
								},
								{
									"model": {
										"type": "model",
										"model": "ut:item/compass/t3/c8"
									},
									"threshold": 3
								},
								{
									"model": {
										"type": "model",
										"model": "ut:item/compass/t4/c8"
									},
									"threshold": 4
								},
								{
									"model": {
										"type": "model",
										"model": "ut:item/compass/t5/c8"
									},
									"threshold": 5
								},
								{
									"model": {
										"type": "model",
										"model": "ut:item/compass/t6/c8"
									},
									"threshold": 6
								},
								{
									"model": {
										"type": "model",
										"model": "ut:item/compass/t7/c8"
									},
									"threshold": 7
								},
								{
									"model": {
										"type": "model",
										"model": "ut:item/compass/t8/c8"
									},
									"threshold": 8
								}
							],
							"fallback": {
								"type": "model",
								"model": "ut:item/compass/t1/c8"
							}
						},
						"threshold": 13.5
					},
					{
						"model": {
							"type": "minecraft:range_dispatch",
							"property": "custom_model_data",
							"entries": [
								{
									"model": {
										"type": "model",
										"model": "ut:item/compass/t2/c9"
									},
									"threshold": 2
								},
								{
									"model": {
										"type": "model",
										"model": "ut:item/compass/t3/c9"
									},
									"threshold": 3
								},
								{
									"model": {
										"type": "model",
										"model": "ut:item/compass/t4/c9"
									},
									"threshold": 4
								},
								{
									"model": {
										"type": "model",
										"model": "ut:item/compass/t5/c9"
									},
									"threshold": 5
								},
								{
									"model": {
										"type": "model",
										"model": "ut:item/compass/t6/c9"
									},
									"threshold": 6
								},
								{
									"model": {
										"type": "model",
										"model": "ut:item/compass/t7/c9"
									},
									"threshold": 7
								},
								{
									"model": {
										"type": "model",
										"model": "ut:item/compass/t8/c9"
									},
									"threshold": 8
								}
							],
							"fallback": {
								"type": "model",
								"model": "ut:item/compass/t1/c9"
							}
						},
						"threshold": 15.5
					},
					{
						"model": {
							"type": "minecraft:range_dispatch",
							"property": "custom_model_data",
							"entries": [
								{
									"model": {
										"type": "model",
										"model": "ut:item/compass/t2/c10"
									},
									"threshold": 2
								},
								{
									"model": {
										"type": "model",
										"model": "ut:item/compass/t3/c10"
									},
									"threshold": 3
								},
								{
									"model": {
										"type": "model",
										"model": "ut:item/compass/t4/c10"
									},
									"threshold": 4
								},
								{
									"model": {
										"type": "model",
										"model": "ut:item/compass/t5/c10"
									},
									"threshold": 5
								},
								{
									"model": {
										"type": "model",
										"model": "ut:item/compass/t6/c10"
									},
									"threshold": 6
								},
								{
									"model": {
										"type": "model",
										"model": "ut:item/compass/t7/c10"
									},
									"threshold": 7
								},
								{
									"model": {
										"type": "model",
										"model": "ut:item/compass/t8/c10"
									},
									"threshold": 8
								}
							],
							"fallback": {
								"type": "model",
								"model": "ut:item/compass/t1/c10"
							}
						},
						"threshold": 17.5
					},
					{
						"model": {
							"type": "minecraft:range_dispatch",
							"property": "custom_model_data",
							"entries": [
								{
									"model": {
										"type": "model",
										"model": "ut:item/compass/t2/c11"
									},
									"threshold": 2
								},
								{
									"model": {
										"type": "model",
										"model": "ut:item/compass/t3/c11"
									},
									"threshold": 3
								},
								{
									"model": {
										"type": "model",
										"model": "ut:item/compass/t4/c11"
									},
									"threshold": 4
								},
								{
									"model": {
										"type": "model",
										"model": "ut:item/compass/t5/c11"
									},
									"threshold": 5
								},
								{
									"model": {
										"type": "model",
										"model": "ut:item/compass/t6/c11"
									},
									"threshold": 6
								},
								{
									"model": {
										"type": "model",
										"model": "ut:item/compass/t7/c11"
									},
									"threshold": 7
								},
								{
									"model": {
										"type": "model",
										"model": "ut:item/compass/t8/c11"
									},
									"threshold": 8
								}
							],
							"fallback": {
								"type": "model",
								"model": "ut:item/compass/t1/c11"
							}
						},
						"threshold": 19.5
					},
					{
						"model": {
							"type": "minecraft:range_dispatch",
							"property": "custom_model_data",
							"entries": [
								{
									"model": {
										"type": "model",
										"model": "ut:item/compass/t2/c12"
									},
									"threshold": 2
								},
								{
									"model": {
										"type": "model",
										"model": "ut:item/compass/t3/c12"
									},
									"threshold": 3
								},
								{
									"model": {
										"type": "model",
										"model": "ut:item/compass/t4/c12"
									},
									"threshold": 4
								},
								{
									"model": {
										"type": "model",
										"model": "ut:item/compass/t5/c12"
									},
									"threshold": 5
								},
								{
									"model": {
										"type": "model",
										"model": "ut:item/compass/t6/c12"
									},
									"threshold": 6
								},
								{
									"model": {
										"type": "model",
										"model": "ut:item/compass/t7/c12"
									},
									"threshold": 7
								},
								{
									"model": {
										"type": "model",
										"model": "ut:item/compass/t8/c12"
									},
									"threshold": 8
								}
							],
							"fallback": {
								"type": "model",
								"model": "ut:item/compass/t1/c12"
							}
						},
						"threshold": 21.5
					},
					{
						"model": {
							"type": "minecraft:range_dispatch",
							"property": "custom_model_data",
							"entries": [
								{
									"model": {
										"type": "model",
										"model": "ut:item/compass/t2/c13"
									},
									"threshold": 2
								},
								{
									"model": {
										"type": "model",
										"model": "ut:item/compass/t3/c13"
									},
									"threshold": 3
								},
								{
									"model": {
										"type": "model",
										"model": "ut:item/compass/t4/c13"
									},
									"threshold": 4
								},
								{
									"model": {
										"type": "model",
										"model": "ut:item/compass/t5/c13"
									},
									"threshold": 5
								},
								{
									"model": {
										"type": "model",
										"model": "ut:item/compass/t6/c13"
									},
									"threshold": 6
								},
								{
									"model": {
										"type": "model",
										"model": "ut:item/compass/t7/c13"
									},
									"threshold": 7
								},
								{
									"model": {
										"type": "model",
										"model": "ut:item/compass/t8/c13"
									},
									"threshold": 8
								}
							],
							"fallback": {
								"type": "model",
								"model": "ut:item/compass/t1/c13"
							}
						},
						"threshold": 23.5
					},
					{
						"model": {
							"type": "minecraft:range_dispatch",
							"property": "custom_model_data",
							"entries": [
								{
									"model": {
										"type": "model",
										"model": "ut:item/compass/t2/c14"
									},
									"threshold": 2
								},
								{
									"model": {
										"type": "model",
										"model": "ut:item/compass/t3/c14"
									},
									"threshold": 3
								},
								{
									"model": {
										"type": "model",
										"model": "ut:item/compass/t4/c14"
									},
									"threshold": 4
								},
								{
									"model": {
										"type": "model",
										"model": "ut:item/compass/t5/c14"
									},
									"threshold": 5
								},
								{
									"model": {
										"type": "model",
										"model": "ut:item/compass/t6/c14"
									},
									"threshold": 6
								},
								{
									"model": {
										"type": "model",
										"model": "ut:item/compass/t7/c14"
									},
									"threshold": 7
								},
								{
									"model": {
										"type": "model",
										"model": "ut:item/compass/t8/c14"
									},
									"threshold": 8
								}
							],
							"fallback": {
								"type": "model",
								"model": "ut:item/compass/t1/c14"
							}
						},
						"threshold": 25.5
					},
					{
						"model": {
							"type": "minecraft:range_dispatch",
							"property": "custom_model_data",
							"entries": [
								{
									"model": {
										"type": "model",
										"model": "ut:item/compass/t2/c15"
									},
									"threshold": 2
								},
								{
									"model": {
										"type": "model",
										"model": "ut:item/compass/t3/c15"
									},
									"threshold": 3
								},
								{
									"model": {
										"type": "model",
										"model": "ut:item/compass/t4/c15"
									},
									"threshold": 4
								},
								{
									"model": {
										"type": "model",
										"model": "ut:item/compass/t5/c15"
									},
									"threshold": 5
								},
								{
									"model": {
										"type": "model",
										"model": "ut:item/compass/t6/c15"
									},
									"threshold": 6
								},
								{
									"model": {
										"type": "model",
										"model": "ut:item/compass/t7/c15"
									},
									"threshold": 7
								},
								{
									"model": {
										"type": "model",
										"model": "ut:item/compass/t8/c15"
									},
									"threshold": 8
								}
							],
							"fallback": {
								"type": "model",
								"model": "ut:item/compass/t1/c15"
							}
						},
						"threshold": 27.5
					},
					{
						"model": {
							"type": "minecraft:range_dispatch",
							"property": "custom_model_data",
							"entries": [
								{
									"model": {
										"type": "model",
										"model": "ut:item/compass/t2/c16"
									},
									"threshold": 2
								},
								{
									"model": {
										"type": "model",
										"model": "ut:item/compass/t3/c16"
									},
									"threshold": 3
								},
								{
									"model": {
										"type": "model",
										"model": "ut:item/compass/t4/c16"
									},
									"threshold": 4
								},
								{
									"model": {
										"type": "model",
										"model": "ut:item/compass/t5/c16"
									},
									"threshold": 5
								},
								{
									"model": {
										"type": "model",
										"model": "ut:item/compass/t6/c16"
									},
									"threshold": 6
								},
								{
									"model": {
										"type": "model",
										"model": "ut:item/compass/t7/c16"
									},
									"threshold": 7
								},
								{
									"model": {
										"type": "model",
										"model": "ut:item/compass/t8/c16"
									},
									"threshold": 8
								}
							],
							"fallback": {
								"type": "model",
								"model": "ut:item/compass/t1/c16"
							}
						},
						"threshold": 29.5
					},
					{
						"model": {
							"type": "minecraft:range_dispatch",
							"property": "custom_model_data",
							"entries": [
								{
									"model": {
										"type": "model",
										"model": "ut:item/compass/t2/c1"
									},
									"threshold": 2
								},
								{
									"model": {
										"type": "model",
										"model": "ut:item/compass/t3/c1"
									},
									"threshold": 3
								},
								{
									"model": {
										"type": "model",
										"model": "ut:item/compass/t4/c1"
									},
									"threshold": 4
								},
								{
									"model": {
										"type": "model",
										"model": "ut:item/compass/t5/c1"
									},
									"threshold": 5
								},
								{
									"model": {
										"type": "model",
										"model": "ut:item/compass/t6/c1"
									},
									"threshold": 6
								},
								{
									"model": {
										"type": "model",
										"model": "ut:item/compass/t7/c1"
									},
									"threshold": 7
								},
								{
									"model": {
										"type": "model",
										"model": "ut:item/compass/t8/c1"
									},
									"threshold": 8
								}
							],
							"fallback": {
								"type": "model",
								"model": "ut:item/compass/t1/c1"
							}
						},
						"threshold": 31.5
					}
				],
				"property": "minecraft:compass",
				"scale": 32.0,
				"target": "none"
			},
			"property": "minecraft:context_dimension"
		},
		"on_true": {
			"type": "minecraft:range_dispatch",
			"entries": [
				{
					"model": {
						"type": "minecraft:range_dispatch",
						"property": "custom_model_data",
						"entries": [
							{
								"model": {
									"type": "model",
									"model": "ut:item/compass/t2/c1"
								},
								"threshold": 2
							},
							{
								"model": {
									"type": "model",
									"model": "ut:item/compass/t3/c1"
								},
								"threshold": 3
							},
							{
								"model": {
									"type": "model",
									"model": "ut:item/compass/t4/c1"
								},
								"threshold": 4
							},
							{
								"model": {
									"type": "model",
									"model": "ut:item/compass/t5/c1"
								},
								"threshold": 5
							},
							{
								"model": {
									"type": "model",
									"model": "ut:item/compass/t6/c1"
								},
								"threshold": 6
							},
							{
								"model": {
									"type": "model",
									"model": "ut:item/compass/t7/c1"
								},
								"threshold": 7
							},
							{
								"model": {
									"type": "model",
									"model": "ut:item/compass/t8/c1"
								},
								"threshold": 8
							}
						],
						"fallback": {
							"type": "model",
							"model": "ut:item/compass/t1/c1"
						}
					},
					"threshold": 0.0
				},
				{
					"model": {
						"type": "minecraft:range_dispatch",
						"property": "custom_model_data",
						"entries": [
							{
								"model": {
									"type": "model",
									"model": "ut:item/compass/t2/c2"
								},
								"threshold": 2
							},
							{
								"model": {
									"type": "model",
									"model": "ut:item/compass/t3/c2"
								},
								"threshold": 3
							},
							{
								"model": {
									"type": "model",
									"model": "ut:item/compass/t4/c2"
								},
								"threshold": 4
							},
							{
								"model": {
									"type": "model",
									"model": "ut:item/compass/t5/c2"
								},
								"threshold": 5
							},
							{
								"model": {
									"type": "model",
									"model": "ut:item/compass/t6/c2"
								},
								"threshold": 6
							},
							{
								"model": {
									"type": "model",
									"model": "ut:item/compass/t7/c2"
								},
								"threshold": 7
							},
							{
								"model": {
									"type": "model",
									"model": "ut:item/compass/t8/c2"
								},
								"threshold": 8
							}
						],
						"fallback": {
							"type": "model",
							"model": "ut:item/compass/t1/c2"
						}
					},
					"threshold": 1.5
				},
				{
					"model": {
						"type": "minecraft:range_dispatch",
						"property": "custom_model_data",
						"entries": [
							{
								"model": {
									"type": "model",
									"model": "ut:item/compass/t2/c3"
								},
								"threshold": 2
							},
							{
								"model": {
									"type": "model",
									"model": "ut:item/compass/t3/c3"
								},
								"threshold": 3
							},
							{
								"model": {
									"type": "model",
									"model": "ut:item/compass/t4/c3"
								},
								"threshold": 4
							},
							{
								"model": {
									"type": "model",
									"model": "ut:item/compass/t5/c3"
								},
								"threshold": 5
							},
							{
								"model": {
									"type": "model",
									"model": "ut:item/compass/t6/c3"
								},
								"threshold": 6
							},
							{
								"model": {
									"type": "model",
									"model": "ut:item/compass/t7/c3"
								},
								"threshold": 7
							},
							{
								"model": {
									"type": "model",
									"model": "ut:item/compass/t8/c3"
								},
								"threshold": 8
							}
						],
						"fallback": {
							"type": "model",
							"model": "ut:item/compass/t1/c3"
						}
					},
					"threshold": 3.5
				},
				{
					"model": {
						"type": "minecraft:range_dispatch",
						"property": "custom_model_data",
						"entries": [
							{
								"model": {
									"type": "model",
									"model": "ut:item/compass/t2/c4"
								},
								"threshold": 2
							},
							{
								"model": {
									"type": "model",
									"model": "ut:item/compass/t3/c4"
								},
								"threshold": 3
							},
							{
								"model": {
									"type": "model",
									"model": "ut:item/compass/t4/c4"
								},
								"threshold": 4
							},
							{
								"model": {
									"type": "model",
									"model": "ut:item/compass/t5/c4"
								},
								"threshold": 5
							},
							{
								"model": {
									"type": "model",
									"model": "ut:item/compass/t6/c4"
								},
								"threshold": 6
							},
							{
								"model": {
									"type": "model",
									"model": "ut:item/compass/t7/c4"
								},
								"threshold": 7
							},
							{
								"model": {
									"type": "model",
									"model": "ut:item/compass/t8/c4"
								},
								"threshold": 8
							}
						],
						"fallback": {
							"type": "model",
							"model": "ut:item/compass/t1/c4"
						}
					},
					"threshold": 5.5
				},
				{
					"model": {
						"type": "minecraft:range_dispatch",
						"property": "custom_model_data",
						"entries": [
							{
								"model": {
									"type": "model",
									"model": "ut:item/compass/t2/c5"
								},
								"threshold": 2
							},
							{
								"model": {
									"type": "model",
									"model": "ut:item/compass/t3/c5"
								},
								"threshold": 3
							},
							{
								"model": {
									"type": "model",
									"model": "ut:item/compass/t4/c5"
								},
								"threshold": 4
							},
							{
								"model": {
									"type": "model",
									"model": "ut:item/compass/t5/c5"
								},
								"threshold": 5
							},
							{
								"model": {
									"type": "model",
									"model": "ut:item/compass/t6/c5"
								},
								"threshold": 6
							},
							{
								"model": {
									"type": "model",
									"model": "ut:item/compass/t7/c5"
								},
								"threshold": 7
							},
							{
								"model": {
									"type": "model",
									"model": "ut:item/compass/t8/c5"
								},
								"threshold": 8
							}
						],
						"fallback": {
							"type": "model",
							"model": "ut:item/compass/t1/c5"
						}
					},
					"threshold": 7.5
				},
				{
					"model": {
						"type": "minecraft:range_dispatch",
						"property": "custom_model_data",
						"entries": [
							{
								"model": {
									"type": "model",
									"model": "ut:item/compass/t2/c6"
								},
								"threshold": 2
							},
							{
								"model": {
									"type": "model",
									"model": "ut:item/compass/t3/c6"
								},
								"threshold": 3
							},
							{
								"model": {
									"type": "model",
									"model": "ut:item/compass/t4/c6"
								},
								"threshold": 4
							},
							{
								"model": {
									"type": "model",
									"model": "ut:item/compass/t5/c6"
								},
								"threshold": 5
							},
							{
								"model": {
									"type": "model",
									"model": "ut:item/compass/t6/c6"
								},
								"threshold": 6
							},
							{
								"model": {
									"type": "model",
									"model": "ut:item/compass/t7/c6"
								},
								"threshold": 7
							},
							{
								"model": {
									"type": "model",
									"model": "ut:item/compass/t8/c6"
								},
								"threshold": 8
							}
						],
						"fallback": {
							"type": "model",
							"model": "ut:item/compass/t1/c6"
						}
					},
					"threshold": 9.5
				},
				{
					"model": {
						"type": "minecraft:range_dispatch",
						"property": "custom_model_data",
						"entries": [
							{
								"model": {
									"type": "model",
									"model": "ut:item/compass/t2/c7"
								},
								"threshold": 2
							},
							{
								"model": {
									"type": "model",
									"model": "ut:item/compass/t3/c7"
								},
								"threshold": 3
							},
							{
								"model": {
									"type": "model",
									"model": "ut:item/compass/t4/c7"
								},
								"threshold": 4
							},
							{
								"model": {
									"type": "model",
									"model": "ut:item/compass/t5/c7"
								},
								"threshold": 5
							},
							{
								"model": {
									"type": "model",
									"model": "ut:item/compass/t6/c7"
								},
								"threshold": 6
							},
							{
								"model": {
									"type": "model",
									"model": "ut:item/compass/t7/c7"
								},
								"threshold": 7
							},
							{
								"model": {
									"type": "model",
									"model": "ut:item/compass/t8/c7"
								},
								"threshold": 8
							}
						],
						"fallback": {
							"type": "model",
							"model": "ut:item/compass/t1/c7"
						}
					},
					"threshold": 11.5
				},
				{
					"model": {
						"type": "minecraft:range_dispatch",
						"property": "custom_model_data",
						"entries": [
							{
								"model": {
									"type": "model",
									"model": "ut:item/compass/t2/c8"
								},
								"threshold": 2
							},
							{
								"model": {
									"type": "model",
									"model": "ut:item/compass/t3/c8"
								},
								"threshold": 3
							},
							{
								"model": {
									"type": "model",
									"model": "ut:item/compass/t4/c8"
								},
								"threshold": 4
							},
							{
								"model": {
									"type": "model",
									"model": "ut:item/compass/t5/c8"
								},
								"threshold": 5
							},
							{
								"model": {
									"type": "model",
									"model": "ut:item/compass/t6/c8"
								},
								"threshold": 6
							},
							{
								"model": {
									"type": "model",
									"model": "ut:item/compass/t7/c8"
								},
								"threshold": 7
							},
							{
								"model": {
									"type": "model",
									"model": "ut:item/compass/t8/c8"
								},
								"threshold": 8
							}
						],
						"fallback": {
							"type": "model",
							"model": "ut:item/compass/t1/c8"
						}
					},
					"threshold": 13.5
				},
				{
					"model": {
						"type": "minecraft:range_dispatch",
						"property": "custom_model_data",
						"entries": [
							{
								"model": {
									"type": "model",
									"model": "ut:item/compass/t2/c9"
								},
								"threshold": 2
							},
							{
								"model": {
									"type": "model",
									"model": "ut:item/compass/t3/c9"
								},
								"threshold": 3
							},
							{
								"model": {
									"type": "model",
									"model": "ut:item/compass/t4/c9"
								},
								"threshold": 4
							},
							{
								"model": {
									"type": "model",
									"model": "ut:item/compass/t5/c9"
								},
								"threshold": 5
							},
							{
								"model": {
									"type": "model",
									"model": "ut:item/compass/t6/c9"
								},
								"threshold": 6
							},
							{
								"model": {
									"type": "model",
									"model": "ut:item/compass/t7/c9"
								},
								"threshold": 7
							},
							{
								"model": {
									"type": "model",
									"model": "ut:item/compass/t8/c9"
								},
								"threshold": 8
							}
						],
						"fallback": {
							"type": "model",
							"model": "ut:item/compass/t1/c9"
						}
					},
					"threshold": 15.5
				},
				{
					"model": {
						"type": "minecraft:range_dispatch",
						"property": "custom_model_data",
						"entries": [
							{
								"model": {
									"type": "model",
									"model": "ut:item/compass/t2/c10"
								},
								"threshold": 2
							},
							{
								"model": {
									"type": "model",
									"model": "ut:item/compass/t3/c10"
								},
								"threshold": 3
							},
							{
								"model": {
									"type": "model",
									"model": "ut:item/compass/t4/c10"
								},
								"threshold": 4
							},
							{
								"model": {
									"type": "model",
									"model": "ut:item/compass/t5/c10"
								},
								"threshold": 5
							},
							{
								"model": {
									"type": "model",
									"model": "ut:item/compass/t6/c10"
								},
								"threshold": 6
							},
							{
								"model": {
									"type": "model",
									"model": "ut:item/compass/t7/c10"
								},
								"threshold": 7
							},
							{
								"model": {
									"type": "model",
									"model": "ut:item/compass/t8/c10"
								},
								"threshold": 8
							}
						],
						"fallback": {
							"type": "model",
							"model": "ut:item/compass/t1/c10"
						}
					},
					"threshold": 17.5
				},
				{
					"model": {
						"type": "minecraft:range_dispatch",
						"property": "custom_model_data",
						"entries": [
							{
								"model": {
									"type": "model",
									"model": "ut:item/compass/t2/c11"
								},
								"threshold": 2
							},
							{
								"model": {
									"type": "model",
									"model": "ut:item/compass/t3/c11"
								},
								"threshold": 3
							},
							{
								"model": {
									"type": "model",
									"model": "ut:item/compass/t4/c11"
								},
								"threshold": 4
							},
							{
								"model": {
									"type": "model",
									"model": "ut:item/compass/t5/c11"
								},
								"threshold": 5
							},
							{
								"model": {
									"type": "model",
									"model": "ut:item/compass/t6/c11"
								},
								"threshold": 6
							},
							{
								"model": {
									"type": "model",
									"model": "ut:item/compass/t7/c11"
								},
								"threshold": 7
							},
							{
								"model": {
									"type": "model",
									"model": "ut:item/compass/t8/c11"
								},
								"threshold": 8
							}
						],
						"fallback": {
							"type": "model",
							"model": "ut:item/compass/t1/c11"
						}
					},
					"threshold": 19.5
				},
				{
					"model": {
						"type": "minecraft:range_dispatch",
						"property": "custom_model_data",
						"entries": [
							{
								"model": {
									"type": "model",
									"model": "ut:item/compass/t2/c12"
								},
								"threshold": 2
							},
							{
								"model": {
									"type": "model",
									"model": "ut:item/compass/t3/c12"
								},
								"threshold": 3
							},
							{
								"model": {
									"type": "model",
									"model": "ut:item/compass/t4/c12"
								},
								"threshold": 4
							},
							{
								"model": {
									"type": "model",
									"model": "ut:item/compass/t5/c12"
								},
								"threshold": 5
							},
							{
								"model": {
									"type": "model",
									"model": "ut:item/compass/t6/c12"
								},
								"threshold": 6
							},
							{
								"model": {
									"type": "model",
									"model": "ut:item/compass/t7/c12"
								},
								"threshold": 7
							},
							{
								"model": {
									"type": "model",
									"model": "ut:item/compass/t8/c12"
								},
								"threshold": 8
							}
						],
						"fallback": {
							"type": "model",
							"model": "ut:item/compass/t1/c12"
						}
					},
					"threshold": 21.5
				},
				{
					"model": {
						"type": "minecraft:range_dispatch",
						"property": "custom_model_data",
						"entries": [
							{
								"model": {
									"type": "model",
									"model": "ut:item/compass/t2/c13"
								},
								"threshold": 2
							},
							{
								"model": {
									"type": "model",
									"model": "ut:item/compass/t3/c13"
								},
								"threshold": 3
							},
							{
								"model": {
									"type": "model",
									"model": "ut:item/compass/t4/c13"
								},
								"threshold": 4
							},
							{
								"model": {
									"type": "model",
									"model": "ut:item/compass/t5/c13"
								},
								"threshold": 5
							},
							{
								"model": {
									"type": "model",
									"model": "ut:item/compass/t6/c13"
								},
								"threshold": 6
							},
							{
								"model": {
									"type": "model",
									"model": "ut:item/compass/t7/c13"
								},
								"threshold": 7
							},
							{
								"model": {
									"type": "model",
									"model": "ut:item/compass/t8/c13"
								},
								"threshold": 8
							}
						],
						"fallback": {
							"type": "model",
							"model": "ut:item/compass/t1/c13"
						}
					},
					"threshold": 23.5
				},
				{
					"model": {
						"type": "minecraft:range_dispatch",
						"property": "custom_model_data",
						"entries": [
							{
								"model": {
									"type": "model",
									"model": "ut:item/compass/t2/c14"
								},
								"threshold": 2
							},
							{
								"model": {
									"type": "model",
									"model": "ut:item/compass/t3/c14"
								},
								"threshold": 3
							},
							{
								"model": {
									"type": "model",
									"model": "ut:item/compass/t4/c14"
								},
								"threshold": 4
							},
							{
								"model": {
									"type": "model",
									"model": "ut:item/compass/t5/c14"
								},
								"threshold": 5
							},
							{
								"model": {
									"type": "model",
									"model": "ut:item/compass/t6/c14"
								},
								"threshold": 6
							},
							{
								"model": {
									"type": "model",
									"model": "ut:item/compass/t7/c14"
								},
								"threshold": 7
							},
							{
								"model": {
									"type": "model",
									"model": "ut:item/compass/t8/c14"
								},
								"threshold": 8
							}
						],
						"fallback": {
							"type": "model",
							"model": "ut:item/compass/t1/c14"
						}
					},
					"threshold": 25.5
				},
				{
					"model": {
						"type": "minecraft:range_dispatch",
						"property": "custom_model_data",
						"entries": [
							{
								"model": {
									"type": "model",
									"model": "ut:item/compass/t2/c15"
								},
								"threshold": 2
							},
							{
								"model": {
									"type": "model",
									"model": "ut:item/compass/t3/c15"
								},
								"threshold": 3
							},
							{
								"model": {
									"type": "model",
									"model": "ut:item/compass/t4/c15"
								},
								"threshold": 4
							},
							{
								"model": {
									"type": "model",
									"model": "ut:item/compass/t5/c15"
								},
								"threshold": 5
							},
							{
								"model": {
									"type": "model",
									"model": "ut:item/compass/t6/c15"
								},
								"threshold": 6
							},
							{
								"model": {
									"type": "model",
									"model": "ut:item/compass/t7/c15"
								},
								"threshold": 7
							},
							{
								"model": {
									"type": "model",
									"model": "ut:item/compass/t8/c15"
								},
								"threshold": 8
							}
						],
						"fallback": {
							"type": "model",
							"model": "ut:item/compass/t1/c15"
						}
					},
					"threshold": 27.5
				},
				{
					"model": {
						"type": "minecraft:range_dispatch",
						"property": "custom_model_data",
						"entries": [
							{
								"model": {
									"type": "model",
									"model": "ut:item/compass/t2/c16"
								},
								"threshold": 2
							},
							{
								"model": {
									"type": "model",
									"model": "ut:item/compass/t3/c16"
								},
								"threshold": 3
							},
							{
								"model": {
									"type": "model",
									"model": "ut:item/compass/t4/c16"
								},
								"threshold": 4
							},
							{
								"model": {
									"type": "model",
									"model": "ut:item/compass/t5/c16"
								},
								"threshold": 5
							},
							{
								"model": {
									"type": "model",
									"model": "ut:item/compass/t6/c16"
								},
								"threshold": 6
							},
							{
								"model": {
									"type": "model",
									"model": "ut:item/compass/t7/c16"
								},
								"threshold": 7
							},
							{
								"model": {
									"type": "model",
									"model": "ut:item/compass/t8/c16"
								},
								"threshold": 8
							}
						],
						"fallback": {
							"type": "model",
							"model": "ut:item/compass/t1/c16"
						}
					},
					"threshold": 29.5
				},
				{
					"model": {
						"type": "minecraft:range_dispatch",
						"property": "custom_model_data",
						"entries": [
							{
								"model": {
									"type": "model",
									"model": "ut:item/compass/t2/c1"
								},
								"threshold": 2
							},
							{
								"model": {
									"type": "model",
									"model": "ut:item/compass/t3/c1"
								},
								"threshold": 3
							},
							{
								"model": {
									"type": "model",
									"model": "ut:item/compass/t4/c1"
								},
								"threshold": 4
							},
							{
								"model": {
									"type": "model",
									"model": "ut:item/compass/t5/c1"
								},
								"threshold": 5
							},
							{
								"model": {
									"type": "model",
									"model": "ut:item/compass/t6/c1"
								},
								"threshold": 6
							},
							{
								"model": {
									"type": "model",
									"model": "ut:item/compass/t7/c1"
								},
								"threshold": 7
							},
							{
								"model": {
									"type": "model",
									"model": "ut:item/compass/t8/c1"
								},
								"threshold": 8
							}
						],
						"fallback": {
							"type": "model",
							"model": "ut:item/compass/t1/c1"
						}
					},
					"threshold": 31.5
				}
			],
			"property": "minecraft:compass",
			"scale": 32.0,
			"target": "lodestone"
		},
		"property": "minecraft:has_component"
	}
}
