{
	"credit": "Made with Blockbench",
	"texture_size": [32, 32],
	"textures": {
		"1": "cnp:item/dlc/dlc0/28/disc"
	},
	"elements": [
		{
			"from": [7.05905, 7.975, 8.45],
			"to": [8.94095, 8.05, 10.25],
			"rotation": {"angle": 0, "axis": "y", "origin": [8, 8, 8]},
			"faces": {
				"north": {"uv": [4, 0, 7, 3], "texture": "#1"},
				"east": {"uv": [4, 0, 7, 3], "texture": "#1"},
				"south": {"uv": [4, 0, 7, 3], "texture": "#1"},
				"west": {"uv": [4, 0, 7, 3], "texture": "#1"},
				"up": {"uv": [4, 0, 7, 3], "rotation": 180, "texture": "#1"},
				"down": {"uv": [4, 0, 7, 3], "rotation": 180, "texture": "#1"}
			}
		},
		{
			"from": [7.05905, 7.975, 5.75],
			"to": [8.94095, 8.05, 7.55],
			"rotation": {"angle": 0, "axis": "y", "origin": [8, 8, 8]},
			"faces": {
				"north": {"uv": [0, 0, 0.5, 0.05], "texture": "#1"},
				"east": {"uv": [0, 0, 1, 0.05], "texture": "#1"},
				"south": {"uv": [0, 0, 0.5, 0.05], "texture": "#1"},
				"west": {"uv": [0, 0, 1, 0.05], "texture": "#1"},
				"up": {"uv": [10, 0, 13, 3], "rotation": 180, "texture": "#1"},
				"down": {"uv": [10, 0, 13, 3], "rotation": 180, "texture": "#1"}
			}
		},
		{
			"from": [5.73425, 7.975, 7.1099],
			"to": [7.59545, 8.05, 8.8901],
			"rotation": {"angle": -45, "axis": "y", "origin": [8, 8, 8]},
			"faces": {
				"north": {"uv": [0, 0, 0.5, 0.05], "texture": "#1"},
				"east": {"uv": [0, 0, 1, 0.05], "texture": "#1"},
				"south": {"uv": [0, 0, 0.5, 0.05], "texture": "#1"},
				"west": {"uv": [0, 0, 1, 0.05], "texture": "#1"},
				"up": {"uv": [16, 3, 13, 0], "texture": "#1"},
				"down": {"uv": [16, 3, 13, 0], "texture": "#1"}
			}
		},
		{
			"from": [7.1099, 7.975, 8.40455],
			"to": [8.8901, 8.05, 10.26575],
			"rotation": {"angle": 45, "axis": "y", "origin": [8, 8, 8]},
			"faces": {
				"north": {"uv": [1, 0, 4, 3], "texture": "#1"},
				"east": {"uv": [1, 0, 4, 3], "texture": "#1"},
				"south": {"uv": [1, 0, 4, 3], "texture": "#1"},
				"west": {"uv": [1, 0, 4, 3], "texture": "#1"},
				"up": {"uv": [1, 0, 4, 3], "rotation": 270, "texture": "#1"},
				"down": {"uv": [1, 0, 4, 3], "rotation": 90, "texture": "#1"}
			}
		},
		{
			"from": [5.75, 7.975, 7.05905],
			"to": [7.55, 8.05, 8.94095],
			"rotation": {"angle": 0, "axis": "y", "origin": [8, 8, 8]},
			"faces": {
				"north": {"uv": [0, 0, 1, 0.05], "texture": "#1"},
				"east": {"uv": [0, 0, 0.5, 0.05], "texture": "#1"},
				"south": {"uv": [0, 0, 1, 0.05], "texture": "#1"},
				"west": {"uv": [0, 0, 0.5, 0.05], "texture": "#1"},
				"up": {"uv": [10, 0, 13, 3], "rotation": 270, "texture": "#1"},
				"down": {"uv": [10, 0, 13, 3], "rotation": 90, "texture": "#1"}
			}
		},
		{
			"from": [8.45, 7.975, 7.05905],
			"to": [10.25, 8.05, 8.94095],
			"rotation": {"angle": 0, "axis": "y", "origin": [8, 8, 8]},
			"faces": {
				"north": {"uv": [4, 0, 7, 3], "texture": "#1"},
				"east": {"uv": [4, 0, 7, 3], "texture": "#1"},
				"south": {"uv": [4, 0, 7, 3], "texture": "#1"},
				"west": {"uv": [4, 0, 7, 3], "texture": "#1"},
				"up": {"uv": [4, 0, 7, 3], "rotation": 270, "texture": "#1"},
				"down": {"uv": [4, 0, 7, 3], "rotation": 90, "texture": "#1"}
			}
		},
		{
			"from": [7.05905, 7.975, 8.45],
			"to": [8.94095, 8.05, 10.25],
			"rotation": {"angle": -45, "axis": "y", "origin": [8, 8, 8]},
			"faces": {
				"north": {"uv": [0, 0, 0.5, 0.05], "texture": "#1"},
				"east": {"uv": [0, 0, 1, 0.05], "texture": "#1"},
				"south": {"uv": [0, 0, 0.5, 0.05], "texture": "#1"},
				"west": {"uv": [0, 0, 1, 0.05], "texture": "#1"},
				"up": {"uv": [7, 0, 10, 3], "rotation": 180, "texture": "#1"},
				"down": {"uv": [7, 3, 10, 0], "rotation": 180, "texture": "#1"}
			}
		},
		{
			"from": [8.45, 7.975, 7.05905],
			"to": [10.25, 8.05, 8.94095],
			"rotation": {"angle": 45, "axis": "y", "origin": [8, 8, 8]},
			"faces": {
				"north": {"uv": [0, 0, 1, 0.05], "texture": "#1"},
				"east": {"uv": [0, 0, 0.5, 0.05], "texture": "#1"},
				"south": {"uv": [0, 0, 1, 0.05], "texture": "#1"},
				"west": {"uv": [0, 0, 0.5, 0.05], "texture": "#1"},
				"up": {"uv": [7, 0, 10, 3], "rotation": 270, "texture": "#1"},
				"down": {"uv": [1.5, 0, 4.5, 1], "rotation": 90, "texture": "#1"}
			}
		},
		{
			"from": [7.65184, 7.925, 8.38514],
			"to": [8.34816, 8.075, 8.83251],
			"rotation": {"angle": 0, "axis": "y", "origin": [8, 7.95, 8]},
			"faces": {
				"north": {"uv": [0, 3.5, 16, 4], "texture": "#1"},
				"east": {"uv": [0, 3.5, 16, 4], "texture": "#1"},
				"south": {"uv": [0, 3.5, 16, 4], "texture": "#1"},
				"west": {"uv": [0, 3.5, 16, 4], "texture": "#1"},
				"up": {"uv": [0, 3.5, 16, 4], "texture": "#1"},
				"down": {"uv": [0, 3.5, 16, 4], "texture": "#1"}
			}
		},
		{
			"from": [7.65184, 7.925, 7.16749],
			"to": [8.34816, 8.075, 7.61486],
			"rotation": {"angle": 0, "axis": "y", "origin": [8, 7.95, 8]},
			"faces": {
				"north": {"uv": [0, 3.5, 16, 4], "texture": "#1"},
				"east": {"uv": [0, 3.5, 16, 4], "texture": "#1"},
				"south": {"uv": [0, 3.5, 16, 4], "texture": "#1"},
				"west": {"uv": [0, 3.5, 16, 4], "texture": "#1"},
				"up": {"uv": [0, 3.5, 16, 4], "texture": "#1"},
				"down": {"uv": [0, 3.5, 16, 4], "texture": "#1"}
			}
		},
		{
			"from": [7.65184, 7.925, 7.16749],
			"to": [8.34816, 8.075, 7.61486],
			"rotation": {"angle": 45, "axis": "y", "origin": [8, 7.95, 8]},
			"faces": {
				"north": {"uv": [0, 3.5, 16, 4], "texture": "#1"},
				"east": {"uv": [0, 3.5, 16, 4], "texture": "#1"},
				"south": {"uv": [0, 3.5, 16, 4], "texture": "#1"},
				"west": {"uv": [0, 3.5, 16, 4], "texture": "#1"},
				"up": {"uv": [0, 3.5, 16, 4], "texture": "#1"},
				"down": {"uv": [0, 3.5, 16, 4], "texture": "#1"}
			}
		},
		{
			"from": [7.65184, 7.925, 8.38514],
			"to": [8.34816, 8.075, 8.83251],
			"rotation": {"angle": 45, "axis": "y", "origin": [8, 7.95, 8]},
			"faces": {
				"north": {"uv": [0, 3.5, 16, 4], "texture": "#1"},
				"east": {"uv": [0, 3.5, 16, 4], "texture": "#1"},
				"south": {"uv": [0, 3.5, 16, 4], "texture": "#1"},
				"west": {"uv": [0, 3.5, 16, 4], "texture": "#1"},
				"up": {"uv": [0, 3.5, 16, 4], "texture": "#1"},
				"down": {"uv": [0, 3.5, 16, 4], "texture": "#1"}
			}
		},
		{
			"from": [7.16749, 7.925, 7.65184],
			"to": [7.61486, 8.075, 8.34816],
			"rotation": {"angle": 0, "axis": "y", "origin": [8, 7.95, 8]},
			"faces": {
				"north": {"uv": [0, 3.5, 16, 4], "texture": "#1"},
				"east": {"uv": [0, 3.5, 16, 4], "texture": "#1"},
				"south": {"uv": [0, 3.5, 16, 4], "texture": "#1"},
				"west": {"uv": [0, 3.5, 16, 4], "texture": "#1"},
				"up": {"uv": [0, 3.5, 16, 4], "rotation": 270, "texture": "#1"},
				"down": {"uv": [0, 3.5, 16, 4], "rotation": 90, "texture": "#1"}
			}
		},
		{
			"from": [8.38514, 7.925, 7.65184],
			"to": [8.83251, 8.075, 8.34816],
			"rotation": {"angle": 0, "axis": "y", "origin": [8, 7.95, 8]},
			"faces": {
				"north": {"uv": [0, 3.5, 16, 4], "texture": "#1"},
				"east": {"uv": [0, 3.5, 16, 4], "texture": "#1"},
				"south": {"uv": [0, 3.5, 16, 4], "texture": "#1"},
				"west": {"uv": [0, 3.5, 16, 4], "texture": "#1"},
				"up": {"uv": [0, 3.5, 16, 4], "rotation": 270, "texture": "#1"},
				"down": {"uv": [0, 3.5, 16, 4], "rotation": 90, "texture": "#1"}
			}
		},
		{
			"from": [7.16749, 7.925, 7.65184],
			"to": [7.61486, 8.075, 8.34816],
			"rotation": {"angle": 45, "axis": "y", "origin": [8, 7.95, 8]},
			"faces": {
				"north": {"uv": [0, 3.5, 16, 4], "texture": "#1"},
				"east": {"uv": [0, 3.5, 16, 4], "texture": "#1"},
				"south": {"uv": [0, 3.5, 16, 4], "texture": "#1"},
				"west": {"uv": [0, 3.5, 16, 4], "texture": "#1"},
				"up": {"uv": [0, 3.5, 16, 4], "rotation": 270, "texture": "#1"},
				"down": {"uv": [0, 3.5, 16, 4], "rotation": 90, "texture": "#1"}
			}
		},
		{
			"from": [8.38514, 7.925, 7.65184],
			"to": [8.83251, 8.075, 8.34816],
			"rotation": {"angle": 45, "axis": "y", "origin": [8, 7.95, 8]},
			"faces": {
				"north": {"uv": [0, 3.5, 16, 4], "texture": "#1"},
				"east": {"uv": [0, 3.5, 16, 4], "texture": "#1"},
				"south": {"uv": [0, 3.5, 16, 4], "texture": "#1"},
				"west": {"uv": [0, 3.5, 16, 4], "texture": "#1"},
				"up": {"uv": [0, 3.5, 16, 4], "rotation": 270, "texture": "#1"},
				"down": {"uv": [0, 3.5, 16, 4], "rotation": 90, "texture": "#1"}
			}
		},
		{
			"from": [7.03466, 7.94, 10.19729],
			"to": [8.96534, 8.06, 10.30833],
			"rotation": {"angle": 0, "axis": "y", "origin": [8, 7.95, 8]},
			"faces": {
				"north": {"uv": [0, 3, 16, 3.5], "texture": "#1"},
				"east": {"uv": [0, 3, 16, 3.5], "texture": "#1"},
				"south": {"uv": [0, 3, 16, 3.5], "texture": "#1"},
				"west": {"uv": [0, 3, 16, 3.5], "texture": "#1"},
				"up": {"uv": [0, 3, 16, 3.5], "texture": "#1"},
				"down": {"uv": [0, 3, 16, 3.5], "texture": "#1"}
			}
		},
		{
			"from": [7.03466, 7.94, 5.69167],
			"to": [8.96534, 8.06, 5.80271],
			"rotation": {"angle": 0, "axis": "y", "origin": [8, 7.95, 8]},
			"faces": {
				"north": {"uv": [0, 3, 16, 3.5], "texture": "#1"},
				"east": {"uv": [0, 3, 16, 3.5], "texture": "#1"},
				"south": {"uv": [0, 3, 16, 3.5], "texture": "#1"},
				"west": {"uv": [0, 3, 16, 3.5], "texture": "#1"},
				"up": {"uv": [0, 3, 16, 3.5], "texture": "#1"},
				"down": {"uv": [0, 3, 16, 3.5], "texture": "#1"}
			}
		},
		{
			"from": [7.03466, 7.94, 5.69167],
			"to": [8.96534, 8.06, 5.80271],
			"rotation": {"angle": 45, "axis": "y", "origin": [8, 7.95, 8]},
			"faces": {
				"north": {"uv": [0, 3, 16, 3.5], "texture": "#1"},
				"east": {"uv": [0, 3, 16, 3.5], "texture": "#1"},
				"south": {"uv": [0, 3, 16, 3.5], "texture": "#1"},
				"west": {"uv": [0, 3, 16, 3.5], "texture": "#1"},
				"up": {"uv": [0, 3, 16, 3.5], "texture": "#1"},
				"down": {"uv": [0, 3, 16, 3.5], "texture": "#1"}
			}
		},
		{
			"from": [7.03466, 7.94, 10.19729],
			"to": [8.96534, 8.06, 10.30833],
			"rotation": {"angle": 45, "axis": "y", "origin": [8, 7.95, 8]},
			"faces": {
				"north": {"uv": [0, 3, 16, 3.5], "texture": "#1"},
				"east": {"uv": [0, 3, 16, 3.5], "texture": "#1"},
				"south": {"uv": [0, 3, 16, 3.5], "texture": "#1"},
				"west": {"uv": [0, 3, 16, 3.5], "texture": "#1"},
				"up": {"uv": [0, 3, 16, 3.5], "texture": "#1"},
				"down": {"uv": [0, 3, 16, 3.5], "texture": "#1"}
			}
		},
		{
			"from": [5.69167, 7.94, 7.03466],
			"to": [5.80271, 8.06, 8.96534],
			"rotation": {"angle": 0, "axis": "y", "origin": [8, 7.95, 8]},
			"faces": {
				"north": {"uv": [0, 3, 16, 3.5], "texture": "#1"},
				"east": {"uv": [0, 3, 16, 3.5], "texture": "#1"},
				"south": {"uv": [0, 3, 16, 3.5], "texture": "#1"},
				"west": {"uv": [0, 3, 16, 3.5], "texture": "#1"},
				"up": {"uv": [0, 3, 16, 3.5], "rotation": 270, "texture": "#1"},
				"down": {"uv": [0, 3, 16, 3.5], "rotation": 90, "texture": "#1"}
			}
		},
		{
			"from": [10.19729, 7.94, 7.03466],
			"to": [10.30833, 8.06, 8.96534],
			"rotation": {"angle": 0, "axis": "y", "origin": [8, 7.95, 8]},
			"faces": {
				"north": {"uv": [0, 3, 16, 3.5], "texture": "#1"},
				"east": {"uv": [0, 3, 16, 3.5], "texture": "#1"},
				"south": {"uv": [0, 3, 16, 3.5], "texture": "#1"},
				"west": {"uv": [0, 3, 16, 3.5], "texture": "#1"},
				"up": {"uv": [0, 3, 16, 3.5], "rotation": 270, "texture": "#1"},
				"down": {"uv": [0, 3, 16, 3.5], "rotation": 90, "texture": "#1"}
			}
		},
		{
			"from": [5.69167, 7.94, 7.03466],
			"to": [5.80271, 8.06, 8.96534],
			"rotation": {"angle": 45, "axis": "y", "origin": [8, 7.95, 8]},
			"faces": {
				"north": {"uv": [0, 3, 16, 3.5], "texture": "#1"},
				"east": {"uv": [0, 3, 16, 3.5], "texture": "#1"},
				"south": {"uv": [0, 3, 16, 3.5], "texture": "#1"},
				"west": {"uv": [0, 3, 16, 3.5], "texture": "#1"},
				"up": {"uv": [0, 3, 16, 3.5], "rotation": 270, "texture": "#1"},
				"down": {"uv": [0, 3, 16, 3.5], "rotation": 90, "texture": "#1"}
			}
		},
		{
			"from": [10.19729, 7.94, 7.03466],
			"to": [10.30833, 8.06, 8.96534],
			"rotation": {"angle": 45, "axis": "y", "origin": [8, 7.95, 8]},
			"faces": {
				"north": {"uv": [0, 3, 16, 3.5], "texture": "#1"},
				"east": {"uv": [0, 3, 16, 3.5], "texture": "#1"},
				"south": {"uv": [0, 3, 16, 3.5], "texture": "#1"},
				"west": {"uv": [0, 3, 16, 3.5], "texture": "#1"},
				"up": {"uv": [0, 3, 16, 3.5], "rotation": 270, "texture": "#1"},
				"down": {"uv": [0, 3, 16, 3.5], "rotation": 90, "texture": "#1"}
			}
		},
		{
			"from": [8.775, 8.075, 7.5],
			"to": [10.275, 8.075, 8.5],
			"rotation": {"angle": 0, "axis": "y", "origin": [8, 7.95, 8]},
			"faces": {
				"north": {"uv": [0, 6, 16, 9.5], "texture": "#1"},
				"east": {"uv": [0, 6, 16, 9.5], "texture": "#1"},
				"south": {"uv": [0, 6, 16, 9.5], "texture": "#1"},
				"west": {"uv": [0, 6, 16, 9.5], "texture": "#1"},
				"up": {"uv": [0, 6, 16, 9.5], "texture": "#1"},
				"down": {"uv": [0, 9.5, 16, 13], "texture": "#1"}
			}
		},
		{
			"from": [8.775, 7.925, 7.5],
			"to": [10.275, 7.925, 8.5],
			"rotation": {"angle": 0, "axis": "x", "origin": [9.525, 7.925, 8]},
			"faces": {
				"north": {"uv": [16, 9.5, 0, 6], "rotation": 180, "texture": "#1"},
				"east": {"uv": [16, 9.5, 0, 6], "rotation": 180, "texture": "#1"},
				"south": {"uv": [16, 9.5, 0, 6], "rotation": 180, "texture": "#1"},
				"west": {"uv": [16, 9.5, 0, 6], "rotation": 180, "texture": "#1"},
				"up": {"uv": [0, 9.5, 16, 13], "texture": "#1"},
				"down": {"uv": [0, 6, 16, 9.5], "texture": "#1"}
			}
		},
		{
			"from": [7.05905, 7.95, 8.45],
			"to": [8.94095, 8.025, 10.25],
			"rotation": {"angle": 0, "axis": "y", "origin": [8, 8, 8]},
			"faces": {
				"north": {"uv": [4, 3, 7, 0], "texture": "#1"},
				"east": {"uv": [4, 3, 7, 0], "texture": "#1"},
				"south": {"uv": [4, 3, 7, 0], "texture": "#1"},
				"west": {"uv": [4, 3, 7, 0], "texture": "#1"},
				"up": {"uv": [4, 3, 7, 0], "rotation": 180, "texture": "#1"},
				"down": {"uv": [4, 3, 7, 0], "rotation": 180, "texture": "#1"}
			}
		},
		{
			"from": [7.05905, 7.95, 5.75],
			"to": [8.94095, 8.025, 7.55],
			"rotation": {"angle": 0, "axis": "y", "origin": [8, 8, 8]},
			"faces": {
				"north": {"uv": [0, 0.05, 0.5, 0], "texture": "#1"},
				"east": {"uv": [0, 0.05, 1, 0], "texture": "#1"},
				"south": {"uv": [0, 0.05, 0.5, 0], "texture": "#1"},
				"west": {"uv": [0, 0.05, 1, 0], "texture": "#1"},
				"up": {"uv": [10, 3, 13, 0], "rotation": 180, "texture": "#1"},
				"down": {"uv": [10, 3, 13, 0], "rotation": 180, "texture": "#1"}
			}
		},
		{
			"from": [5.73425, 7.95, 7.1099],
			"to": [7.59545, 8.025, 8.8901],
			"rotation": {"angle": -45, "axis": "y", "origin": [8, 8, 8]},
			"faces": {
				"north": {"uv": [0, 0.05, 0.5, 0], "texture": "#1"},
				"east": {"uv": [0, 0.05, 1, 0], "texture": "#1"},
				"south": {"uv": [0, 0.05, 0.5, 0], "texture": "#1"},
				"west": {"uv": [0, 0.05, 1, 0], "texture": "#1"},
				"up": {"uv": [16, 0, 13, 3], "texture": "#1"},
				"down": {"uv": [16, 0, 13, 3], "texture": "#1"}
			}
		},
		{
			"from": [7.1099, 7.95, 8.40455],
			"to": [8.8901, 8.025, 10.26575],
			"rotation": {"angle": 45, "axis": "y", "origin": [8, 8, 8]},
			"faces": {
				"north": {"uv": [1, 3, 4, 0], "texture": "#1"},
				"east": {"uv": [1, 3, 4, 0], "texture": "#1"},
				"south": {"uv": [1, 3, 4, 0], "texture": "#1"},
				"west": {"uv": [1, 3, 4, 0], "texture": "#1"},
				"up": {"uv": [4, 0, 1, 3], "rotation": 90, "texture": "#1"},
				"down": {"uv": [4, 0, 1, 3], "rotation": 270, "texture": "#1"}
			}
		},
		{
			"from": [5.75, 7.95, 7.05905],
			"to": [7.55, 8.025, 8.94095],
			"rotation": {"angle": 0, "axis": "y", "origin": [8, 8, 8]},
			"faces": {
				"north": {"uv": [0, 0.05, 1, 0], "texture": "#1"},
				"east": {"uv": [0, 0.05, 0.5, 0], "texture": "#1"},
				"south": {"uv": [0, 0.05, 1, 0], "texture": "#1"},
				"west": {"uv": [0, 0.05, 0.5, 0], "texture": "#1"},
				"up": {"uv": [13, 0, 10, 3], "rotation": 90, "texture": "#1"},
				"down": {"uv": [13, 0, 10, 3], "rotation": 270, "texture": "#1"}
			}
		},
		{
			"from": [8.45, 7.95, 7.05905],
			"to": [10.25, 8.025, 8.94095],
			"rotation": {"angle": 0, "axis": "y", "origin": [8, 8, 8]},
			"faces": {
				"north": {"uv": [4, 3, 7, 0], "texture": "#1"},
				"east": {"uv": [4, 3, 7, 0], "texture": "#1"},
				"south": {"uv": [4, 3, 7, 0], "texture": "#1"},
				"west": {"uv": [4, 3, 7, 0], "texture": "#1"},
				"up": {"uv": [7, 0, 4, 3], "rotation": 90, "texture": "#1"},
				"down": {"uv": [7, 0, 4, 3], "rotation": 270, "texture": "#1"}
			}
		},
		{
			"from": [7.05905, 7.95, 8.45],
			"to": [8.94095, 8.025, 10.25],
			"rotation": {"angle": -45, "axis": "y", "origin": [8, 8, 8]},
			"faces": {
				"north": {"uv": [0, 0.05, 0.5, 0], "texture": "#1"},
				"east": {"uv": [0, 0.05, 1, 0], "texture": "#1"},
				"south": {"uv": [0, 0.05, 0.5, 0], "texture": "#1"},
				"west": {"uv": [0, 0.05, 1, 0], "texture": "#1"},
				"up": {"uv": [7, 0, 10, 3], "rotation": 180, "texture": "#1"},
				"down": {"uv": [7, 3, 10, 0], "rotation": 180, "texture": "#1"}
			}
		},
		{
			"from": [8.45, 7.95, 7.05905],
			"to": [10.25, 8.025, 8.94095],
			"rotation": {"angle": 45, "axis": "y", "origin": [8, 8, 8]},
			"faces": {
				"north": {"uv": [0, 0.05, 1, 0], "texture": "#1"},
				"east": {"uv": [0, 0.05, 0.5, 0], "texture": "#1"},
				"south": {"uv": [0, 0.05, 1, 0], "texture": "#1"},
				"west": {"uv": [0, 0.05, 0.5, 0], "texture": "#1"},
				"up": {"uv": [4.5, 0, 1.5, 1], "rotation": 90, "texture": "#1"},
				"down": {"uv": [10, 0, 7, 3], "rotation": 270, "texture": "#1"}
			}
		}
	],
	"display": {
		"thirdperson_righthand": {
			"rotation": [0, 9, 78],
			"scale": [0, 0, 0]
		},
		"thirdperson_lefthand": {
			"rotation": [0, 9, 78],
			"scale": [0, 0, 0]
		},
		"firstperson_righthand": {
			"rotation": [47, -20, 76],
			"translation": [0, 3.75, 0],
			"scale": [1.5, 1.5, 1.5]
		},
		"firstperson_lefthand": {
			"scale": [0, 0, 0]
		},
		"ground": {
			"translation": [0, -6, 0],
			"scale": [2, 2, 2]
		},
		"gui": {
			"rotation": [30, 16, 24],
			"scale": [3, 3, 3]
		},
		"head": {
			"translation": [7, 0.75, -6.5],
			"scale": [2.5, 2.5, 2.5]
		},
		"fixed": {
			"rotation": [90, 180, 0],
			"translation": [0, 0, -1.75],
			"scale": [3, 3, 3]
		}
	},
	"groups": [
		{
			"name": "group",
			"origin": [8, 8, 8],
			"color": 9,
			"nbt": "{}",
			"children": [0, 1, 2, 3, 4, 5, 6, 7]
		},
		{
			"name": "group",
			"origin": [8, 8, 8],
			"color": 0,
			"nbt": "{}",
			"children": [8, 9, 10, 11, 12, 13, 14, 15]
		},
		{
			"name": "group",
			"origin": [8, 8, 8],
			"color": 0,
			"nbt": "{}",
			"children": [16, 17, 18, 19, 20, 21, 22, 23]
		},
		24,
		25,
		{
			"name": "group",
			"origin": [8, 8, 8],
			"color": 9,
			"nbt": "{}",
			"children": [26, 27, 28, 29, 30, 31, 32, 33]
		}
	]
}