{
	"providers": [
	  {
		"chars": ["\u0bb6"],
		"file": "font/required/null.png",
		"ascent": -32768,
		"height": -158,
		"type": "bitmap"
	  },
	  {
		"chars": ["\u0bb7"],
		"file": "font/required/null.png",
		"ascent": -32768,
		"height": -51,
		"type": "bitmap"
	  },
	  {
		"chars": ["\u0bb8"],
		"file": "font/required/null.png",
		"ascent": -32768,
		"height": -131,
		"type": "bitmap"
	  },
	  {
		"chars": ["\u0bb9"],
		"file": "font/required/null.png",
		"ascent": -32768,
		"height": -78,
		"type": "bitmap"
	  },
	  {
		"chars": ["\u0bba"],
		"file": "font/required/ui/menu_banner.png",
		"ascent": -14,
		"height": 256,
		"type": "bitmap"
	  },
	  {
		"chars": ["\u0bbb"],
		"file": "font/required/logo_translated.png",
		"ascent": 25,
		"height": 150,
		"type": "bitmap"
	  },


	  {
		"chars": ["\uE001"],
		"file": "font/team_prefix/team1.png",
		"ascent": 8,
		"height": 14,
		"type": "bitmap"
	  },
	  {
		"chars": ["\uE002"],
		"file": "font/team_prefix/team2.png",
		"ascent": 8,
		"height": 14,
		"type": "bitmap"
	  },
	  {
		"chars": ["\uE003"],
		"file": "font/team_prefix/team3.png",
		"ascent": 8,
		"height": 14,
		"type": "bitmap"
	  },
	  {
		"chars": ["\uE004"],
		"file": "font/team_prefix/team4.png",
		"ascent": 8,
		"height": 14,
		"type": "bitmap"
	  },
	  {
		"chars": ["\uE005"],
		"file": "font/team_prefix/team5.png",
		"ascent": 8,
		"height": 14,
		"type": "bitmap"
	  },
	  {
		"chars": ["\uE006"],
		"file": "font/team_prefix/team6.png",
		"ascent": 8,
		"height": 14,
		"type": "bitmap"
	  },
	  {
		"chars": ["\uE007"],
		"file": "font/team_prefix/team7.png",
		"ascent": 8,
		"height": 14,
		"type": "bitmap"
	  },
	  {
		"chars": ["\uE008"],
		"file": "font/team_prefix/team8.png",
		"ascent": 8,
		"height": 14,
		"type": "bitmap"
	  },
	  {
		"chars": ["\uE009"],
		"file": "font/team_prefix/team9.png",
		"ascent": 8,
		"height": 14,
		"type": "bitmap"
	  },
	  {
		"chars": ["\uE010"],
		"file": "font/team_prefix/team10.png",
		"ascent": 8,
		"height": 14,
		"type": "bitmap"
	  },
	  {
		"chars": ["\uE011"],
		"file": "font/team_prefix/team11.png",
		"ascent": 8,
		"height": 14,
		"type": "bitmap"
	  },
	  {
		"chars": ["\uE012"],
		"file": "font/team_prefix/team12.png",
		"ascent": 8,
		"height": 14,
		"type": "bitmap"
	  },
	  {
		"chars": ["\uE013"],
		"file": "font/team_prefix/team13.png",
		"ascent": 8,
		"height": 14,
		"type": "bitmap"
	  },
	  {
		"chars": ["\uE014"],
		"file": "font/team_prefix/team14.png",
		"ascent": 8,
		"height": 14,
		"type": "bitmap"
	  },
	  {
		"chars": ["\uE015"],
		"file": "font/team_prefix/team15.png",
		"ascent": 8,
		"height": 14,
		"type": "bitmap"
	  },
	  {
		"chars": ["\uE016"],
		"file": "font/team_prefix/solo.png",
		"ascent": 8,
		"height": 14,
		"type": "bitmap"
	  },
	  {
		"chars": ["\uE017"],
		"file": "font/team_prefix/dead.png",
		"ascent": 8,
		"height": 14,
		"type": "bitmap"
	  },
	  {
		"chars": ["\uA01e"],
		"file": "font/team_prefix/team_ready.png",
		"ascent": 8,
		"height": 14,
		"type": "bitmap"
	  },
	  {
		"chars": ["\uA02e"],
		"file": "font/team_prefix/team_spectator.png",
		"ascent": 8,
		"height": 14,
		"type": "bitmap"
	  },



	  {
		"chars": ["\uA03e"],
		"file": "item/diamond.png",
		"ascent": 8,
		"height": 10,
		"type": "bitmap"
	  },
	  {
		"chars": ["\uA04e"],
		"file": "item/lapis_lazuli.png",
		"ascent": 8,
		"height": 10,
		"type": "bitmap"
	  },
	  {
		"chars": ["\uA05e"],
		"file": "item/emerald.png",
		"ascent": 8,
		"height": 10,
		"type": "bitmap"
	  },
	  {
		"chars": ["\uA06e"],
		"file": "item/amethyst_shard.png",
		"ascent": 8,
		"height": 10,
		"type": "bitmap"
	  },
	  {
		"chars": ["\uA07e"],
		"file": "item/quartz.png",
		"ascent": 8,
		"height": 10,
		"type": "bitmap"
	  }
	]
  }
  