{
	"credit": "Made with Blockbench",
	"texture_size": [32, 32],
	"textures": {
		"2": "ut:item/music",
		"particle": "ut:item/music"
	},
	"elements": [
		{
			"from": [4.5, -4, 4.5],
			"to": [11.5, 3, 11.5],
			"rotation": {"angle": 0, "axis": "y", "origin": [4.5, -4, 4.5]},
			"faces": {
				"north": {"uv": [0, 0, 3.5, 3.5], "texture": "#2"},
				"east": {"uv": [0, 0, 3.5, 3.5], "texture": "#2"},
				"south": {"uv": [0, 0, 3.5, 3.5], "texture": "#2"},
				"west": {"uv": [0, 0, 3.5, 3.5], "texture": "#2"},
				"up": {"uv": [3.5, 7, 0, 3.5], "texture": "#2"},
				"down": {"uv": [3.5, 3.5, 0, 7], "texture": "#2"}
			}
		},
		{
			"from": [3.5, -3, 11.5],
			"to": [4.5, 2, 12.5],
			"rotation": {"angle": 0, "axis": "y", "origin": [4.5, -4, 4.5]},
			"faces": {
				"north": {"uv": [3.5, 0.5, 4, 3], "texture": "#2"},
				"east": {"uv": [3.5, 3, 4, 5.5], "texture": "#2"},
				"south": {"uv": [4, 0.5, 4.5, 3], "texture": "#2"},
				"west": {"uv": [4, 3, 4.5, 5.5], "texture": "#2"}
			}
		},
		{
			"from": [11.5, -3, 11.5],
			"to": [12.5, 2, 12.5],
			"rotation": {"angle": 0, "axis": "y", "origin": [12.5, -4, 4.5]},
			"faces": {
				"north": {"uv": [4.5, 0.5, 5, 3], "texture": "#2"},
				"east": {"uv": [4.5, 3, 5, 5.5], "texture": "#2"},
				"south": {"uv": [5, 0.5, 5.5, 3], "texture": "#2"},
				"west": {"uv": [5, 3, 5.5, 5.5], "texture": "#2"}
			}
		},
		{
			"from": [11.5, -3, 3.5],
			"to": [12.5, 2, 4.5],
			"rotation": {"angle": 0, "axis": "y", "origin": [12.5, -4, -3.5]},
			"faces": {
				"north": {"uv": [5.5, 0.5, 6, 3], "texture": "#2"},
				"east": {"uv": [5.5, 3, 6, 5.5], "texture": "#2"},
				"south": {"uv": [3.5, 5.5, 4, 8], "texture": "#2"},
				"west": {"uv": [4, 5.5, 4.5, 8], "texture": "#2"}
			}
		},
		{
			"from": [3.5, -3, 3.5],
			"to": [4.5, 2, 4.5],
			"rotation": {"angle": 0, "axis": "y", "origin": [4.5, -4, -3.5]},
			"faces": {
				"north": {"uv": [4.5, 5.5, 5, 8], "texture": "#2"},
				"east": {"uv": [5, 5.5, 5.5, 8], "texture": "#2"},
				"south": {"uv": [5.5, 5.5, 6, 8], "texture": "#2"},
				"west": {"uv": [6, 0, 6.5, 2.5], "texture": "#2"}
			}
		},
		{
			"from": [3.5, 2, 3.5],
			"to": [5.5, 4, 5.5],
			"rotation": {"angle": 0, "axis": "y", "origin": [4.5, -4, -3.5]},
			"faces": {
				"north": {"uv": [6, 3, 7, 4], "texture": "#2"},
				"east": {"uv": [6, 4, 7, 5], "texture": "#2"},
				"south": {"uv": [6, 5, 7, 6], "texture": "#2"},
				"west": {"uv": [6, 6, 7, 7], "texture": "#2"},
				"up": {"uv": [7.5, 1, 6.5, 0], "texture": "#2"},
				"down": {"uv": [7.5, 1, 6.5, 2], "texture": "#2"}
			}
		},
		{
			"from": [3.5, 2, 10.5],
			"to": [5.5, 4, 12.5],
			"rotation": {"angle": 0, "axis": "y", "origin": [4.5, -4, 3.5]},
			"faces": {
				"north": {"uv": [0, 7, 1, 8], "texture": "#2"},
				"east": {"uv": [1, 7, 2, 8], "texture": "#2"},
				"south": {"uv": [2, 7, 3, 8], "texture": "#2"},
				"west": {"uv": [7, 3, 8, 4], "texture": "#2"},
				"up": {"uv": [8, 5, 7, 4], "texture": "#2"},
				"down": {"uv": [8, 5, 7, 6], "texture": "#2"}
			}
		},
		{
			"from": [3.5, -5, 10.5],
			"to": [5.5, -3, 12.5],
			"rotation": {"angle": 0, "axis": "y", "origin": [4.5, -11, 3.5]},
			"faces": {
				"north": {"uv": [6, 7, 7, 8], "texture": "#2"},
				"east": {"uv": [7, 6, 8, 7], "texture": "#2"},
				"south": {"uv": [7, 7, 8, 8], "texture": "#2"},
				"west": {"uv": [7.5, 0, 8.5, 1], "texture": "#2"},
				"up": {"uv": [8.5, 2, 7.5, 1], "texture": "#2"},
				"down": {"uv": [1, 8, 0, 9], "texture": "#2"}
			}
		},
		{
			"from": [3.5, -5, 3.5],
			"to": [5.5, -3, 5.5],
			"rotation": {"angle": 0, "axis": "y", "origin": [4.5, -11, -3.5]},
			"faces": {
				"north": {"uv": [1, 8, 2, 9], "texture": "#2"},
				"east": {"uv": [2, 8, 3, 9], "texture": "#2"},
				"south": {"uv": [3, 8, 4, 9], "texture": "#2"},
				"west": {"uv": [8, 3, 9, 4], "texture": "#2"},
				"up": {"uv": [5, 9, 4, 8], "texture": "#2"},
				"down": {"uv": [9, 4, 8, 5], "texture": "#2"}
			}
		},
		{
			"from": [10.5, -5, 3.5],
			"to": [12.5, -3, 5.5],
			"rotation": {"angle": 0, "axis": "y", "origin": [11.5, -11, -3.5]},
			"faces": {
				"north": {"uv": [5, 8, 6, 9], "texture": "#2"},
				"east": {"uv": [8, 5, 9, 6], "texture": "#2"},
				"south": {"uv": [6, 8, 7, 9], "texture": "#2"},
				"west": {"uv": [8, 6, 9, 7], "texture": "#2"},
				"up": {"uv": [8, 9, 7, 8], "texture": "#2"},
				"down": {"uv": [9, 7, 8, 8], "texture": "#2"}
			}
		},
		{
			"from": [10.5, -5, 10.5],
			"to": [12.5, -3, 12.5],
			"rotation": {"angle": 0, "axis": "y", "origin": [11.5, -11, 3.5]},
			"faces": {
				"north": {"uv": [8, 8, 9, 9], "texture": "#2"},
				"east": {"uv": [8.5, 0, 9.5, 1], "texture": "#2"},
				"south": {"uv": [8.5, 1, 9.5, 2], "texture": "#2"},
				"west": {"uv": [8.5, 2, 9.5, 3], "texture": "#2"},
				"up": {"uv": [1, 10, 0, 9], "texture": "#2"},
				"down": {"uv": [2, 9, 1, 10], "texture": "#2"}
			}
		},
		{
			"from": [10.5, 2, 10.5],
			"to": [12.5, 4, 12.5],
			"rotation": {"angle": 0, "axis": "y", "origin": [11.5, -4, 3.5]},
			"faces": {
				"north": {"uv": [2, 9, 3, 10], "texture": "#2"},
				"east": {"uv": [3, 9, 4, 10], "texture": "#2"},
				"south": {"uv": [9, 3, 10, 4], "texture": "#2"},
				"west": {"uv": [4, 9, 5, 10], "texture": "#2"},
				"up": {"uv": [10, 5, 9, 4], "texture": "#2"},
				"down": {"uv": [6, 9, 5, 10], "texture": "#2"}
			}
		},
		{
			"from": [10.5, 2, 3.5],
			"to": [12.5, 4, 5.5],
			"rotation": {"angle": 0, "axis": "y", "origin": [11.5, -4, -3.5]},
			"faces": {
				"north": {"uv": [9, 5, 10, 6], "texture": "#2"},
				"east": {"uv": [6, 9, 7, 10], "texture": "#2"},
				"south": {"uv": [9, 6, 10, 7], "texture": "#2"},
				"west": {"uv": [7, 9, 8, 10], "texture": "#2"},
				"up": {"uv": [10, 8, 9, 7], "texture": "#2"},
				"down": {"uv": [9, 9, 8, 10], "texture": "#2"}
			}
		},
		{
			"from": [5.5, 3, 11.5],
			"to": [10.5, 4, 12.5],
			"rotation": {"angle": 0, "axis": "y", "origin": [4.5, 3, 11.5]},
			"faces": {
				"north": {"uv": [3.5, 0, 6, 0.5], "texture": "#2"},
				"south": {"uv": [3.5, 0, 6, 0.5], "texture": "#2"},
				"up": {"uv": [3.5, 0, 6, 0.5], "texture": "#2"},
				"down": {"uv": [3.5, 0, 6, 0.5], "texture": "#2"}
			}
		},
		{
			"from": [5.5, 3, 3.5],
			"to": [10.5, 4, 4.5],
			"rotation": {"angle": 0, "axis": "y", "origin": [4.5, 3, 3.5]},
			"faces": {
				"north": {"uv": [3.5, 0, 6, 0.5], "texture": "#2"},
				"south": {"uv": [3.5, 0, 6, 0.5], "texture": "#2"},
				"up": {"uv": [3.5, 0, 6, 0.5], "texture": "#2"},
				"down": {"uv": [3.5, 0, 6, 0.5], "texture": "#2"}
			}
		},
		{
			"from": [5.5, -5, 11.5],
			"to": [10.5, -4, 12.5],
			"rotation": {"angle": 0, "axis": "y", "origin": [4.5, -5, 11.5]},
			"faces": {
				"north": {"uv": [3.5, 0, 6, 0.5], "texture": "#2"},
				"south": {"uv": [3.5, 0, 6, 0.5], "texture": "#2"},
				"up": {"uv": [3.5, 0, 6, 0.5], "texture": "#2"},
				"down": {"uv": [3.5, 0, 6, 0.5], "texture": "#2"}
			}
		},
		{
			"from": [5.5, -5, 3.5],
			"to": [10.5, -4, 4.5],
			"rotation": {"angle": 0, "axis": "y", "origin": [4.5, -5, 3.5]},
			"faces": {
				"north": {"uv": [3.5, 0, 6, 0.5], "texture": "#2"},
				"south": {"uv": [3.5, 0, 6, 0.5], "texture": "#2"},
				"up": {"uv": [3.5, 0, 6, 0.5], "texture": "#2"},
				"down": {"uv": [3.5, 0, 6, 0.5], "texture": "#2"}
			}
		},
		{
			"from": [11.5, 3, 5.5],
			"to": [12.5, 4, 10.5],
			"rotation": {"angle": 0, "axis": "y", "origin": [12.5, 3, 4.5]},
			"faces": {
				"east": {"uv": [6, 2.5, 8.5, 3], "texture": "#2"},
				"west": {"uv": [6, 2.5, 8.5, 3], "texture": "#2"},
				"up": {"uv": [8.5, 3, 6, 2.5], "texture": "#2"},
				"down": {"uv": [8.5, 2.5, 6, 3], "texture": "#2"}
			}
		},
		{
			"from": [3.5, 3, 5.5],
			"to": [4.5, 4, 10.5],
			"rotation": {"angle": 0, "axis": "y", "origin": [4.5, 3, 4.5]},
			"faces": {
				"east": {"uv": [6, 2.5, 8.5, 3], "texture": "#2"},
				"west": {"uv": [6, 2.5, 8.5, 3], "texture": "#2"},
				"up": {"uv": [8.5, 3, 6, 2.5], "texture": "#2"},
				"down": {"uv": [8.5, 2.5, 6, 3], "texture": "#2"}
			}
		},
		{
			"from": [11.5, -5, 5.5],
			"to": [12.5, -4, 10.5],
			"rotation": {"angle": 0, "axis": "y", "origin": [12.5, -5, 4.5]},
			"faces": {
				"east": {"uv": [6, 2.5, 8.5, 3], "texture": "#2"},
				"west": {"uv": [6, 2.5, 8.5, 3], "texture": "#2"},
				"up": {"uv": [8.5, 3, 6, 2.5], "texture": "#2"},
				"down": {"uv": [8.5, 2.5, 6, 3], "texture": "#2"}
			}
		},
		{
			"from": [3.5, -5, 5.5],
			"to": [4.5, -4, 10.5],
			"rotation": {"angle": 0, "axis": "y", "origin": [4.5, -5, 4.5]},
			"faces": {
				"east": {"uv": [6, 2.5, 8.5, 3], "texture": "#2"},
				"west": {"uv": [6, 2.5, 8.5, 3], "texture": "#2"},
				"up": {"uv": [8.5, 3, 6, 2.5], "texture": "#2"},
				"down": {"uv": [8.5, 2.5, 6, 3], "texture": "#2"}
			}
		}
	],
	"display": {
		"thirdperson_righthand": {
			"translation": [0, 5.25, 0],
			"scale": [0.6, 0.6, 0.6]
		},
		"thirdperson_lefthand": {
			"translation": [0, 5.25, 0],
			"scale": [0.6, 0.6, 0.6]
		},
		"firstperson_righthand": {
			"translation": [0, 6, 1.25],
			"scale": [0.6, 0.6, 0.6]
		},
		"firstperson_lefthand": {
			"translation": [0, 6, 1.25],
			"scale": [0.6, 0.6, 0.6]
		},
		"ground": {
			"translation": [0, 10, 0]
		},
		"gui": {
			"rotation": [30, 61, 0],
			"translation": [0, 5, 0],
			"scale": [0.75, 0.75, 0.75]
		},
		"head": {
			"translation": [0, 20.5, 0],
			"scale": [2.7, 2.7, 2.7]
		},
		"fixed": {
			"rotation": [0, 90, 0],
			"translation": [0, 8.5, 0]
		}
	}
}