{
	"credit": "Made with Blockbench",
	"textures": {
		"0": "cnp:item/map/4",
		"1": "cnp:item/map/0",
		"particle": "cnp:item/map/4"
	},
	"elements": [
		{
			"from": [-8, 8, -8],
			"to": [24, 8, 24],
			"rotation": {"angle": 0, "axis": "y", "origin": [-8, 8, -8]},
			"faces": {
				"north": {"uv": [0, 0, 16, 0], "texture": "#0"},
				"east": {"uv": [0, 0, 16, 0], "texture": "#0"},
				"south": {"uv": [0, 0, 16, 0], "texture": "#0"},
				"west": {"uv": [0, 0, 16, 0], "texture": "#0"},
				"up": {"uv": [0, 0, 16, 16], "texture": "#0"},
				"down": {"uv": [0, 0, 16, 16], "texture": "#0"}
			}
		},
		{
			"from": [-8, 8.1, -8],
			"to": [24, 8.1, 24],
			"rotation": {"angle": 0, "axis": "y", "origin": [-8, 8, -8]},
			"faces": {
				"north": {"uv": [0, 0, 16, 0], "texture": "#1"},
				"east": {"uv": [0, 0, 16, 0], "texture": "#1"},
				"south": {"uv": [0, 0, 16, 0], "texture": "#1"},
				"west": {"uv": [0, 0, 16, 0], "texture": "#1"},
				"up": {"uv": [0, 0, 16, 16], "texture": "#1"},
				"down": {"uv": [0, 0, 16, 16], "texture": "#1"}
			}
		}
	],
	"display": {
		"head": {
			"translation": [0, 1, 0],
			"scale": [2.5, 2.5, 2.5]
		}
	}
}