{
	"credit": "Made with Blockbench",
	"texture_size": [64, 64],
	"textures": {
		"0": "cnp:item/dlc/dlc0/15/stand",
		"particle": "cnp:item/dlc/dlc0/15/stand"
	},
	"elements": [
		{
			"from": [7.75, 8, 3],
			"to": [8.25, 8, 13],
			"rotation": {"angle": 0, "axis": "x", "origin": [8, 8, 8]},
			"faces": {
				"north": {"uv": [10.5, 0, 10.75, 2.5], "rotation": 90, "texture": "#0"},
				"east": {"uv": [10.5, 0, 10.75, 2.5], "rotation": 90, "texture": "#0"},
				"south": {"uv": [10.5, 0, 10.75, 2.5], "rotation": 270, "texture": "#0"},
				"west": {"uv": [10.5, 0, 10.75, 2.5], "rotation": 90, "texture": "#0"},
				"up": {"uv": [10.5, 0, 10.75, 2.5], "texture": "#0"},
				"down": {"uv": [10.5, 0, 10.75, 2.5], "texture": "#0"}
			}
		},
		{
			"from": [8, 7.75, 3],
			"to": [8, 8.25, 13],
			"rotation": {"angle": 0, "axis": "z", "origin": [8, 8, 8]},
			"faces": {
				"north": {"uv": [10.5, 0, 10.75, 2.5], "rotation": 180, "texture": "#0"},
				"east": {"uv": [10.5, 0, 10.75, 2.5], "rotation": 270, "texture": "#0"},
				"south": {"uv": [10.5, 0, 10.75, 2.5], "rotation": 180, "texture": "#0"},
				"west": {"uv": [10.5, 0, 10.75, 2.5], "rotation": 270, "texture": "#0"},
				"up": {"uv": [10.5, 0, 10.75, 2.5], "texture": "#0"},
				"down": {"uv": [10.5, 0, 10.75, 2.5], "texture": "#0"}
			}
		}
	],
	"display": {
		"head": {
			"translation": [0, -1, 0],
			"scale": [3, 3, 4]
		}
	}
}