{
	"credit": "Made with Blockbench",
	"textures": {
		"1": "move/rainbow",
		"2": "move/choas_buster",
		"particle": "move/rainbow"
	},
	"elements": [
		{
			"from": [6, -0.99, 7.75],
			"to": [10, 0.99, 15.75],
			"faces": {
				"north": {"uv": [6, 7, 9.98, 8], "rotation": 90, "texture": "#1"},
				"east": {"uv": [0, 0, 1.98, 13], "rotation": 270, "texture": "#1"},
				"south": {"uv": [0, 0, 3.98, 1], "rotation": 270, "texture": "#1"},
				"west": {"uv": [0, 0, 1.98, 13], "rotation": 90, "texture": "#1"},
				"up": {"uv": [0, 0, 4, 8], "rotation": 180, "texture": "#1"},
				"down": {"uv": [4, 0, 0, 8], "texture": "#1"}
			}
		},
		{
			"from": [9.5, -2, 2.5],
			"to": [10.5, 2, 14.5],
			"faces": {
				"north": {"uv": [0, 0, 1, 4], "texture": "#2"},
				"east": {"uv": [0, 0, 12, 4], "texture": "#2"},
				"south": {"uv": [0, 0, 1, 4], "texture": "#2"},
				"west": {"uv": [0, 0, 12, 4], "texture": "#2"},
				"up": {"uv": [0, 0, 1, 12], "texture": "#2"},
				"down": {"uv": [0, 0, 1, 12], "texture": "#2"}
			}
		},
		{
			"from": [8, 0.25, 4.75],
			"to": [10, 1.25, 5.75],
			"faces": {
				"north": {"uv": [0, 0, 2, 1], "texture": "#2"},
				"east": {"uv": [0, 0, 1, 1], "texture": "#2"},
				"south": {"uv": [0, 0, 2, 1], "texture": "#2"},
				"west": {"uv": [0, 0, 1, 1], "texture": "#2"},
				"up": {"uv": [0, 0, 2, 1], "texture": "#2"},
				"down": {"uv": [0, 0, 2, 1], "texture": "#2"}
			}
		},
		{
			"from": [8, 0.25, 4.75],
			"to": [10, 1.25, 5.75],
			"faces": {
				"north": {"uv": [0, 0, 2, 1], "texture": "#2"},
				"east": {"uv": [0, 0, 1, 1], "texture": "#2"},
				"south": {"uv": [0, 0, 2, 1], "texture": "#2"},
				"west": {"uv": [0, 0, 1, 1], "texture": "#2"},
				"up": {"uv": [0, 0, 2, 1], "texture": "#2"},
				"down": {"uv": [0, 0, 2, 1], "texture": "#2"}
			}
		},
		{
			"from": [8, 0.25, 2.75],
			"to": [10, 1.25, 3.75],
			"faces": {
				"north": {"uv": [0, 0, 2, 1], "texture": "#2"},
				"east": {"uv": [0, 0, 1, 1], "texture": "#2"},
				"south": {"uv": [0, 0, 2, 1], "texture": "#2"},
				"west": {"uv": [0, 0, 1, 1], "texture": "#2"},
				"up": {"uv": [0, 0, 2, 1], "texture": "#2"},
				"down": {"uv": [0, 0, 2, 1], "texture": "#2"}
			}
		},
		{
			"from": [8, 0.25, 2.75],
			"to": [10, 1.25, 3.75],
			"faces": {
				"north": {"uv": [0, 0, 2, 1], "texture": "#2"},
				"east": {"uv": [0, 0, 1, 1], "texture": "#2"},
				"south": {"uv": [0, 0, 2, 1], "texture": "#2"},
				"west": {"uv": [0, 0, 1, 1], "texture": "#2"},
				"up": {"uv": [0, 0, 2, 1], "texture": "#2"},
				"down": {"uv": [0, 0, 2, 1], "texture": "#2"}
			}
		},
		{
			"from": [8, 0.25, 6.75],
			"to": [10, 1.25, 7.75],
			"faces": {
				"north": {"uv": [0, 0, 2, 1], "texture": "#2"},
				"east": {"uv": [0, 0, 1, 1], "texture": "#2"},
				"south": {"uv": [0, 0, 2, 1], "texture": "#2"},
				"west": {"uv": [0, 0, 1, 1], "texture": "#2"},
				"up": {"uv": [0, 0, 2, 1], "texture": "#2"},
				"down": {"uv": [0, 0, 2, 1], "texture": "#2"}
			}
		},
		{
			"from": [8, 0.25, 6.75],
			"to": [10, 1.25, 7.75],
			"faces": {
				"north": {"uv": [0, 0, 2, 1], "texture": "#2"},
				"east": {"uv": [0, 0, 1, 1], "texture": "#2"},
				"south": {"uv": [0, 0, 2, 1], "texture": "#2"},
				"west": {"uv": [0, 0, 1, 1], "texture": "#2"},
				"up": {"uv": [0, 0, 2, 1], "texture": "#2"},
				"down": {"uv": [0, 0, 2, 1], "texture": "#2"}
			}
		},
		{
			"from": [8, 0.25, 8.75],
			"to": [10, 1.25, 9.75],
			"faces": {
				"north": {"uv": [0, 0, 2, 1], "texture": "#2"},
				"east": {"uv": [0, 0, 1, 1], "texture": "#2"},
				"south": {"uv": [0, 0, 2, 1], "texture": "#2"},
				"west": {"uv": [0, 0, 1, 1], "texture": "#2"},
				"up": {"uv": [0, 0, 2, 1], "texture": "#2"},
				"down": {"uv": [0, 0, 2, 1], "texture": "#2"}
			}
		},
		{
			"from": [8, 0.25, 8.75],
			"to": [10, 1.25, 9.75],
			"faces": {
				"north": {"uv": [0, 0, 2, 1], "texture": "#2"},
				"east": {"uv": [0, 0, 1, 1], "texture": "#2"},
				"south": {"uv": [0, 0, 2, 1], "texture": "#2"},
				"west": {"uv": [0, 0, 1, 1], "texture": "#2"},
				"up": {"uv": [0, 0, 2, 1], "texture": "#2"},
				"down": {"uv": [0, 0, 2, 1], "texture": "#2"}
			}
		},
		{
			"from": [8, 0.25, 10.75],
			"to": [10, 1.25, 11.75],
			"faces": {
				"north": {"uv": [0, 0, 2, 1], "texture": "#2"},
				"east": {"uv": [0, 0, 1, 1], "texture": "#2"},
				"south": {"uv": [0, 0, 2, 1], "texture": "#2"},
				"west": {"uv": [0, 0, 1, 1], "texture": "#2"},
				"up": {"uv": [0, 0, 2, 1], "texture": "#2"},
				"down": {"uv": [0, 0, 2, 1], "texture": "#2"}
			}
		},
		{
			"from": [8, 0.25, 10.75],
			"to": [10, 1.25, 11.75],
			"faces": {
				"north": {"uv": [0, 0, 2, 1], "texture": "#2"},
				"east": {"uv": [0, 0, 1, 1], "texture": "#2"},
				"south": {"uv": [0, 0, 2, 1], "texture": "#2"},
				"west": {"uv": [0, 0, 1, 1], "texture": "#2"},
				"up": {"uv": [0, 0, 2, 1], "texture": "#2"},
				"down": {"uv": [0, 0, 2, 1], "texture": "#2"}
			}
		},
		{
			"from": [8, 0.25, 12.75],
			"to": [10, 1.25, 13.75],
			"faces": {
				"north": {"uv": [0, 0, 2, 1], "texture": "#2"},
				"east": {"uv": [0, 0, 1, 1], "texture": "#2"},
				"south": {"uv": [0, 0, 2, 1], "texture": "#2"},
				"west": {"uv": [0, 0, 1, 1], "texture": "#2"},
				"up": {"uv": [0, 0, 2, 1], "texture": "#2"},
				"down": {"uv": [0, 0, 2, 1], "texture": "#2"}
			}
		},
		{
			"from": [8, 0.25, 12.75],
			"to": [10, 1.25, 13.75],
			"faces": {
				"north": {"uv": [0, 0, 2, 1], "texture": "#2"},
				"east": {"uv": [0, 0, 1, 1], "texture": "#2"},
				"south": {"uv": [0, 0, 2, 1], "texture": "#2"},
				"west": {"uv": [0, 0, 1, 1], "texture": "#2"},
				"up": {"uv": [0, 0, 2, 1], "texture": "#2"},
				"down": {"uv": [0, 0, 2, 1], "texture": "#2"}
			}
		},
		{
			"from": [10.5412, -0.5, 15.80656],
			"to": [14.5412, 0.5, 16.30656],
			"rotation": {"angle": 22.5, "axis": "y", "origin": [8, 8, 16]},
			"faces": {
				"north": {"uv": [0, 0, 4, 1], "texture": "#2"},
				"east": {"uv": [0, 0, 0.5, 1], "texture": "#2"},
				"south": {"uv": [0, 0, 4, 1], "texture": "#2"},
				"west": {"uv": [0, 0, 0.5, 1], "texture": "#2"},
				"up": {"uv": [0, 0, 4, 0.5], "texture": "#2"},
				"down": {"uv": [0, 0, 4, 0.5], "texture": "#2"}
			}
		},
		{
			"from": [1.4588, -0.5, 15.80656],
			"to": [5.4588, 0.5, 16.30656],
			"rotation": {"angle": -22.5, "axis": "y", "origin": [8, 8, 16]},
			"faces": {
				"north": {"uv": [0, 0, 4, 1], "texture": "#2"},
				"east": {"uv": [0, 0, 0.5, 1], "texture": "#2"},
				"south": {"uv": [0, 0, 4, 1], "texture": "#2"},
				"west": {"uv": [0, 0, 0.5, 1], "texture": "#2"},
				"up": {"uv": [0, 0, 4, 0.5], "texture": "#2"},
				"down": {"uv": [0, 0, 4, 0.5], "texture": "#2"}
			}
		},
		{
			"from": [14.65799, -0.5, 1.47626],
			"to": [15.65799, 0.5, 2.47626],
			"rotation": {"angle": 22.5, "axis": "y", "origin": [8, 8, 8]},
			"faces": {
				"north": {"uv": [0, 0, 1, 1], "texture": "#2"},
				"east": {"uv": [0, 0, 1, 1], "texture": "#2"},
				"south": {"uv": [0, 0, 1, 1], "texture": "#2"},
				"west": {"uv": [0, 0, 1, 1], "texture": "#2"},
				"up": {"uv": [0, 0, 1, 1], "texture": "#2"},
				"down": {"uv": [0, 0, 1, 1], "texture": "#2"}
			}
		},
		{
			"from": [10, -1, 5],
			"to": [11, 1, 12],
			"faces": {
				"north": {"uv": [0, 0, 1, 2], "texture": "#2"},
				"east": {"uv": [0, 0, 7, 2], "texture": "#2"},
				"south": {"uv": [0, 0, 1, 2], "texture": "#2"},
				"west": {"uv": [0, 0, 7, 2], "texture": "#2"},
				"up": {"uv": [0, 0, 1, 7], "texture": "#2"},
				"down": {"uv": [0, 0, 1, 7], "texture": "#2"}
			}
		},
		{
			"from": [11.65799, -0.5, 1.47626],
			"to": [14.65799, 0.5, 3.47626],
			"rotation": {"angle": 22.5, "axis": "y", "origin": [8, 8, 8]},
			"faces": {
				"north": {"uv": [0, 0, 3, 1], "texture": "#2"},
				"east": {"uv": [0, 0, 2, 1], "texture": "#2"},
				"south": {"uv": [0, 0, 3, 1], "texture": "#2"},
				"west": {"uv": [0, 0, 2, 1], "texture": "#2"},
				"up": {"uv": [0, 0, 3, 2], "texture": "#2"},
				"down": {"uv": [0, 0, 3, 2], "texture": "#2"}
			}
		},
		{
			"from": [8.5, -2, 0.2711],
			"to": [9.5, 2, 3.2711],
			"rotation": {"angle": 0, "axis": "y", "origin": [8, 8, 1]},
			"faces": {
				"north": {"uv": [0, 0, 1, 4], "texture": "#2"},
				"east": {"uv": [0, 0, 3, 4], "texture": "#2"},
				"south": {"uv": [0, 0, 1, 4], "texture": "#2"},
				"west": {"uv": [0, 0, 3, 4], "texture": "#2"},
				"up": {"uv": [0, 0, 1, 3], "texture": "#2"},
				"down": {"uv": [0, 0, 1, 3], "texture": "#2"}
			}
		},
		{
			"from": [9.40433, -0.5, 15.26903],
			"to": [10.40433, 0.5, 18.26903],
			"rotation": {"angle": 22.5, "axis": "y", "origin": [10, -0.5, 15.5]},
			"faces": {
				"north": {"uv": [0, 0, 1, 1], "texture": "#2"},
				"east": {"uv": [0, 0, 3, 1], "texture": "#2"},
				"south": {"uv": [0, 0, 1, 1], "texture": "#2"},
				"west": {"uv": [0, 0, 3, 1], "texture": "#2"},
				"up": {"uv": [0, 0, 1, 3], "texture": "#2"},
				"down": {"uv": [0, 0, 1, 3], "texture": "#2"}
			}
		},
		{
			"from": [8.3, -0.49, 16.69762],
			"to": [9.3, 0.49, 19.69762],
			"rotation": {"angle": 45, "axis": "y", "origin": [10, -0.5, 15.5]},
			"faces": {
				"north": {"uv": [0, 0, 1, 0.98], "rotation": 180, "texture": "#2"},
				"east": {"uv": [0, 0, 3, 0.98], "rotation": 180, "texture": "#2"},
				"south": {"uv": [0, 0, 1, 0.98], "rotation": 180, "texture": "#2"},
				"west": {"uv": [0, 0, 3, 0.98], "rotation": 180, "texture": "#2"},
				"up": {"uv": [0, 0, 1, 3], "rotation": 180, "texture": "#2"},
				"down": {"uv": [0, 0, 1, 3], "rotation": 180, "texture": "#2"}
			}
		},
		{
			"from": [9.1, -1.25, 14.26903],
			"to": [11.1, 1.25, 16.26903],
			"rotation": {"angle": 22.5, "axis": "y", "origin": [10, -0.5, 15.5]},
			"faces": {
				"north": {"uv": [0, 0, 2, 2.5], "texture": "#2"},
				"east": {"uv": [0, 0, 2, 2.5], "texture": "#2"},
				"south": {"uv": [0, 0, 2, 2.5], "texture": "#2"},
				"west": {"uv": [0, 0, 2, 2.5], "texture": "#2"},
				"up": {"uv": [0, 0, 2, 2], "texture": "#2"},
				"down": {"uv": [0, 0, 2, 2], "texture": "#2"}
			}
		},
		{
			"from": [5.5, -2, 2.5],
			"to": [6.5, 2, 14.5],
			"rotation": {"angle": 0, "axis": "z", "origin": [10, 0, 15.5]},
			"faces": {
				"north": {"uv": [0, 0, 1, 4], "rotation": 180, "texture": "#2"},
				"east": {"uv": [0, 0, 12, 4], "rotation": 180, "texture": "#2"},
				"south": {"uv": [0, 0, 1, 4], "rotation": 180, "texture": "#2"},
				"west": {"uv": [0, 0, 12, 4], "rotation": 180, "texture": "#2"},
				"up": {"uv": [0, 0, 1, 12], "rotation": 180, "texture": "#2"},
				"down": {"uv": [0, 0, 1, 12], "rotation": 180, "texture": "#2"}
			}
		},
		{
			"from": [6, 0.25, 12.75],
			"to": [8, 1.25, 13.75],
			"rotation": {"angle": 0, "axis": "z", "origin": [10, 0, 15.5]},
			"faces": {
				"north": {"uv": [0, 0, 2, 1], "rotation": 180, "texture": "#2"},
				"east": {"uv": [0, 0, 1, 1], "rotation": 180, "texture": "#2"},
				"south": {"uv": [0, 0, 2, 1], "rotation": 180, "texture": "#2"},
				"west": {"uv": [0, 0, 1, 1], "rotation": 180, "texture": "#2"},
				"up": {"uv": [0, 0, 2, 1], "rotation": 180, "texture": "#2"},
				"down": {"uv": [0, 0, 2, 1], "rotation": 180, "texture": "#2"}
			}
		},
		{
			"from": [6, 0.25, 12.75],
			"to": [8, 1.25, 13.75],
			"rotation": {"angle": 0, "axis": "z", "origin": [10, 0, 15.5]},
			"faces": {
				"north": {"uv": [0, 0, 2, 1], "rotation": 180, "texture": "#2"},
				"east": {"uv": [0, 0, 1, 1], "rotation": 180, "texture": "#2"},
				"south": {"uv": [0, 0, 2, 1], "rotation": 180, "texture": "#2"},
				"west": {"uv": [0, 0, 1, 1], "rotation": 180, "texture": "#2"},
				"up": {"uv": [0, 0, 2, 1], "rotation": 180, "texture": "#2"},
				"down": {"uv": [0, 0, 2, 1], "rotation": 180, "texture": "#2"}
			}
		},
		{
			"from": [6, 0.25, 2.75],
			"to": [8, 1.25, 3.75],
			"rotation": {"angle": 0, "axis": "z", "origin": [10, 0, 15.5]},
			"faces": {
				"north": {"uv": [0, 0, 2, 1], "rotation": 180, "texture": "#2"},
				"east": {"uv": [0, 0, 1, 1], "rotation": 180, "texture": "#2"},
				"south": {"uv": [0, 0, 2, 1], "rotation": 180, "texture": "#2"},
				"west": {"uv": [0, 0, 1, 1], "rotation": 180, "texture": "#2"},
				"up": {"uv": [0, 0, 2, 1], "rotation": 180, "texture": "#2"},
				"down": {"uv": [0, 0, 2, 1], "rotation": 180, "texture": "#2"}
			}
		},
		{
			"from": [6, 0.25, 2.75],
			"to": [8, 1.25, 3.75],
			"rotation": {"angle": 0, "axis": "z", "origin": [10, 0, 15.5]},
			"faces": {
				"north": {"uv": [0, 0, 2, 1], "rotation": 180, "texture": "#2"},
				"east": {"uv": [0, 0, 1, 1], "rotation": 180, "texture": "#2"},
				"south": {"uv": [0, 0, 2, 1], "rotation": 180, "texture": "#2"},
				"west": {"uv": [0, 0, 1, 1], "rotation": 180, "texture": "#2"},
				"up": {"uv": [0, 0, 2, 1], "rotation": 180, "texture": "#2"},
				"down": {"uv": [0, 0, 2, 1], "rotation": 180, "texture": "#2"}
			}
		},
		{
			"from": [6, 0.25, 6.75],
			"to": [8, 1.25, 7.75],
			"rotation": {"angle": 0, "axis": "z", "origin": [10, 0, 15.5]},
			"faces": {
				"north": {"uv": [0, 0, 2, 1], "rotation": 180, "texture": "#2"},
				"east": {"uv": [0, 0, 1, 1], "rotation": 180, "texture": "#2"},
				"south": {"uv": [0, 0, 2, 1], "rotation": 180, "texture": "#2"},
				"west": {"uv": [0, 0, 1, 1], "rotation": 180, "texture": "#2"},
				"up": {"uv": [0, 0, 2, 1], "rotation": 180, "texture": "#2"},
				"down": {"uv": [0, 0, 2, 1], "rotation": 180, "texture": "#2"}
			}
		},
		{
			"from": [6, 0.25, 6.75],
			"to": [8, 1.25, 7.75],
			"rotation": {"angle": 0, "axis": "z", "origin": [10, 0, 15.5]},
			"faces": {
				"north": {"uv": [0, 0, 2, 1], "rotation": 180, "texture": "#2"},
				"east": {"uv": [0, 0, 1, 1], "rotation": 180, "texture": "#2"},
				"south": {"uv": [0, 0, 2, 1], "rotation": 180, "texture": "#2"},
				"west": {"uv": [0, 0, 1, 1], "rotation": 180, "texture": "#2"},
				"up": {"uv": [0, 0, 2, 1], "rotation": 180, "texture": "#2"},
				"down": {"uv": [0, 0, 2, 1], "rotation": 180, "texture": "#2"}
			}
		},
		{
			"from": [6, 0.25, 8.75],
			"to": [8, 1.25, 9.75],
			"rotation": {"angle": 0, "axis": "z", "origin": [10, 0, 15.5]},
			"faces": {
				"north": {"uv": [0, 0, 2, 1], "rotation": 180, "texture": "#2"},
				"east": {"uv": [0, 0, 1, 1], "rotation": 180, "texture": "#2"},
				"south": {"uv": [0, 0, 2, 1], "rotation": 180, "texture": "#2"},
				"west": {"uv": [0, 0, 1, 1], "rotation": 180, "texture": "#2"},
				"up": {"uv": [0, 0, 2, 1], "rotation": 180, "texture": "#2"},
				"down": {"uv": [0, 0, 2, 1], "rotation": 180, "texture": "#2"}
			}
		},
		{
			"from": [6, 0.25, 8.75],
			"to": [8, 1.25, 9.75],
			"rotation": {"angle": 0, "axis": "z", "origin": [10, 0, 15.5]},
			"faces": {
				"north": {"uv": [0, 0, 2, 1], "rotation": 180, "texture": "#2"},
				"east": {"uv": [0, 0, 1, 1], "rotation": 180, "texture": "#2"},
				"south": {"uv": [0, 0, 2, 1], "rotation": 180, "texture": "#2"},
				"west": {"uv": [0, 0, 1, 1], "rotation": 180, "texture": "#2"},
				"up": {"uv": [0, 0, 2, 1], "rotation": 180, "texture": "#2"},
				"down": {"uv": [0, 0, 2, 1], "rotation": 180, "texture": "#2"}
			}
		},
		{
			"from": [6, 0.25, 10.75],
			"to": [8, 1.25, 11.75],
			"rotation": {"angle": 0, "axis": "z", "origin": [10, 0, 15.5]},
			"faces": {
				"north": {"uv": [0, 0, 2, 1], "rotation": 180, "texture": "#2"},
				"east": {"uv": [0, 0, 1, 1], "rotation": 180, "texture": "#2"},
				"south": {"uv": [0, 0, 2, 1], "rotation": 180, "texture": "#2"},
				"west": {"uv": [0, 0, 1, 1], "rotation": 180, "texture": "#2"},
				"up": {"uv": [0, 0, 2, 1], "rotation": 180, "texture": "#2"},
				"down": {"uv": [0, 0, 2, 1], "rotation": 180, "texture": "#2"}
			}
		},
		{
			"from": [6, 0.25, 10.75],
			"to": [8, 1.25, 11.75],
			"rotation": {"angle": 0, "axis": "z", "origin": [10, 0, 15.5]},
			"faces": {
				"north": {"uv": [0, 0, 2, 1], "rotation": 180, "texture": "#2"},
				"east": {"uv": [0, 0, 1, 1], "rotation": 180, "texture": "#2"},
				"south": {"uv": [0, 0, 2, 1], "rotation": 180, "texture": "#2"},
				"west": {"uv": [0, 0, 1, 1], "rotation": 180, "texture": "#2"},
				"up": {"uv": [0, 0, 2, 1], "rotation": 180, "texture": "#2"},
				"down": {"uv": [0, 0, 2, 1], "rotation": 180, "texture": "#2"}
			}
		},
		{
			"from": [6, 0.25, 4.75],
			"to": [8, 1.25, 5.75],
			"rotation": {"angle": 0, "axis": "z", "origin": [10, 0, 15.5]},
			"faces": {
				"north": {"uv": [0, 0, 2, 1], "rotation": 180, "texture": "#2"},
				"east": {"uv": [0, 0, 1, 1], "rotation": 180, "texture": "#2"},
				"south": {"uv": [0, 0, 2, 1], "rotation": 180, "texture": "#2"},
				"west": {"uv": [0, 0, 1, 1], "rotation": 180, "texture": "#2"},
				"up": {"uv": [0, 0, 2, 1], "rotation": 180, "texture": "#2"},
				"down": {"uv": [0, 0, 2, 1], "rotation": 180, "texture": "#2"}
			}
		},
		{
			"from": [6, 0.25, 4.75],
			"to": [8, 1.25, 5.75],
			"rotation": {"angle": 0, "axis": "z", "origin": [10, 0, 15.5]},
			"faces": {
				"north": {"uv": [0, 0, 2, 1], "rotation": 180, "texture": "#2"},
				"east": {"uv": [0, 0, 1, 1], "rotation": 180, "texture": "#2"},
				"south": {"uv": [0, 0, 2, 1], "rotation": 180, "texture": "#2"},
				"west": {"uv": [0, 0, 1, 1], "rotation": 180, "texture": "#2"},
				"up": {"uv": [0, 0, 2, 1], "rotation": 180, "texture": "#2"},
				"down": {"uv": [0, 0, 2, 1], "rotation": 180, "texture": "#2"}
			}
		},
		{
			"from": [0.28439, -0.5, 1.45023],
			"to": [1.28439, 0.5, 2.45023],
			"rotation": {"angle": -22.5, "axis": "y", "origin": [8, 8, 8]},
			"faces": {
				"north": {"uv": [0, 0, 1, 1], "rotation": 180, "texture": "#2"},
				"east": {"uv": [0, 0, 1, 1], "rotation": 180, "texture": "#2"},
				"south": {"uv": [0, 0, 1, 1], "rotation": 180, "texture": "#2"},
				"west": {"uv": [0, 0, 1, 1], "rotation": 180, "texture": "#2"},
				"up": {"uv": [0, 0, 1, 1], "rotation": 180, "texture": "#2"},
				"down": {"uv": [0, 0, 1, 1], "rotation": 180, "texture": "#2"}
			}
		},
		{
			"from": [5, -1, 5],
			"to": [6, 1, 12],
			"rotation": {"angle": 0, "axis": "z", "origin": [10, 0, 15.5]},
			"faces": {
				"north": {"uv": [0, 0, 1, 2], "rotation": 180, "texture": "#2"},
				"east": {"uv": [0, 0, 7, 2], "rotation": 180, "texture": "#2"},
				"south": {"uv": [0, 0, 1, 2], "rotation": 180, "texture": "#2"},
				"west": {"uv": [0, 0, 7, 2], "rotation": 180, "texture": "#2"},
				"up": {"uv": [0, 0, 1, 7], "rotation": 180, "texture": "#2"},
				"down": {"uv": [0, 0, 1, 7], "rotation": 180, "texture": "#2"}
			}
		},
		{
			"from": [1.28439, -0.5, 1.45023],
			"to": [4.28439, 0.5, 3.45023],
			"rotation": {"angle": -22.5, "axis": "y", "origin": [8, 8, 8]},
			"faces": {
				"north": {"uv": [0, 0, 3, 1], "rotation": 180, "texture": "#2"},
				"east": {"uv": [0, 0, 2, 1], "rotation": 180, "texture": "#2"},
				"south": {"uv": [0, 0, 3, 1], "rotation": 180, "texture": "#2"},
				"west": {"uv": [0, 0, 2, 1], "rotation": 180, "texture": "#2"},
				"up": {"uv": [0, 0, 3, 2], "rotation": 180, "texture": "#2"},
				"down": {"uv": [0, 0, 3, 2], "rotation": 180, "texture": "#2"}
			}
		},
		{
			"from": [6.5, -2, 0.24507],
			"to": [7.5, 2, 3.24507],
			"rotation": {"angle": 0, "axis": "y", "origin": [8, 8, 1]},
			"faces": {
				"north": {"uv": [0, 0, 1, 4], "rotation": 180, "texture": "#2"},
				"east": {"uv": [0, 0, 3, 4], "rotation": 180, "texture": "#2"},
				"south": {"uv": [0, 0, 1, 4], "rotation": 180, "texture": "#2"},
				"west": {"uv": [0, 0, 3, 4], "rotation": 180, "texture": "#2"},
				"up": {"uv": [0, 0, 1, 3], "rotation": 180, "texture": "#2"},
				"down": {"uv": [0, 0, 1, 3], "rotation": 180, "texture": "#2"}
			}
		},
		{
			"from": [5.59567, -0.5, 15.26903],
			"to": [6.59567, 0.5, 18.26903],
			"rotation": {"angle": -22.5, "axis": "y", "origin": [6, 0, 15.5]},
			"faces": {
				"north": {"uv": [0, 0, 1, 1], "rotation": 180, "texture": "#2"},
				"east": {"uv": [0, 0, 3, 1], "rotation": 180, "texture": "#2"},
				"south": {"uv": [0, 0, 1, 1], "rotation": 180, "texture": "#2"},
				"west": {"uv": [0, 0, 3, 1], "rotation": 180, "texture": "#2"},
				"up": {"uv": [0, 0, 1, 3], "rotation": 180, "texture": "#2"},
				"down": {"uv": [0, 0, 1, 3], "rotation": 180, "texture": "#2"}
			}
		},
		{
			"from": [6.7, -0.49, 16.69762],
			"to": [7.7, 0.49, 19.69762],
			"rotation": {"angle": -45, "axis": "y", "origin": [6, 0, 15.5]},
			"faces": {
				"north": {"uv": [0, 0, 1, 0.98], "rotation": 180, "texture": "#2"},
				"east": {"uv": [0, 0, 3, 0.98], "rotation": 180, "texture": "#2"},
				"south": {"uv": [0, 0, 1, 0.98], "rotation": 180, "texture": "#2"},
				"west": {"uv": [0, 0, 3, 0.98], "rotation": 180, "texture": "#2"},
				"up": {"uv": [0, 0, 1, 3], "rotation": 180, "texture": "#2"},
				"down": {"uv": [0, 0, 1, 3], "rotation": 180, "texture": "#2"}
			}
		},
		{
			"from": [4.9, -1.25, 14.17336],
			"to": [6.9, 1.25, 16.17336],
			"rotation": {"angle": -22.5, "axis": "y", "origin": [6, 0, 15.5]},
			"faces": {
				"north": {"uv": [0, 0, 2, 2.5], "rotation": 180, "texture": "#2"},
				"east": {"uv": [0, 0, 2, 2.5], "rotation": 180, "texture": "#2"},
				"south": {"uv": [0, 0, 2, 2.5], "rotation": 180, "texture": "#2"},
				"west": {"uv": [0, 0, 2, 2.5], "rotation": 180, "texture": "#2"},
				"up": {"uv": [0, 0, 2, 2], "rotation": 180, "texture": "#2"},
				"down": {"uv": [0, 0, 2, 2], "rotation": 180, "texture": "#2"}
			}
		}
	],
	"display": {
		"thirdperson_righthand": {
			"rotation": [0, -180, 0],
			"translation": [0, 9.5, 5],
			"scale": [1.1, 1.1, 1.1]
		},
		"thirdperson_lefthand": {
			"rotation": [0, -180, 0],
			"translation": [0, 9.5, 5],
			"scale": [1.1, 1.1, 1.1]
		},
		"firstperson_righthand": {
			"rotation": [-1, -180, -5],
			"translation": [-3.25, 9.5, 2.75],
			"scale": [0.87, 0.87, 0.87]
		},
		"firstperson_lefthand": {
			"rotation": [-1, -180, -5],
			"translation": [-3.25, 9.5, 2.75],
			"scale": [0.87, 0.87, 0.87]
		},
		"ground": {
			"translation": [0, 7.75, 0]
		},
		"gui": {
			"rotation": [47, -25, 6],
			"translation": [-0.5, 5.5, 0],
			"scale": [0.88, 0.88, 0.88]
		},
		"head": {
			"rotation": [0, -180, 0],
			"translation": [0, 12.25, 0],
			"scale": [2, 2, 2]
		},
		"fixed": {
			"rotation": [0, 90, -90],
			"translation": [-1.5, 0, -9]
		}
	},
	"groups": [
		{
			"name": "group",
			"origin": [8, 8, 8],
			"children": [0]
		},
		{
			"name": "group",
			"origin": [8, 8, 8],
			"children": [1,
				{
					"name": "group",
					"origin": [8, 8, 8],
					"children": [2, 3, 4, 5, 6, 7, 8, 9, 10, 11, 12, 13]
				}, 14, 15, 16, 17, 18, 19,
				{
					"name": "group",
					"origin": [10, 0, 15.5],
					"children": [20, 21, 22]
				}
			]
		},
		{
			"name": "group",
			"origin": [8, 8, 8],
			"children": [23,
				{
					"name": "group",
					"origin": [10, 0, 15.5],
					"children": [24, 25, 26, 27, 28, 29, 30, 31, 32, 33, 34, 35]
				}, 36, 37, 38, 39,
				{
					"name": "group",
					"origin": [10, 0, 15.5],
					"children": [40, 41, 42]
				}
			]
		}
	]
}