{
"evernight.ocean":{"sounds":[{"name":"evernight/ocean","stream":"true"}]},
"evernight.swamp":{"sounds":[{"name":"evernight/swamp","stream":"true"}]},
"evernight.taiga":{"sounds":[{"name":"evernight/taiga","stream":"true"}]},
"evernight.cavern":{"sounds":[{"name":"evernight/cavern","stream":"true"}]},
"evernight.spirit":{"sounds":[{"name":"evernight/spirit","stream":"true"}]},
"evernight.mansion":{"sounds":[{"name":"evernight/mansion","stream":"true"}]},
"evernight.divine":{"sounds":[{"name":"evernight/divine","stream":"true"}]},
"evernight.petrified":{"sounds":[{"name":"evernight/petrified","stream":"true"}]},
"evernight.ocean2":{"sounds":[{"name":"evernight/ocean2","stream":"true"}]},
"evernight.library":{"sounds":[{"name":"evernight/library","stream":"true"}]},
"evernight.flower":{"sounds":[{"name":"evernight/flower","stream":"true"}]},
"evernight.blood":{"sounds":[{"name":"evernight/blood","stream":"true"}]},
"evernight.valley":{"sounds":[{"name":"evernight/valley","stream":"true"}]},
"evernight.completed":{"sounds":[{"name":"evernight/completed","stream":"true"}]},
"evernight.credit":{"sounds":[{"name":"evernight/credit","stream":"true"}]}
}