{
	"credit": "Made with Blockbench",
	"texture_size": [128, 128],
	"textures": {
		"1": "cnp:item/game.play",
		"2": "cnp:item/game.list1",
		"particle": "cnp:item/game.list1"
	},
	"elements": [
		{
			"from": [0, -14, 0],
			"to": [16, -12, 16],
			"rotation": {"angle": 0, "axis": "y", "origin": [2, -15, 3]},
			"faces": {
				"north": {"uv": [8, 6.375, 10, 6.625], "texture": "#1"},
				"east": {"uv": [8, 6.625, 10, 6.875], "texture": "#1"},
				"south": {"uv": [8, 6.875, 10, 7.125], "texture": "#1"},
				"west": {"uv": [8, 7.625, 10, 7.875], "texture": "#1"},
				"up": {"uv": [6, 2, 4, 0], "texture": "#1"},
				"down": {"uv": [6, 2, 4, 4], "texture": "#1"}
			}
		},
		{
			"from": [0, -2, -2],
			"to": [16, 0, 16],
			"rotation": {"angle": 0, "axis": "y", "origin": [2, -22, 3]},
			"faces": {
				"north": {"uv": [2, 8.25, 4, 8.5], "texture": "#1"},
				"east": {"uv": [4, 8, 6.25, 8.25], "texture": "#1"},
				"south": {"uv": [4, 8.25, 6, 8.5], "texture": "#1"},
				"west": {"uv": [8, 5.875, 10.25, 6.125], "texture": "#1"},
				"up": {"uv": [2, 5.25, 0, 3], "texture": "#1"},
				"down": {"uv": [4, 3, 2, 5.25], "texture": "#1"}
			}
		},
		{
			"from": [0, 21, 7],
			"to": [16, 24, 9],
			"rotation": {"angle": 0, "axis": "y", "origin": [2, -21, 3]},
			"faces": {
				"north": {"uv": [6, 7.625, 8, 8], "texture": "#1"},
				"east": {"uv": [5.375, 8.5, 5.625, 8.875], "texture": "#1"},
				"south": {"uv": [2, 7.875, 4, 8.25], "texture": "#1"},
				"west": {"uv": [5.625, 8.5, 5.875, 8.875], "texture": "#1"},
				"up": {"uv": [4, 8.75, 2, 8.5], "texture": "#1"},
				"down": {"uv": [10.5, 2.125, 8.5, 2.375], "texture": "#1"}
			}
		},
		{
			"from": [0.5, 11.25, 8.5],
			"to": [15.5, 15.25, 9.5],
			"rotation": {"angle": 0, "axis": "y", "origin": [2.5, -22, 3]},
			"faces": {
				"north": {"uv": [6.875, 5.375, 8.75, 5.875], "texture": "#1"},
				"east": {"uv": [8.375, 8.5, 8.5, 9], "texture": "#1"},
				"south": {"uv": [4, 7, 5.875, 7.5], "texture": "#1"},
				"west": {"uv": [8.5, 8.5, 8.625, 9], "texture": "#1"},
				"up": {"uv": [5.875, 7.625, 4, 7.5], "texture": "#1"},
				"down": {"uv": [10.375, 3.125, 8.5, 3.25], "texture": "#1"}
			}
		},
		{
			"from": [0, 18, 8],
			"to": [16, 21, 9],
			"rotation": {"angle": 0, "axis": "y", "origin": [2, -21, 3]},
			"faces": {
				"north": {"uv": [7.875, 7.25, 9.875, 7.625], "texture": "#1"},
				"east": {"uv": [0, 8.625, 0.125, 9], "texture": "#1"},
				"south": {"uv": [0, 8, 2, 8.375], "texture": "#1"},
				"west": {"uv": [0.125, 8.625, 0.25, 9], "texture": "#1"},
				"up": {"uv": [10, 7.25, 8, 7.125], "texture": "#1"},
				"down": {"uv": [10.25, 8.125, 8.25, 8.25], "texture": "#1"}
			}
		},
		{
			"from": [0, 0, 9],
			"to": [16, 24, 16],
			"rotation": {"angle": 0, "axis": "y", "origin": [2, -15, -1.5]},
			"faces": {
				"north": {"uv": [0, 0, 2, 3], "texture": "#1"},
				"east": {"uv": [6, 0, 6.875, 3], "texture": "#1"},
				"south": {"uv": [2, 0, 4, 3], "texture": "#1"},
				"west": {"uv": [6, 3, 6.875, 6], "texture": "#1"},
				"up": {"uv": [8.875, 4.5, 6.875, 3.625], "texture": "#1"},
				"down": {"uv": [8.875, 4.5, 6.875, 5.375], "texture": "#1"}
			}
		},
		{
			"from": [0, 0, 6],
			"to": [16, 2, 9],
			"rotation": {"angle": 0, "axis": "y", "origin": [2, -15, -1.5]},
			"faces": {
				"north": {"uv": [6, 8.25, 8, 8.5], "texture": "#1"},
				"east": {"uv": [8.5, 3.25, 8.875, 3.5], "texture": "#1"},
				"south": {"uv": [8.25, 7.875, 10.25, 8.125], "texture": "#1"},
				"west": {"uv": [5, 8.5, 5.375, 8.75], "texture": "#1"},
				"up": {"uv": [7.875, 7.625, 5.875, 7.25], "texture": "#1"},
				"down": {"uv": [6, 7.625, 4, 8], "texture": "#1"}
			}
		},
		{
			"from": [0, 2, 7],
			"to": [16, 4, 9],
			"rotation": {"angle": 0, "axis": "y", "origin": [2, -15, -1.5]},
			"faces": {
				"north": {"uv": [8, 8.25, 10, 8.5], "texture": "#1"},
				"east": {"uv": [7.875, 8.5, 8.125, 8.75], "texture": "#1"},
				"south": {"uv": [0, 8.375, 2, 8.625], "texture": "#1"},
				"west": {"uv": [8.125, 8.5, 8.375, 8.75], "texture": "#1"},
				"up": {"uv": [10.5, 1.375, 8.5, 1.125], "texture": "#1"},
				"down": {"uv": [10.5, 1.375, 8.5, 1.625], "texture": "#1"}
			}
		},
		{
			"from": [0, 4, 8],
			"to": [16, 6, 9],
			"rotation": {"angle": 0, "axis": "y", "origin": [2, -15, -1.5]},
			"faces": {
				"north": {"uv": [8.5, 2.375, 10.5, 2.625], "texture": "#1"},
				"east": {"uv": [5.875, 7, 6, 7.25], "texture": "#1"},
				"south": {"uv": [8.5, 2.625, 10.5, 2.875], "texture": "#1"},
				"west": {"uv": [1.25, 8.625, 1.375, 8.875], "texture": "#1"},
				"up": {"uv": [10.5, 3, 8.5, 2.875], "texture": "#1"},
				"down": {"uv": [10.5, 3, 8.5, 3.125], "texture": "#1"}
			}
		},
		{
			"from": [0, -2.5, 6.35],
			"to": [16, 8.5, 8.35],
			"rotation": {"angle": 22.5, "axis": "x", "origin": [8, 3, 12.25]},
			"faces": {
				"north": {"uv": [2, 5.25, 4, 6.625], "texture": "#1"},
				"east": {"uv": [4, 8.5, 4.25, 9.875], "texture": "#1"},
				"south": {"uv": [4, 5.625, 6, 7], "texture": "#1"},
				"west": {"uv": [4.25, 8.5, 4.5, 9.875], "texture": "#1"},
				"up": {"uv": [10, 6.375, 8, 6.125], "texture": "#1"},
				"down": {"uv": [8.25, 8, 6.25, 8.25], "texture": "#1"}
			}
		},
		{
			"from": [0, 15, 11.65567],
			"to": [16, 24, 13.65567],
			"rotation": {"angle": -22.5, "axis": "x", "origin": [8, 6.79903, 8.10567]},
			"faces": {
				"north": {"uv": [0, 6.875, 2, 8], "texture": "#1"},
				"east": {"uv": [4.5, 8.5, 4.75, 9.625], "texture": "#1"},
				"south": {"uv": [6.875, 0, 8.875, 1.125], "texture": "#1"},
				"west": {"uv": [4.75, 8.5, 5, 9.625], "texture": "#1"},
				"up": {"uv": [10.5, 1.875, 8.5, 1.625], "texture": "#1"},
				"down": {"uv": [10.5, 1.875, 8.5, 2.125], "texture": "#1"}
			}
		},
		{
			"from": [0.25, 15.25, 11.63067],
			"to": [15.75, 23.75, 11.63067],
			"rotation": {"angle": -22.5, "axis": "x", "origin": [8.25, 6.79903, 8.10567]},
			"faces": {
				"north": {"uv": [0, 0, 16, 16], "texture": "#2"},
				"east": {"uv": [4.5, 8.5, 4.75, 9.625], "texture": "#2"},
				"south": {"uv": [6.875, 0, 8.875, 1.125], "texture": "#2"},
				"west": {"uv": [4.75, 8.5, 5, 9.625], "texture": "#2"},
				"up": {"uv": [10.5, 1.875, 8.5, 1.625], "texture": "#2"},
				"down": {"uv": [10.5, 1.875, 8.5, 2.125], "texture": "#2"}
			}
		},
		{
			"from": [0, 15, 11.65567],
			"to": [16, 24, 13.65567],
			"rotation": {"angle": -22.5, "axis": "x", "origin": [8, 6.79903, 8.10567]},
			"faces": {
				"north": {"uv": [0, 6.875, 2, 8], "texture": "#1"},
				"east": {"uv": [4.5, 8.5, 4.75, 9.625], "texture": "#1"},
				"south": {"uv": [6.875, 0, 8.875, 1.125], "texture": "#1"},
				"west": {"uv": [4.75, 8.5, 5, 9.625], "texture": "#1"},
				"up": {"uv": [10.5, 1.875, 8.5, 1.625], "texture": "#1"},
				"down": {"uv": [10.5, 1.875, 8.5, 2.125], "texture": "#1"}
			}
		},
		{
			"from": [0, -12, 3],
			"to": [16, -2, 16],
			"rotation": {"angle": 0, "axis": "y", "origin": [2, -15, 1.5]},
			"faces": {
				"north": {"uv": [6, 6, 8, 7.25], "texture": "#1"},
				"east": {"uv": [6.875, 1.125, 8.5, 2.375], "texture": "#1"},
				"south": {"uv": [2, 6.625, 4, 7.875], "texture": "#1"},
				"west": {"uv": [6.875, 2.375, 8.5, 3.625], "texture": "#1"},
				"up": {"uv": [6, 5.625, 4, 4], "texture": "#1"},
				"down": {"uv": [2, 5.25, 0, 6.875], "texture": "#1"}
			}
		},
		{
			"from": [11.5, 2.75, 1.25],
			"to": [12.5, 3.75, 1.75],
			"rotation": {"angle": 22.5, "axis": "z", "origin": [12.5, 2.5, 0.5]},
			"faces": {
				"north": {"uv": [7.625, 5.875, 7.75, 6], "texture": "#1"},
				"east": {"uv": [1.875, 8.625, 1.9375, 8.75], "texture": "#1"},
				"south": {"uv": [7.75, 5.875, 7.875, 6], "texture": "#1"},
				"west": {"uv": [8.625, 3.5, 8.6875, 3.625], "texture": "#1"},
				"up": {"uv": [8.75, 8.5625, 8.625, 8.5], "texture": "#1"},
				"down": {"uv": [8.75, 8.625, 8.625, 8.6875], "texture": "#1"}
			}
		},
		{
			"from": [12, 0, 0],
			"to": [13, 1, 1],
			"rotation": {"angle": 0, "axis": "y", "origin": [7, 7, 7]},
			"faces": {
				"north": {"uv": [6.875, 5.875, 7, 6], "texture": "#1"},
				"east": {"uv": [7, 5.875, 7.125, 6], "texture": "#1"},
				"south": {"uv": [7.125, 5.875, 7.25, 6], "texture": "#1"},
				"west": {"uv": [7.25, 5.875, 7.375, 6], "texture": "#1"},
				"up": {"uv": [7.5, 6, 7.375, 5.875], "texture": "#1"},
				"down": {"uv": [7.625, 5.875, 7.5, 6], "texture": "#1"}
			}
		},
		{
			"from": [11, 0.75, -0.25],
			"to": [12.5, 3.75, 1.25],
			"rotation": {"angle": 22.5, "axis": "z", "origin": [12.5, 2.5, 0.5]},
			"faces": {
				"north": {"uv": [5.875, 8.5, 6.0625, 8.875], "texture": "#1"},
				"east": {"uv": [6.125, 8.5, 6.3125, 8.875], "texture": "#1"},
				"south": {"uv": [6.375, 8.5, 6.5625, 8.875], "texture": "#1"},
				"west": {"uv": [6.625, 8.5, 6.8125, 8.875], "texture": "#1"},
				"up": {"uv": [0.4375, 8.8125, 0.25, 8.625], "texture": "#1"},
				"down": {"uv": [0.6875, 8.625, 0.5, 8.8125], "texture": "#1"}
			}
		},
		{
			"from": [3.5, 2.75, 1.25],
			"to": [4.5, 3.75, 1.75],
			"rotation": {"angle": -22.5, "axis": "z", "origin": [3.5, 2.5, 0.5]},
			"faces": {
				"north": {"uv": [7.875, 5.875, 8, 6], "texture": "#1"},
				"east": {"uv": [1.375, 8.75, 1.4375, 8.875], "texture": "#1"},
				"south": {"uv": [8, 7.875, 8.125, 8], "texture": "#1"},
				"west": {"uv": [1.5, 8.75, 1.5625, 8.875], "texture": "#1"},
				"up": {"uv": [1.75, 8.8125, 1.625, 8.75], "texture": "#1"},
				"down": {"uv": [1.875, 8.75, 1.75, 8.8125], "texture": "#1"}
			}
		},
		{
			"from": [3, 0, 0],
			"to": [4, 1, 1],
			"rotation": {"angle": 0, "axis": "y", "origin": [9, 7, 7]},
			"faces": {
				"north": {"uv": [8.125, 7.875, 8.25, 8], "texture": "#1"},
				"east": {"uv": [8.5, 3.5, 8.625, 3.625], "texture": "#1"},
				"south": {"uv": [1.375, 8.625, 1.5, 8.75], "texture": "#1"},
				"west": {"uv": [1.5, 8.625, 1.625, 8.75], "texture": "#1"},
				"up": {"uv": [1.75, 8.75, 1.625, 8.625], "texture": "#1"},
				"down": {"uv": [1.875, 8.625, 1.75, 8.75], "texture": "#1"}
			}
		},
		{
			"from": [3.5, 0.75, -0.25],
			"to": [5, 3.75, 1.25],
			"rotation": {"angle": -22.5, "axis": "z", "origin": [3.5, 2.5, 0.5]},
			"faces": {
				"north": {"uv": [6.875, 8.5, 7.0625, 8.875], "texture": "#1"},
				"east": {"uv": [7.125, 8.5, 7.3125, 8.875], "texture": "#1"},
				"south": {"uv": [7.375, 8.5, 7.5625, 8.875], "texture": "#1"},
				"west": {"uv": [7.625, 8.5, 7.8125, 8.875], "texture": "#1"},
				"up": {"uv": [0.9375, 8.8125, 0.75, 8.625], "texture": "#1"},
				"down": {"uv": [1.1875, 8.625, 1, 8.8125], "texture": "#1"}
			}
		}
	],
	"display": {
		"head": {
			"translation": [0, -10, 0],
			"scale": [1.5, 1.55, 1.5]
		}
	},
	"groups": [
		0,
		1,
		2,
		3,
		4,
		5,
		6,
		7,
		8,
		9,
		10,
		11,
		12,
		13,
		{
			"name": "group",
			"origin": [12.5, 2.5, 0.5],
			"color": 0,
			"nbt": "{}",
			"children": [14, 15, 16]
		},
		{
			"name": "group",
			"origin": [12.5, 2.5, 0.5],
			"color": 0,
			"nbt": "{}",
			"children": [17, 18, 19]
		}
	]
}