{
	"credit": "Made with Blockbench",
	"texture_size": [1280, 1920],
	"textures": {
		"0": "cnp:item/dlc/dlc0/list/a",
		"particle": "cnp:item/dlc/dlc0/list/a"
	},
	"elements": [
		{
			"from": [8, 2, 10],
			"to": [24, 26, 10],
			"rotation": {"angle": 0, "axis": "y", "origin": [16, 14, 10]},
			"faces": {
				"north": {"uv": [0, 0, 16, 16], "texture": "#0"},
				"east": {"uv": [0, 0, 0, 0], "texture": "#0"},
				"south": {"uv": [0, 0, 16, 16], "texture": "#0"},
				"west": {"uv": [0, 0, 0, 0], "texture": "#0"},
				"up": {"uv": [0, 0, 0, 0], "rotation": 270, "texture": "#0"},
				"down": {"uv": [0, 0, 0, 0], "rotation": 90, "texture": "#0"}
			}
		},
		{
			"from": [8, 1, 9],
			"to": [24, 25, 9],
			"rotation": {"angle": 22.5, "axis": "z", "origin": [12, 1, 9]},
			"faces": {
				"north": {"uv": [0, 0, 16, 16], "texture": "#0"},
				"east": {"uv": [0, 0, 0, 0], "texture": "#0"},
				"south": {"uv": [0, 0, 16, 16], "texture": "#0"},
				"west": {"uv": [0, 0, 0, 0], "texture": "#0"},
				"up": {"uv": [0, 0, 0, 0], "rotation": 270, "texture": "#0"},
				"down": {"uv": [0, 0, 0, 0], "rotation": 90, "texture": "#0"}
			}
		},
		{
			"from": [8, 0, 8],
			"to": [24, 24, 8],
			"rotation": {"angle": 45, "axis": "z", "origin": [12, 0, 8]},
			"faces": {
				"north": {"uv": [0, 0, 16, 16], "texture": "#0"},
				"east": {"uv": [0, 0, 0, 0], "texture": "#0"},
				"south": {"uv": [0, 0, 16, 16], "texture": "#0"},
				"west": {"uv": [0, 0, 0, 0], "texture": "#0"},
				"up": {"uv": [0, 0, 0, 0], "rotation": 270, "texture": "#0"},
				"down": {"uv": [0, 0, 0, 0], "rotation": 90, "texture": "#0"}
			}
		},
		{
			"from": [-12, -5, 7],
			"to": [12, 11, 7],
			"rotation": {"angle": -22.5, "axis": "z", "origin": [12, -1, 7]},
			"faces": {
				"north": {"uv": [0, 0, 16, 16], "rotation": 90, "texture": "#0"},
				"east": {"uv": [0, 0, 0, 0], "texture": "#0"},
				"south": {"uv": [0, 0, 16, 16], "rotation": 270, "texture": "#0"},
				"west": {"uv": [0, 0, 0, 0], "rotation": 180, "texture": "#0"},
				"up": {"uv": [0, 0, 0, 0], "rotation": 270, "texture": "#0"},
				"down": {"uv": [0, 0, 0, 0], "rotation": 270, "texture": "#0"}
			}
		},
		{
			"from": [-12, -6, 6],
			"to": [12, 10, 6],
			"rotation": {"angle": 0, "axis": "z", "origin": [12, -2, 6]},
			"faces": {
				"north": {"uv": [0, 0, 16, 16], "rotation": 90, "texture": "#0"},
				"east": {"uv": [0, 0, 0, 0], "texture": "#0"},
				"south": {"uv": [0, 0, 16, 16], "rotation": 270, "texture": "#0"},
				"west": {"uv": [0, 0, 0, 0], "rotation": 180, "texture": "#0"},
				"up": {"uv": [0, 0, 0, 0], "rotation": 270, "texture": "#0"},
				"down": {"uv": [0, 0, 0, 0], "rotation": 270, "texture": "#0"}
			}
		}
	],
	"display": {
		"thirdperson_righthand": {
			"rotation": [0, 180, -20],
			"translation": [-1.25, 1, 0.75],
			"scale": [0.15, 0.15, 0.15]
		},
		"thirdperson_lefthand": {
			"rotation": [0, 180, 0],
			"translation": [-1.25, 1, 0.75],
			"scale": [0.15, 0.15, 0.15]
		},
		"firstperson_righthand": {
			"rotation": [-26, 100, 0],
			"translation": [2.25, 4.5, 0],
			"scale": [0.3, 0.3, 0.3]
		},
		"firstperson_lefthand": {
			"rotation": [-26, 100, 0],
			"translation": [2.25, 4.5, 0],
			"scale": [0.3, 0.3, 0.3]
		},
		"ground": {
			"rotation": [90, 0, 0],
			"translation": [0, -3, 0],
			"scale": [0.3, 0.3, 0.3]
		},
		"gui": {
			"rotation": [0, 0, -36],
			"scale": [0.8, 0.8, 0.8]
		},
		"head": {
			"rotation": [0, 0, -14],
			"translation": [0, -5, 0],
			"scale": [1, 1, 0.1]
		},
		"fixed": {
			"rotation": [0, 0, -28],
			"translation": [0, 0, -2.25]
		}
	}
}