{
	"credit": "Made with Blockbench",
	"texture_size": [16, 8],
	"textures": {
		"1": "cnp:item/logo",
		"particle": "cnp:item/logo"
	},
	"elements": [
		{
			"from": [-12, -2, 8],
			"to": [28, 18, 8],
			"rotation": {"angle": 0, "axis": "y", "origin": [6, 16, 8]},
			"faces": {
				"north": {"uv": [0, 0, 16, 16], "texture": "#1"},
				"east": {"uv": [0, 0, 16, 16], "texture": "#1"},
				"south": {"uv": [16, 0, 0, 16], "texture": "#1"},
				"west": {"uv": [0, 0, 16, 16], "texture": "#1"},
				"up": {"uv": [0, 0, 16, 16], "texture": "#1"},
				"down": {"uv": [0, 0, 16, 16], "texture": "#1"}
			}
		}
	],
	"display": {
		"head": {
			"scale": [4, 4, 4]
		}
	},
	"groups": [
		{
			"name": "bone",
			"origin": [0, 0, 0],
			"color": 0,
			"nbt": "{}",
			"children": [0]
		}
	]
}