{
	"credit": "Made with Blockbench",
	"texture_size": [32, 32],
	"textures": {
		"2": "cnp:item/st.lh"
	},
	"elements": [
		{
			"name": "Head",
			"from": [6, 12, 6],
			"to": [10, 16, 10],
			"rotation": {"angle": 22.5, "axis": "x", "origin": [8, 12, 8]},
			"faces": {
				"north": {"uv": [0, 0, 2, 2], "texture": "#2"},
				"east": {"uv": [0, 2, 2, 4], "texture": "#2"},
				"south": {"uv": [2, 0, 4, 2], "texture": "#2"},
				"west": {"uv": [2, 2, 4, 4], "texture": "#2"},
				"up": {"uv": [2, 6, 0, 4], "texture": "#2"},
				"down": {"uv": [6, 0, 4, 2], "texture": "#2"}
			}
		},
		{
			"name": "Body",
			"from": [6, 9, 7],
			"to": [10, 12, 9],
			"rotation": {"angle": 0, "axis": "y", "origin": [8, 10.5, 8]},
			"faces": {
				"north": {"uv": [2, 4, 4, 5.5], "texture": "#2"},
				"east": {"uv": [3.5, 6.5, 4.5, 8], "texture": "#2"},
				"south": {"uv": [4, 2, 6, 3.5], "texture": "#2"},
				"west": {"uv": [4.5, 6.5, 5.5, 8], "texture": "#2"},
				"up": {"uv": [8, 1, 6, 0], "texture": "#2"},
				"down": {"uv": [8, 1, 6, 2], "texture": "#2"}
			}
		},
		{
			"name": "Body",
			"from": [6.25, 6, 7.14651],
			"to": [9.75, 9, 9.14651],
			"rotation": {"angle": 0, "axis": "y", "origin": [8.25, 7.5, 8.14651]},
			"faces": {
				"north": {"uv": [4, 3.5, 5.75, 5], "texture": "#2"},
				"east": {"uv": [6, 4, 7, 5.5], "texture": "#2"},
				"south": {"uv": [4, 5, 5.75, 6.5], "texture": "#2"},
				"west": {"uv": [6, 5.5, 7, 7], "texture": "#2"},
				"up": {"uv": [7.75, 3, 6, 2], "texture": "#2"},
				"down": {"uv": [7.75, 3, 6, 4], "texture": "#2"}
			}
		},
		{
			"name": "Body",
			"from": [6.5, 2.85, 7.59651],
			"to": [9.5, 6.15, 9.09651],
			"rotation": {"angle": 0, "axis": "y", "origin": [8.65, 7.5, 8.14651]},
			"faces": {
				"north": {"uv": [2, 5.5, 3.5, 7.25], "texture": "#2"},
				"east": {"uv": [5.5, 8.5, 6.25, 10.25], "texture": "#2"},
				"south": {"uv": [0, 6, 1.5, 7.75], "texture": "#2"},
				"west": {"uv": [8.5, 7.5, 9.25, 9.25], "texture": "#2"},
				"up": {"uv": [1.5, 9.75, 0, 9], "texture": "#2"},
				"down": {"uv": [10.5, 1, 9, 1.75], "texture": "#2"}
			}
		},
		{
			"name": "Left Arm",
			"from": [10.13999, 10.24657, 4.99233],
			"to": [12.13999, 12.24657, 7.99233],
			"rotation": {"angle": -45, "axis": "y", "origin": [10.15305, 11.01306, 6.83431]},
			"faces": {
				"north": {"uv": [1.5, 9, 2.5, 10], "texture": "#2"},
				"east": {"uv": [7, 4, 8.5, 5], "texture": "#2"},
				"south": {"uv": [9, 2, 10, 3], "texture": "#2"},
				"west": {"uv": [7, 5, 8.5, 6], "texture": "#2"},
				"up": {"uv": [6.5, 8.5, 5.5, 7], "texture": "#2"},
				"down": {"uv": [8, 6, 7, 7.5], "texture": "#2"}
			}
		},
		{
			"name": "Left Arm",
			"from": [10.16611, 11.27955, 4.1763],
			"to": [12.16611, 14.27955, 6.1763],
			"rotation": {"angle": -45, "axis": "y", "origin": [10.15305, 11.01306, 6.83431]},
			"faces": {
				"north": {"uv": [1.5, 7.5, 2.5, 9], "texture": "#2"},
				"east": {"uv": [2.5, 7.5, 3.5, 9], "texture": "#2"},
				"south": {"uv": [6.5, 7.5, 7.5, 9], "texture": "#2"},
				"west": {"uv": [7.5, 7.5, 8.5, 9], "texture": "#2"},
				"up": {"uv": [3.5, 10, 2.5, 9], "texture": "#2"},
				"down": {"uv": [10, 3, 9, 4], "texture": "#2"}
			}
		},
		{
			"name": "Right Arm",
			"from": [3.86001, 10.24657, 4.99233],
			"to": [5.86001, 12.24657, 7.99233],
			"rotation": {"angle": 45, "axis": "y", "origin": [5.84695, 11.01306, 6.83431]},
			"faces": {
				"north": {"uv": [9, 5.5, 10, 6.5], "texture": "#2"},
				"east": {"uv": [0, 8, 1.5, 9], "texture": "#2"},
				"south": {"uv": [6.5, 9, 7.5, 10], "texture": "#2"},
				"west": {"uv": [8, 0, 9.5, 1], "texture": "#2"},
				"up": {"uv": [9, 2.5, 8, 1], "texture": "#2"},
				"down": {"uv": [9, 2.5, 8, 4], "texture": "#2"}
			}
		},
		{
			"name": "Right Arm",
			"from": [3.83389, 11.27955, 4.1763],
			"to": [5.83389, 14.27955, 6.1763],
			"rotation": {"angle": 45, "axis": "y", "origin": [5.84695, 11.01306, 6.83431]},
			"faces": {
				"north": {"uv": [3.5, 8, 4.5, 9.5], "texture": "#2"},
				"east": {"uv": [4.5, 8, 5.5, 9.5], "texture": "#2"},
				"south": {"uv": [8, 6, 9, 7.5], "texture": "#2"},
				"west": {"uv": [8.5, 4, 9.5, 5.5], "texture": "#2"},
				"up": {"uv": [10, 7.5, 9, 6.5], "texture": "#2"},
				"down": {"uv": [8.5, 9, 7.5, 10], "texture": "#2"}
			}
		}
	],
	"display": {
		"head": {
			"translation": [0, -19.2, 0],
			"scale": [3, 3, 3]
		}
	},
	"groups": [
		{
			"name": "Head",
			"origin": [8, 16.75, 8],
			"color": 0,
			"nbt": "{}",
			"children": [0]
		},
		{
			"name": "B",
			"origin": [8, 10.75, 8],
			"color": 0,
			"nbt": "{}",
			"children": [
				{
					"name": "body1",
					"origin": [8, 10.75, 8],
					"color": 0,
					"nbt": "{}",
					"children": [1]
				},
				{
					"name": "body2",
					"origin": [8, 7.75, 8],
					"color": 0,
					"nbt": "{}",
					"children": [2, 3]
				}
			]
		},
		{
			"name": "RA",
			"origin": [13, 14.75, 8],
			"color": 0,
			"nbt": "{}",
			"children": [
				{
					"name": "RA1",
					"origin": [13, 14.75, 8],
					"color": 0,
					"nbt": "{}",
					"children": []
				}
			]
		},
		{
			"name": "RL",
			"origin": [9.9, 4.75, 8],
			"color": 0,
			"nbt": "{}",
			"children": []
		},
		{
			"name": "RA",
			"origin": [13, 14.75, 8],
			"color": 0,
			"nbt": "{}",
			"children": [
				{
					"name": "RA1",
					"origin": [13, 14.75, 8],
					"color": 0,
					"nbt": "{}",
					"children": [
						4,
						{
							"name": "group",
							"origin": [9.50688, 11.02612, 5.6965],
							"color": 0,
							"nbt": "{}",
							"children": [5]
						}
					]
				},
				{
					"name": "RA1",
					"origin": [13, 14.75, 8],
					"color": 0,
					"nbt": "{}",
					"children": [
						6,
						{
							"name": "group",
							"origin": [9.50688, 11.02612, 5.6965],
							"color": 0,
							"nbt": "{}",
							"children": [7]
						}
					]
				}
			]
		}
	]
}