{
	"credit": "Made with Blockbench",
	"texture_size": [64, 64],
	"textures": {
		"0": "cnp:item/tmap.dj"
	},
	"elements": [
		{
			"from": [4, 8, 0],
			"to": [12, 8, 2],
			"rotation": {"angle": 0, "axis": "y", "origin": [8, 8, 2]},
			"faces": {
				"north": {"uv": [0, 0, 5.25, 0], "texture": "#0"},
				"east": {"uv": [0, 0, 2.625, 0], "texture": "#0"},
				"south": {"uv": [0, 0, 5.25, 0], "texture": "#0"},
				"west": {"uv": [0, 0, 2.625, 0], "texture": "#0"},
				"up": {"uv": [0, 0, 5.25, 1.25], "texture": "#0"},
				"down": {"uv": [10.25, 1.25, 5, 0], "texture": "#0"}
			}
		},
		{
			"from": [4, 8, 2],
			"to": [12, 8, 4],
			"rotation": {"angle": 0, "axis": "y", "origin": [8, 8, 4]},
			"faces": {
				"north": {"uv": [0, 0, 5.25, 0], "texture": "#0"},
				"east": {"uv": [0, 0, 2.625, 0], "texture": "#0"},
				"south": {"uv": [0, 0, 5.25, 0], "texture": "#0"},
				"west": {"uv": [0, 0, 2.625, 0], "texture": "#0"},
				"up": {"uv": [0, 1.25, 5.25, 2.5], "texture": "#0"},
				"down": {"uv": [10.25, 2.5, 5, 1.25], "texture": "#0"}
			}
		},
		{
			"from": [4, 8, 4],
			"to": [12, 8, 6],
			"rotation": {"angle": 0, "axis": "y", "origin": [8, 8, 6]},
			"faces": {
				"north": {"uv": [0, 0, 5.25, 0], "texture": "#0"},
				"east": {"uv": [0, 0, 2.625, 0], "texture": "#0"},
				"south": {"uv": [0, 0, 5.25, 0], "texture": "#0"},
				"west": {"uv": [0, 0, 2.625, 0], "texture": "#0"},
				"up": {"uv": [0, 2.5, 5.25, 3.75], "texture": "#0"},
				"down": {"uv": [10.25, 3.75, 5, 2.5], "texture": "#0"}
			}
		},
		{
			"from": [4, 8, 6],
			"to": [12, 8, 8],
			"rotation": {"angle": 0, "axis": "y", "origin": [8, 8, 8]},
			"faces": {
				"north": {"uv": [0, 0, 5.25, 0], "texture": "#0"},
				"east": {"uv": [0, 0, 2.625, 0], "texture": "#0"},
				"south": {"uv": [0, 0, 5.25, 0], "texture": "#0"},
				"west": {"uv": [0, 0, 2.625, 0], "texture": "#0"},
				"up": {"uv": [0, 3.75, 5.25, 5], "texture": "#0"},
				"down": {"uv": [10.25, 5, 5, 3.75], "texture": "#0"}
			}
		},
		{
			"from": [4, 8, 8],
			"to": [12, 8, 10],
			"rotation": {"angle": 0, "axis": "y", "origin": [8, 8, 10]},
			"faces": {
				"north": {"uv": [0, 0, 5.25, 0], "texture": "#0"},
				"east": {"uv": [0, 0, 2.625, 0], "texture": "#0"},
				"south": {"uv": [0, 0, 5.25, 0], "texture": "#0"},
				"west": {"uv": [0, 0, 2.625, 0], "texture": "#0"},
				"up": {"uv": [0, 5, 5.25, 6.25], "texture": "#0"},
				"down": {"uv": [10.25, 6.25, 5, 5], "texture": "#0"}
			}
		},
		{
			"from": [4, 8, 10],
			"to": [12, 8, 12],
			"rotation": {"angle": 0, "axis": "y", "origin": [8, 8, 12]},
			"faces": {
				"north": {"uv": [0, 0, 5.25, 0], "texture": "#0"},
				"east": {"uv": [0, 0, 2.625, 0], "texture": "#0"},
				"south": {"uv": [0, 0, 5.25, 0], "texture": "#0"},
				"west": {"uv": [0, 0, 2.625, 0], "texture": "#0"},
				"up": {"uv": [0, 6.25, 5.25, 7.5], "texture": "#0"},
				"down": {"uv": [10.25, 7.5, 5, 6.25], "texture": "#0"}
			}
		},
		{
			"from": [4, 8, 12],
			"to": [12, 8, 14],
			"rotation": {"angle": 0, "axis": "y", "origin": [8, 8, 14]},
			"faces": {
				"north": {"uv": [0, 0, 5.25, 0], "texture": "#0"},
				"east": {"uv": [0, 0, 2.625, 0], "texture": "#0"},
				"south": {"uv": [0, 0, 5.25, 0], "texture": "#0"},
				"west": {"uv": [0, 0, 2.625, 0], "texture": "#0"},
				"up": {"uv": [0, 7.5, 5.25, 8.75], "texture": "#0"},
				"down": {"uv": [10.25, 8.75, 5, 7.5], "texture": "#0"}
			}
		},
		{
			"from": [4, 8, 14],
			"to": [12, 8, 16],
			"rotation": {"angle": 0, "axis": "y", "origin": [8, 8, 16]},
			"faces": {
				"north": {"uv": [0, 0, 5.25, 0], "texture": "#0"},
				"east": {"uv": [0, 0, 2.625, 0], "texture": "#0"},
				"south": {"uv": [0, 0, 5.25, 0], "texture": "#0"},
				"west": {"uv": [0, 0, 2.625, 0], "texture": "#0"},
				"up": {"uv": [0, 8.75, 5.25, 10], "texture": "#0"},
				"down": {"uv": [10.25, 10, 5, 8.75], "texture": "#0"}
			}
		}
	],
	"display": {
		"thirdperson_righthand": {
			"rotation": [80, 0, 90],
			"scale": [0.5, 0.5, 0.5]
		},
		"firstperson_righthand": {
			"rotation": [66, 1, 80],
			"translation": [2.25, 1.25, 0],
			"scale": [0.5, 0.5, 0.5]
		},
		"gui": {
			"rotation": [60.04, -41.03, 23.48]
		}
	},
	"groups": [
		{
			"name": "bone2",
			"origin": [8, 8, 8],
			"color": 0,
			"nbt": "{}",
			"children": [
				{
					"name": "bone",
					"origin": [8, 8, 8],
					"color": 0,
					"nbt": "{}",
					"children": [
						{
							"name": "1",
							"origin": [8, 8, 0],
							"color": 0,
							"nbt": "{}",
							"children": [
								0,
								{
									"name": "2",
									"origin": [8, 8, 2],
									"color": 0,
									"nbt": "{}",
									"children": [
										1,
										{
											"name": "3",
											"origin": [8, 8, 4],
											"color": 0,
											"nbt": "{}",
											"children": [
												2,
												{
													"name": "4",
													"origin": [8, 8, 6],
													"color": 0,
													"nbt": "{}",
													"children": [
														3,
														{
															"name": "5",
															"origin": [8, 8, 8],
															"color": 0,
															"nbt": "{}",
															"children": [
																4,
																{
																	"name": "6",
																	"origin": [8, 8, 10],
																	"color": 0,
																	"nbt": "{}",
																	"children": [
																		5,
																		{
																			"name": "7",
																			"origin": [8, 8, 12],
																			"color": 0,
																			"nbt": "{}",
																			"children": [
																				6,
																				{
																					"name": "8",
																					"origin": [8, 8, 14],
																					"color": 0,
																					"nbt": "{}",
																					"children": [7]
																				}
																			]
																		}
																	]
																}
															]
														}
													]
												}
											]
										}
									]
								}
							]
						}
					]
				}
			]
		}
	]
}