{
	"format_version": "1.21.6",
	"credit": "Made with Blockbench",
	"textures": {
		"0": "cnp:item/yq.team",
		"particle": "cnp:item/yq.team"
	},
	"elements": [
		{
			"from": [4, 6, 4],
			"to": [12, 4, 12],
			"rotation": {"angle": 45, "axis": "y", "origin": [8, 5, 8]},
			"faces": {
				"north": {"uv": [8, 0, 16, 2], "texture": "#0"},
				"east": {"uv": [8, 2, 16, 4], "texture": "#0"},
				"south": {"uv": [8, 4, 16, 6], "texture": "#0"},
				"west": {"uv": [8, 6, 16, 8], "texture": "#0"},
				"up": {"uv": [8, 8, 0, 0], "texture": "#0"},
				"down": {"uv": [8, 8, 0, 16], "texture": "#0"}
			}
		},
		{
			"from": [4, 4, 4],
			"to": [12, 6, 12],
			"rotation": {"angle": 45, "axis": "y", "origin": [8, 5, 8]},
			"faces": {
				"north": {"uv": [8, 0, 16, 2], "texture": "#0"},
				"east": {"uv": [8, 2, 16, 4], "texture": "#0"},
				"south": {"uv": [8, 4, 16, 6], "texture": "#0"},
				"west": {"uv": [8, 6, 16, 8], "texture": "#0"},
				"up": {"uv": [8, 8, 0, 0], "texture": "#0"},
				"down": {"uv": [8, 8, 0, 16], "texture": "#0"}
			}
		},
		{
			"from": [7.8, 3.9, 16],
			"to": [7.8, 6.1, 18],
			"rotation": {"angle": 45, "axis": "y", "origin": [2, 6, 16]},
			"faces": {
				"north": {"uv": [8, 4, 8, 6], "texture": "#0"},
				"east": {"uv": [10, 2, 12, 4], "texture": "#0"},
				"south": {"uv": [8, 4, 8, 6], "texture": "#0"},
				"west": {"uv": [10, 2, 12, 4], "texture": "#0"},
				"up": {"uv": [8, 4, 8, 6], "texture": "#0"},
				"down": {"uv": [8, 4, 8, 6], "texture": "#0"}
			}
		},
		{
			"from": [4.7, -1.5, 11.6],
			"to": [4.7, 5.5, 13.6],
			"rotation": {"angle": -22.5, "axis": "z", "origin": [4.5, 0, 13]},
			"faces": {
				"north": {"uv": [9, 0, 16, 0], "rotation": 90, "texture": "#0"},
				"east": {"uv": [9, 0, 16, 2], "rotation": 270, "texture": "#0"},
				"south": {"uv": [9, 0, 16, 0], "rotation": 270, "texture": "#0"},
				"west": {"uv": [9, 0, 16, 2], "rotation": 270, "texture": "#0"},
				"up": {"uv": [0, 0, 2, 0], "rotation": 270, "texture": "#0"},
				"down": {"uv": [0, 0, 2, 0], "rotation": 270, "texture": "#0"}
			}
		},
		{
			"from": [6.1, -5.5, 14.2],
			"to": [8.1, 0.5, 14.2],
			"rotation": {"angle": -22.5, "axis": "x", "origin": [4.5, 0, 3]},
			"faces": {
				"north": {"uv": [9, 2, 15, 4], "rotation": 270, "texture": "#0"},
				"east": {"uv": [9, 0, 15, 0], "rotation": 270, "texture": "#0"},
				"south": {"uv": [9, 2, 15, 4], "rotation": 270, "texture": "#0"},
				"west": {"uv": [9, 0, 15, 0], "rotation": 90, "texture": "#0"},
				"up": {"uv": [0, 0, 2, 0], "rotation": 180, "texture": "#0"},
				"down": {"uv": [0, 0, 2, 0], "texture": "#0"}
			}
		}
	],
	"display": {
		"thirdperson_righthand": {
			"rotation": [107, 0, 66],
			"translation": [-2, -1.25, 0],
			"scale": [0.5, 0.5, 0.5]
		},
		"thirdperson_lefthand": {
			"rotation": [107, 0, 66],
			"translation": [-2, -1.25, 0],
			"scale": [0.5, 0.5, 0.5]
		},
		"firstperson_righthand": {
			"rotation": [-107, 16, 79],
			"translation": [0, 4, 0],
			"scale": [0.5, 0.5, 0.5]
		},
		"firstperson_lefthand": {
			"rotation": [-107, 16, 79],
			"translation": [0, 4, 0],
			"scale": [0.5, 0.5, 0.5]
		},
		"gui": {
			"rotation": [32, -180, -12],
			"translation": [-1.25, 4, 0],
			"scale": [1.8, 1.8, 1.8]
		},
		"head": {
			"rotation": [0, 45, 0],
			"translation": [0, 7, 0],
			"scale": [1.81, 1.5, 1.81]
		}
	}
}