{
	"credit": "Made with Blockbench",
	"ambientocclusion": false,
	"textures": {
		"0": "skin/sans",
		"3": "skin/sans_eye",
		"particle": "block/soul_sand"
	},
	"elements": [
		{
			"from": [3.75, -0.25, 3.75],
			"to": [12.25, 8.25, 12.25],
			"faces": {
				"north": { "uv": [10, 2, 12, 4], "texture": "#0" },
				"east": { "uv": [8, 2, 10, 4], "texture": "#0" },
				"south": { "uv": [14, 2, 16, 4], "texture": "#0" },
				"west": { "uv": [12, 2, 14, 4], "texture": "#0" },
				"up": { "uv": [12, 2, 10, 0], "texture": "#0" },
				"down": { "uv": [12, 0, 14, 2], "texture": "#0" }
			}
		},
		{
			"from": [4, 0, 4],
			"to": [12, 8, 12],
			"faces": {
				"north": { "uv": [2, 2, 4, 4], "texture": "#0" },
				"east": { "uv": [0, 2, 2, 4], "texture": "#0" },
				"south": { "uv": [6, 2, 8, 4], "texture": "#0" },
				"west": { "uv": [4, 2, 6, 4], "texture": "#0" },
				"up": { "uv": [4, 2, 2, 0], "texture": "#0" },
				"down": { "uv": [4, 0, 6, 2], "texture": "#0" }
			}
		},
		{
			"name": "crown",
			"from": [3.74, -0.26, 3.74],
			"to": [12.26, 8.26, 12.26],
			"faces": {
				"north": { "uv": [10, 2, 12, 4], "texture": "#3" },
				"east": { "uv": [8, 2, 10, 4], "texture": "#3" },
				"south": { "uv": [14, 2, 16, 4], "texture": "#3" },
				"west": { "uv": [12, 2, 14, 4], "texture": "#3" },
				"up": { "uv": [12, 2, 10, 0], "texture": "#3" },
				"down": { "uv": [12, 0, 14, 2], "texture": "#3" }
			}
		}
	],
	"display": {
		"thirdperson_righthand": {
			"rotation": [45, 45, 0],
			"translation": [0, 3, 0],
			"scale": [0.5, 0.5, 0.5]
		},
		"thirdperson_lefthand": {
			"rotation": [45, 45, 0],
			"translation": [0, 3, 0],
			"scale": [0.5, 0.5, 0.5]
		},
		"firstperson_righthand": {
			"translation": [0, 6, 1.25],
			"scale": [0.6, 0.6, 0.6]
		},
		"firstperson_lefthand": {
			"translation": [0, 6, 1.25],
			"scale": [0.6, 0.6, 0.6]
		},
		"ground": {
			"translation": [0, 3, 0],
			"scale": [0.5, 0.5, 0.5]
		},
		"gui": {
			"rotation": [30, -135, 0],
			"translation": [0, 3, 0]
		},
		"head": {
			"translation": [0, 8.7, 0],
			"scale": [1.9, 1.9, 1.9]
		},
		"fixed": {
			"translation": [0, 4, 0]
		}
	},
	"groups": [
		{
			"name": "pufferfish",
			"origin": [8, 8, 8],
			"color": 0,
			"children": [0, 1]
		},
		2
	]
}
