{
  "variants": {
    "": [
      {
        "model": "minecraft:block/dirt_patch1"
      },
      {
        "model": "minecraft:block/dirt_patch1",
        "y": 90
      },
      {
        "model": "minecraft:block/dirt_patch1",
        "y": 180
      },
      {
        "model": "minecraft:block/dirt_patch1",
        "y": 270
      },

      {
        "model": "minecraft:block/dirt_patch2"
      },
      {
        "model": "minecraft:block/dirt_patch2",
        "y": 90
      },
      {
        "model": "minecraft:block/dirt_patch2",
        "y": 180
      },
      {
        "model": "minecraft:block/dirt_patch2",
        "y": 270
      }
    ]
  }}