{
    "variants": {
      "": [
        {
          "model": "minecraft:block/fern",
          "weight":30
        },
        {
          "model": "minecraft:block/fern",
          "y": 90,
          "weight":30
        },
        {
          "model": "minecraft:block/fern",
          "y": 180,
          "weight":30
        },
        {
          "model": "minecraft:block/fern",
          "y": 270,
          "weight":30
        },
        {
          "model": "minecraft:block/fern2",
          "weight":20
        },
        {
          "model": "minecraft:block/fern2",
          "y": 90,
          "weight":20
        },
        {
          "model": "minecraft:block/fern2",
          "y": 180,
          "weight":20
        },
        {
          "model": "minecraft:block/fern2",
          "y": 270,
          "weight":20
        }

      ]
    }}