{
  "multipart": [
    {
      "when": {
        "up": "true"
      },
      "apply": {
        "model": "minecraft:block/glow_lichen",
        "x": 270
      }
    },
    {
      "when": {
        "up": "false",
        "north": "false",
        "west": "false",
        "south": "false",
        "east": "false",
        "down": "false"
      },
      "apply": {
        "model": "minecraft:block/glow_lichen",
        "x": 270
      }
    },
    {
      "when": {
        "north": "true"
      },
      "apply": {
        "model": "minecraft:block/glow_lichen"
      }
    },
    {
      "when": {
        "up": "false",
        "north": "false",
        "west": "false",
        "south": "false",
        "east": "false",
        "down": "false"
      },
      "apply": {
        "model": "minecraft:block/glow_lichen"
      }
    },
    {
      "when": {
        "west": "true"
      },
      "apply": {
        "model": "minecraft:block/glow_lichen",
        "y": 270
      }
    },
    {
      "when": {
        "up": "false",
        "north": "false",
        "west": "false",
        "south": "false",
        "east": "false",
        "down": "false"
      },
      "apply": {
        "model": "minecraft:block/glow_lichen",
        "y": 270
      }
    },
    {
      "when": {
        "south": "true"
      },
      "apply": {
        "model": "minecraft:block/glow_lichen",
        "y": 180
      }
    },
    {
      "when": {
        "up": "false",
        "north": "false",
        "west": "false",
        "south": "false",
        "east": "false",
        "down": "false"
      },
      "apply": {
        "model": "minecraft:block/glow_lichen",
        "y": 180
      }
    },
    {
      "when": {
        "east": "true"
      },
      "apply": {
        "model": "minecraft:block/glow_lichen",
        "y": 90
      }
    },
    {
      "when": {
        "up": "false",
        "north": "false",
        "west": "false",
        "south": "false",
        "east": "false",
        "down": "false"
      },
      "apply": {
        "model": "minecraft:block/glow_lichen",
        "y": 90
      }
    },
    {
      "when": {
        "down": "true"
      },
      "apply": {
        "model": "minecraft:block/glow_lichen",
        "x": 90
      }
    },
    {
      "when": {
        "up": "false",
        "north": "false",
        "west": "false",
        "south": "false",
        "east": "false",
        "down": "false"
      },
      "apply": {
        "model": "minecraft:block/glow_lichen",
        "x": 90
      }
    }
  ]
}