{
  "variants": {
    "face=wall,facing=east,powered=false": {
      "model": "minecraft:block/jungle_button",
      "y": 90,
      "x": 90
    },
    "face=wall,facing=east,powered=true": {
      "model": "minecraft:block/copper_wall_cubes",
      "y": 90
    },
    "face=wall,facing=north,powered=false": {
      "model": "minecraft:block/jungle_button",
      "x": 90
    },
    "face=wall,facing=north,powered=true": {
      "model": "minecraft:block/copper_wall_cubes"
    },
    "face=wall,facing=south,powered=false": {
      "model": "minecraft:block/jungle_button",
      "y": 180,
      "x": 90
    },
    "face=wall,facing=south,powered=true": {
      "model": "minecraft:block/copper_wall_cubes",
      "y": 180
    },
    "face=wall,facing=west,powered=false": {
      "model": "minecraft:block/jungle_button",
      "y": 270,
      "x": 90
    },
    "face=wall,facing=west,powered=true": {
      "model": "minecraft:block/copper_wall_cubes",
      "y": 270
    },


    "face=floor,facing=east,powered=true": {
      "model": "minecraft:block/copper_platform",
      "y": 90
    },
    "face=floor,facing=north,powered=false": {
      "model": "minecraft:block/jungle_button"
    },
    "face=floor,facing=north,powered=true": {
      "model": "minecraft:block/copper_platform"
    },
    "face=floor,facing=south,powered=false": {
      "model": "minecraft:block/jungle_button",
      "y": 180
    },
    "face=floor,facing=south,powered=true": {
      "model": "minecraft:block/copper_platform",
      "y": 180
    },
    "face=floor,facing=west,powered=false": {
      "model": "minecraft:block/jungle_button",
      "y": 270
    },
    "face=floor,facing=west,powered=true": {
      "model": "minecraft:block/copper_platform",
      "y": 270
    }
  }
}