{
  "variants": {
    "face=wall,facing=east,powered=false": {
      "model": "minecraft:block/spruce_button",
      "y": 90,
      "x": 90
    },
    "face=wall,facing=east,powered=true": [
      {
        "model": "minecraft:block/orange_wall_frame_mir",
        "weight": 5,
        "y": 90
      },
      {
        "model": "minecraft:block/orange_wall_frame_mir2",
        "weight": 10,
        "y": 90
      }
    ],
    "face=wall,facing=north,powered=false": {
      "model": "minecraft:block/spruce_button",
      "x": 90
    },
    "face=wall,facing=north,powered=true": [
      {
        "model": "minecraft:block/orange_wall_frame_mir",
        "weight": 5
      },
      {
        "model": "minecraft:block/orange_wall_frame_mir2",
        "weight": 10
      }
    ],
    "face=wall,facing=south,powered=false": {
      "model": "minecraft:block/spruce_button",
      "y": 180,
      "x": 90
    },
    "face=wall,facing=south,powered=true": [
      {
        "model": "minecraft:block/orange_wall_frame_mir",
        "weight": 5,
        "y": 180
      },
      {
        "model": "minecraft:block/orange_wall_frame_mir2",
        "weight": 10,
        "y": 180
      }
    ],
    "face=wall,facing=west,powered=false": {
      "model": "minecraft:block/spruce_button",
      "y": 270,
      "x": 90
    },
    "face=wall,facing=west,powered=true": [
      {
        "model": "minecraft:block/orange_wall_frame_mir",
        "weight": 5,
        "y": 270
      },
      {
        "model": "minecraft:block/orange_wall_frame_mir2",
        "weight": 10,
        "y": 270
      }
    ]
  }
}