{
  "variants": {
    "face=ceiling,facing=east,powered=false": {
      "model": "minecraft:block/stone_button",
      "y": 270,
      "x": 180
    },
    "face=ceiling,facing=east,powered=true": {
      "model": "minecraft:block/stone_button_pressed",
      "y": 270,
      "x": 180
    },
    "face=ceiling,facing=north,powered=false": {
      "model": "minecraft:block/stone_button",
      "y": 180,
      "x": 180
    },
    "face=ceiling,facing=north,powered=true": {
      "model": "minecraft:block/stone_button_pressed",
      "y": 180,
      "x": 180
    },
    "face=ceiling,facing=south,powered=false": {
      "model": "minecraft:block/stone_button",
      "x": 180
    },
    "face=ceiling,facing=south,powered=true": {
      "model": "minecraft:block/stone_button_pressed",
      "x": 180
    },
    "face=ceiling,facing=west,powered=false": {
      "model": "minecraft:block/stone_button",
      "y": 90,
      "x": 180
    },
    "face=ceiling,facing=west,powered=true": {
      "model": "minecraft:block/stone_button_pressed",
      "y": 90,
      "x": 180
    },
    "face=floor,facing=east,powered=false": {
      "model": "minecraft:block/stone_button",
      "y": 90
    },
    "face=floor,facing=north,powered=true": [
      {
        "model": "minecraft:block/rocks1"
      },
      {
        "model": "minecraft:block/rocks1",
        "y": 90
      },
      {
        "model": "minecraft:block/rocks1",
        "y": 180
      },
      {
        "model": "minecraft:block/rocks1",
        "y": 270
      },
      {
        "model": "minecraft:block/rocks2"
      },
      {
        "model": "minecraft:block/rocks2",
        "y": 90
      },
      {
        "model": "minecraft:block/rocks2",
        "y": 180
      },
      {
        "model": "minecraft:block/rocks2",
        "y": 270
      },
      {
        "model": "minecraft:block/rocks3"
      },
      {
        "model": "minecraft:block/rocks3",
        "y": 90
      },
      {
        "model": "minecraft:block/rocks3",
        "y": 180
      },
      {
        "model": "minecraft:block/rocks3",
        "y": 270
      }


    ],
    "face=floor,facing=south,powered=true": [
      {
        "model": "minecraft:block/floor_tiles1"
      },
      {
        "model": "minecraft:block/floor_tiles1",
        "y": 90
      },
      {
        "model": "minecraft:block/floor_tiles1",
        "y": 180
      },
      {
        "model": "minecraft:block/floor_tiles1",
        "y": 270
      }
    ]
  }
}