{
	"credit": "Wackyblockium",
	"ambientocclusion": false,
	"textures": {
		"0": "block/board_border",
		"2": "gui/board_text4",
		"particle": "block/board_border"
	},
	"elements": [
		{
			"from": [-10, 16, -13.5],
			"to": [29, 17, 28.5],
			"shade": false,
			"rotation": {"angle": 0, "axis": "y", "origin": [-10, 16.5, -13], "rescale": true},
			"faces": {
				"north": {"uv": [14.5, 15.75, 0, 16], "rotation": 270, "texture": "#0"},
				"east": {"uv": [14.5, 0, 14.25, 16], "rotation": 270, "texture": "#0"},
				"south": {"uv": [14.5, 0, 0, 0.25], "rotation": 270, "texture": "#0"},
				"west": {"uv": [0.25, 0, 0, 16], "rotation": 270, "texture": "#0"},
				"up": {"uv": [14.5, 0, 0, 16], "rotation": 270, "texture": "#0"},
				"down": {"uv": [13.5, 0, 0, 13.5], "rotation": 270, "texture": "#0"}
			}
		},
		{
			"from": [-11, 17.05, -9.5],
			"to": [26, 17.05, 27.5],
			"shade": false,
			"rotation": {"angle": 0, "axis": "y", "origin": [-17, 17.75, -12], "rescale": true},
			"faces": {
				"up": {"uv": [16, 16, 0, 0], "texture": "#2"}
			}
		},
		{
			"from": [1.75, 17.1, -11],
			"to": [13.55, 17.1, 12],
			"shade": false,
			"rotation": {"angle": 0, "axis": "y", "origin": [-17, 17.75, -12], "rescale": true},
			"faces": {
				"up": {"uv": [10.09375, 15.10938, 5.96875, 7.15625], "texture": "#2"}
			}
		},
		{
			"from": [15.4, 17.1, -11.325],
			"to": [25.5, 17.1, 11.675],
			"shade": false,
			"rotation": {"angle": 0, "axis": "y", "origin": [-17, 17.75, -12], "rescale": true},
			"faces": {
				"up": {"uv": [4.25, 15.21875, 0.64063, 7.26563], "texture": "#2"}
			}
		},
		{
			"from": [-10.5, 17.1, -11],
			"to": [0.5, 17.1, 12],
			"shade": false,
			"rotation": {"angle": 0, "axis": "y", "origin": [-17, 17.75, -12], "rescale": true},
			"faces": {
				"up": {"uv": [15.28125, 15.07813, 11.375, 7.125], "texture": "#2"}
			}
		}
	]
}