{
	"type": "minecraft:entity",
	"pools": [
		{
			"rolls": 1,
			"entries": [
				{
					"type": "minecraft:item",
					"name": "minecraft:recovery_compass",
					"functions": [
						{
							"function": "minecraft:set_name",
							"entity": "this",
							"target": "item_name",
							"name": [
								{
									"translate": "item.golden_head",
									"fallback": "Golden Head",
									"color": "gold",
									"bold": true,
									"italic": false
								}
							]
						},
						{
							"function": "minecraft:set_lore",
							"entity": "this",
							"lore": [
								[
									{
										"translate": "item.golden_head.lore",
										"fallback": "Gained from %s",
										"with": [
											{
												"selector": "@s",
												"color": "gray",
												"bold": false,
												"italic": false
											}
										],
										"color": "gray",
										"bold": false,
										"italic": false
									}
								]
							],
							"mode": "replace_all"
						},
						{
							"function": "minecraft:set_components",
							"components": {
								"minecraft:custom_data": "{FocalData:{id:\"golden_head\"}}",
								"minecraft:food": {
									"nutrition": 0,
									"saturation": 0,
									"can_always_eat": true,
									"eat_seconds": 0.05,
									"effects": [
										{
											"effect": {
												"id": "minecraft:speed",
												"amplifier": 0,
												"duration": 160,
												"show_particles": true,
												"show_icon": true
											}
										},
										{
											"effect": {
												"id": "minecraft:regeneration",
												"amplifier": 2,
												"duration": 100,
												"show_particles": true,
												"show_icon": true
											}
										},
										{
											"effect": {
												"id": "minecraft:absorption",
												"amplifier": 1,
												"duration": 2400,
												"show_particles": true,
												"show_icon": true
											}
										}
									]
								},
								"minecraft:custom_model_data": 1
							}
						}
					],
					"conditions": [
						{
							"condition": "minecraft:value_check",
							"value": {
								"type": "minecraft:score",
								"target": {
									"type": "minecraft:fixed",
									"name": "-GH"
								},
								"score": "focal.uhc.STG",
								"scale": 1
							},
							"range": 1
						}
					]
				}
			]
		}
	],
	"random_sequence": "minecraft:entities/player"
}
