{
	"pages": [
		[
			"",
			{ "text": "ᴜʜᴄ sᴇᴛᴛɪɴɢ ʙᴏᴏᴋ", "bold": true },
			"\n\n",
			{ "text": "ɢᴇɴᴇʀᴀʟ sᴇᴛᴛɪɴɢ", "bold": true },
			"\n ",
			{
				"translate": "uhc.menu.tc",
				"fallback": "Team Count"
			},
			" ",
			{
				"text": "<",
				"clickEvent": {
					"action": "run_command",
					"value": "/function focal:uhc/lobby/wait/menu/team/count {trig:\"remove\",num:1}"
				},
				"hoverEvent": { "action": "show_text", "contents": "-1 Team" },
				"color": "red"
			},
			" ",
			{
				"color": "gray",
				"score": { "objective": "focal.uhc.STG", "name": "-TC" }
			},
			" ",
			{
				"text": ">",
				"clickEvent": {
					"action": "run_command",
					"value": "/function focal:uhc/lobby/wait/menu/team/count {trig:\"add\",num:1}"
				},
				"hoverEvent": { "action": "show_text", "contents": "+1 Team" },
				"color": "dark_green"
			},
			"\n ",
			{
				"translate": "uhc.menu.diff",
				"fallback": "Difficulty"
			},
			" ",
			{
				"text": "<",
				"clickEvent": {
					"action": "run_command",
					"value": "/function focal:uhc/lobby/wait/menu/difficulty {trig:\"remove\",num:1}"
				},
				"hoverEvent": {
					"action": "show_text",
					"contents": "-1 Difficulty"
				},
				"color": "red"
			},
			" ",
			{
				"color": "gray",
				"score": { "objective": "focal.uhc.STG", "name": "-DIFF" }
			},
			" ",
			{
				"text": ">",
				"clickEvent": {
					"action": "run_command",
					"value": "/function focal:uhc/lobby/wait/menu/difficulty {trig:\"add\",num:1}"
				},
				"hoverEvent": {
					"action": "show_text",
					"contents": "+1 Difficulty"
				},
				"color": "dark_green"
			},
			"\n ",
			{
				"translate": "uhc.menu.wsz",
				"fallback": "World Size"
			},
			" ",
			{
				"text": "<",
				"clickEvent": {
					"action": "run_command",
					"value": "/function focal:uhc/lobby/wait/menu/border/size {trig:\"remove\",num:512}"
				},
				"hoverEvent": {
					"action": "show_text",
					"contents": "-512 Blocks"
				},
				"color": "red"
			},
			" ",
			{
				"color": "gray",
				"score": { "objective": "focal.uhc.STG", "name": "-WSZ" }
			},
			" ",
			{
				"text": ">",
				"clickEvent": {
					"action": "run_command",
					"value": "/function focal:uhc/lobby/wait/menu/border/size {trig:\"add\",num:512}"
				},
				"hoverEvent": {
					"action": "show_text",
					"contents": "+512 Blocks"
				},
				"color": "dark_green"
			},
			"\n ",
			{
				"clickEvent": {
					"action": "run_command",
					"value": "/function focal:uhc/lobby/wait/menu/ghost"
				},
				"hoverEvent": {
					"action": "show_text",
					"contents": [
						{
							"translate": "uhc.menu.obs.hover",
							"fallback": "If enabled, when a player dies, they will be able to spectate the game."
						}
					]
				},
				"text": "",
				"extra": [
					{
						"color": "dark_green",
						"storage": "focal:uhc",
						"nbt": "STG.OBS"
					},
					" ",
					{ "translate": "uhc.menu.obs", "fallback": "Spectate" }
				]
			},
			"\n ",
			{
				"clickEvent": {
					"action": "run_command",
					"value": "/function focal:uhc/lobby/wait/menu/info"
				},
				"hoverEvent": {
					"action": "show_text",
					"contents": [
						{
							"translate": "uhc.menu.info.hover",
							"fallback": "If enabled, game info will display in sidebar."
						}
					]
				},
				"text": "",
				"extra": [
					{
						"color": "dark_green",
						"storage": "focal:uhc",
						"nbt": "STG.INFO"
					},
					" ",
					{
						"translate": "uhc.menu.info",
						"fallback": "Display Info"
					}
				]
			},
			"\n ",
			{
				"clickEvent": {
					"action": "run_command",
					"value": "/function focal:uhc/lobby/wait/menu/team/manual"
				},
				"hoverEvent": {
					"action": "show_text",
					"contents": [
						{
							"translate": "uhc.menu.mt.hover",
							"fallback": "If enabled, player will can choose team."
						}
					]
				},
				"text": "",
				"extra": [
					{
						"color": "dark_green",
						"storage": "focal:uhc",
						"nbt": "STG.MT"
					},
					" ",
					{ "translate": "uhc.menu.mt", "fallback": "Manual Team" }
				]
			},
			"\n\n ",
			{
				"clickEvent": {
					"action": "run_command",
					"value": "/function focal:uhc/lobby/wait/menu/team/random"
				},
				"text": "",
				"extra": [
					{ "text": "◀ ", "color": "gray" },
					{
						"translate": "uhc.menu.rt",
						"fallback": "Random Team",
						"bold": true
					},
					{ "text": " ▶", "color": "gray" }
				]
			},
			"\n\n  ",
			{
				"clickEvent": {
					"action": "run_command",
					"value": "/function focal:uhc/lobby/wait/menu/start"
				},
				"text": "",
				"extra": [
					{ "text": "◀ ", "color": "gray" },
					{
						"translate": "uhc.menu.start",
						"fallback": "Game Start",
						"bold": true
					},
					{ "text": " ▶", "color": "gray" }
				]
			}
		],

		[
			[
				"",
				{ "text": "ɢᴀᴍᴇ sᴇᴛᴛɪɴɢ", "bold": true },
				"\n\n ",
				{
					"clickEvent": {
						"action": "run_command",
						"value": "/function focal:uhc/lobby/wait/menu/nether"
					},
					"hoverEvent": {
						"action": "show_text",
						"contents": [
							{
								"translate": "uhc.menu.neth.hover",
								"fallback": "If enabled, players will be able to enter the Nether."
							}
						]
					},
					"text": "",
					"extra": [
						{
							"color": "dark_green",
							"storage": "focal:uhc",
							"nbt": "STG.NETH"
						},
						" ",
						{
							"translate": "uhc.menu.neth",
							"fallback": "The Nether"
						}
					]
				},
				"\n ",
				{
					"clickEvent": {
						"action": "run_command",
						"value": "/function focal:uhc/lobby/wait/menu/ench_apple"
					},
					"hoverEvent": {
						"action": "show_text",
						"contents": [
							{
								"translate": "uhc.menu.egap.hover",
								"fallback": "If enabled, players will be able to obtain §dEnchanted golden apple§r."
							}
						]
					},
					"text": "",
					"extra": [
						{
							"color": "dark_green",
							"storage": "focal:uhc",
							"nbt": "STG.EGAP"
						},
						" ",
						{
							"translate": "uhc.menu.egap",
							"fallback": "Ench. G. Apple"
						}
					]
				},
				"\n ",
				{
					"clickEvent": {
						"action": "run_command",
						"value": "/function focal:uhc/lobby/wait/menu/auto_smelt"
					},
					"hoverEvent": {
						"action": "show_text",
						"contents": [
							{
								"translate": "uhc.menu.ats.hover",
								"fallback": "If enabled, items will be automatically smelted."
							}
						]
					},
					"text": "",
					"extra": [
						{
							"color": "dark_green",
							"storage": "focal:uhc",
							"nbt": "STG.ATS"
						},
						" ",
						{
							"translate": "uhc.menu.ats",
							"fallback": "Auto Smelting"
						}
					]
				},
				"\n ",
				{
					"clickEvent": {
						"action": "run_command",
						"value": "/function focal:uhc/lobby/wait/menu/team/collision"
					},
					"hoverEvent": {
						"action": "show_text",
						"contents": [
							{
								"translate": "uhc.menu.tco.hover",
								"fallback": "If enabled, teammates will be able to collide with each other."
							}
						]
					},
					"text": "",
					"extra": [
						{
							"color": "dark_green",
							"storage": "focal:uhc",
							"nbt": "STG.TCO"
						},
						" ",
						{
							"translate": "uhc.menu.tco",
							"fallback": "Team Collision"
						}
					]
				},
				"\n ",
				{
					"clickEvent": {
						"action": "run_command",
						"value": "/function focal:uhc/lobby/wait/menu/team/friendlyfire"
					},
					"hoverEvent": {
						"action": "show_text",
						"contents": [
							{
								"translate": "uhc.menu.ff.hover",
								"fallback": "If enabled, teammates will be able to attack each other."
							}
						]
					},
					"text": "",
					"extra": [
						{
							"color": "dark_green",
							"storage": "focal:uhc",
							"nbt": "STG.FF"
						},
						" ",
						{
							"translate": "uhc.menu.ff",
							"fallback": "Friendly Fire"
						}
					]
				},
				"\n ",
				{
					"clickEvent": {
						"action": "run_command",
						"value": "/function focal:uhc/lobby/wait/menu/gold_head"
					},
					"hoverEvent": {
						"action": "show_text",
						"contents": [
							{
								"translate": "uhc.menu.gh.hover",
								"fallback": "If enabled, when player die will drop §6Golden Head§r."
							}
						]
					},
					"text": "",
					"extra": [
						{
							"color": "dark_green",
							"storage": "focal:uhc",
							"nbt": "STG.GH"
						},
						" ",
						{
							"translate": "uhc.menu.gh",
							"fallback": "Golden Head"
						}
					]
				},
				"\n ",
				{
					"clickEvent": {
						"action": "run_command",
						"value": "/function focal:uhc/lobby/wait/menu/health/tab"
					},
					"hoverEvent": {
						"action": "show_text",
						"contents": [
							{
								"translate": "uhc.menu.tabhp.hover",
								"fallback": "If enabled, health will be displayed in the Tab list."
							}
						]
					},
					"text": "",
					"extra": [
						{
							"color": "dark_green",
							"storage": "focal:uhc",
							"nbt": "STG.TABHP"
						},
						" ",
						{
							"translate": "uhc.menu.tabhp",
							"fallback": "Tab List Health"
						}
					]
				},
				"\n ",
				{
					"clickEvent": {
						"action": "run_command",
						"value": "/function focal:uhc/lobby/wait/menu/health/name"
					},
					"hoverEvent": {
						"action": "show_text",
						"contents": [
							{
								"translate": "uhc.menu.namehp.hover",
								"fallback": "If enabled, health will be displayed below nametag."
							}
						]
					},
					"text": "",
					"extra": [
						{
							"color": "dark_green",
							"storage": "focal:uhc",
							"nbt": "STG.NAMEHP"
						},
						" ",
						{
							"translate": "uhc.menu.namehp",
							"fallback": "Below Name Health"
						}
					]
				}
			]
		],
		[
			[
				"",
				{ "text": "ᴅᴇᴛᴀɪʟ sᴇᴛᴛɪɴɢ", "bold": true },
				"\n\n ",
				{
					"clickEvent": {
						"action": "run_command",
						"value": "/function focal:uhc/lobby/wait/menu/border/main"
					},
					"hoverEvent": {
						"action": "show_text",
						"contents": [
							{
								"translate": "uhc.menu.szn.hover",
								"fallback": "If enabled, the border will shrink at the specified time."
							}
						]
					},
					"text": "",
					"extra": [
						{
							"color": "dark_green",
							"storage": "focal:uhc",
							"nbt": "STG.SZN"
						},
						" ",
						{ "translate": "uhc.menu.szn", "fallback": "Border" }
					]
				},
				" ",
				{
					"clickEvent": {
						"action": "run_command",
						"value": "/function focal:uhc/lobby/wait/menu/border/type"
					},
					"hoverEvent": {
						"action": "show_text",
						"contents": [
							{
								"translate": "uhc.menu.szn_type.hover",
								"fallback": "Type A - Original border shrinking method.\n§7Type B - Random border shrinking method. (WIP)§r"
							}
						]
					},
					"text": "",
					"color": "dark_purple",
					"extra": [
						{ "text": "< " },
						{ "storage": "focal:uhc", "nbt": "STG.SZN_Type" },
						{ "text": " >" }
					]
				},
				"\n ",
				{
					"translate": "uhc.menu.start_time",
					"fallback": "Start Time"
				},
				" ",
				{
					"text": "<",
					"clickEvent": {
						"action": "run_command",
						"value": "/function focal:uhc/lobby/wait/menu/border/start {trig:\"remove\",num:10}"
					},
					"hoverEvent": {
						"action": "show_text",
						"contents": "-10 Mins"
					},
					"color": "red"
				},
				" ",
				{
					"color": "gray",
					"score": {
						"objective": "focal.uhc.STG",
						"name": "-SZN_Start"
					}
				},
				" ",
				{
					"text": ">",
					"clickEvent": {
						"action": "run_command",
						"value": "/function focal:uhc/lobby/wait/menu/border/start {trig:\"add\",num:10}"
					},
					"hoverEvent": {
						"action": "show_text",
						"contents": "+10 Mins"
					},
					"color": "dark_green"
				},
				"\n ",
				{ "translate": "uhc.menu.szn_final", "fallback": "Final Size" },
				" ",
				{
					"text": "<",
					"clickEvent": {
						"action": "run_command",
						"value": "/function focal:uhc/lobby/wait/menu/border/final {trig:\"remove\",num:8}"
					},
					"hoverEvent": {
						"action": "show_text",
						"contents": "-8 Blocks"
					},
					"color": "red"
				},
				" ",
				{
					"color": "gray",
					"score": {
						"objective": "focal.uhc.STG",
						"name": "-SZN_Final"
					}
				},
				" ",
				{
					"text": ">",
					"clickEvent": {
						"action": "run_command",
						"value": "/function focal:uhc/lobby/wait/menu/border/final {trig:\"add\",num:8}"
					},
					"hoverEvent": {
						"action": "show_text",
						"contents": "+8 Blocks"
					},
					"color": "dark_green"
				},
				"\n ",
				{ "translate": "uhc.menu.duration", "fallback": "Duration" },
				" ",
				{
					"text": "<",
					"clickEvent": {
						"action": "run_command",
						"value": "/function focal:uhc/lobby/wait/menu/border/duration {trig:\"remove\",num:10}"
					},
					"hoverEvent": {
						"action": "show_text",
						"contents": "-10 Mins"
					},
					"color": "red"
				},
				" ",
				{
					"color": "gray",
					"score": {
						"objective": "focal.uhc.STG",
						"name": "-SZN_Duration"
					}
				},
				" ",
				{
					"text": ">",
					"clickEvent": {
						"action": "run_command",
						"value": "/function focal:uhc/lobby/wait/menu/border/duration {trig:\"add\",num:10}"
					},
					"hoverEvent": {
						"action": "show_text",
						"contents": "+10 Mins"
					},
					"color": "dark_green"
				},
				"\n\n ",
				{
					"clickEvent": {
						"action": "run_command",
						"value": "/function focal:uhc/lobby/wait/menu/timestop/main"
					},
					"hoverEvent": {
						"action": "show_text",
						"contents": [
							{
								"translate": "uhc.menu.ts.hover",
								"fallback": "If enabled, the day-night cycle will be disabled at the specified time."
							}
						]
					},
					"text": "",
					"extra": [
						{
							"color": "dark_green",
							"storage": "focal:uhc",
							"nbt": "STG.TS"
						},
						" ",
						{ "translate": "uhc.menu.ts", "fallback": "StopTime" }
					]
				},
				" ",
				{
					"clickEvent": {
						"action": "run_command",
						"value": "/function focal:uhc/lobby/wait/menu/timestop/type"
					},
					"hoverEvent": {
						"action": "show_text",
						"contents": [
							{
								"translate": "uhc.menu.ts_type.hover",
								"fallback": "D - Always Day.\nN - Always Night."
							}
						]
					},
					"text": "",
					"color": "dark_purple",
					"extra": [
						{ "text": "< " },
						{ "storage": "focal:uhc", "nbt": "STG.TS_Type" },
						{ "text": " >" }
					]
				},
				"\n ",
				{
					"translate": "uhc.menu.start_time",
					"fallback": "Start Time"
				},
				" ",
				{
					"text": "<",
					"clickEvent": {
						"action": "run_command",
						"value": "/function focal:uhc/lobby/wait/menu/timestop/start {trig:\"remove\",num:10}"
					},
					"hoverEvent": {
						"action": "show_text",
						"contents": "-10 Mins"
					},
					"color": "red"
				},
				" ",
				{
					"color": "gray",
					"score": {
						"objective": "focal.uhc.STG",
						"name": "-TS_Start"
					}
				},
				" ",
				{
					"text": ">",
					"clickEvent": {
						"action": "run_command",
						"value": "/function focal:uhc/lobby/wait/menu/timestop/start {trig:\"add\",num:10}"
					},
					"hoverEvent": {
						"action": "show_text",
						"contents": "+10 Mins"
					},
					"color": "dark_green"
				},
				"\n\n ",
				{
					"clickEvent": {
						"action": "run_command",
						"value": "/function focal:uhc/lobby/wait/menu/start_inv/main"
					},
					"hoverEvent": {
						"action": "show_text",
						"contents": [
							{
								"translate": "uhc.menu.imm.hover",
								"fallback": "If enabled, players will be invincible for a specified duration."
							}
						]
					},
					"text": "",
					"extra": [
						{
							"color": "dark_green",
							"storage": "focal:uhc",
							"nbt": "STG.IMM"
						},
						" ",
						{
							"translate": "uhc.menu.imm",
							"fallback": "Inv. at Start"
						}
					]
				},
				"\n ",
				{ "translate": "uhc.menu.duration", "fallback": "Duration" },
				" ",
				{
					"text": "<",
					"clickEvent": {
						"action": "run_command",
						"value": "/function focal:uhc/lobby/wait/menu/start_inv/duration {trig:\"remove\",num:1}"
					},
					"hoverEvent": {
						"action": "show_text",
						"contents": "-1 Mins"
					},
					"color": "red"
				},
				" ",
				{
					"color": "gray",
					"score": {
						"objective": "focal.uhc.STG",
						"name": "-IMM_Duration"
					}
				},
				" ",
				{
					"text": ">",
					"clickEvent": {
						"action": "run_command",
						"value": "/function focal:uhc/lobby/wait/menu/start_inv/duration {trig:\"add\",num:1}"
					},
					"hoverEvent": {
						"action": "show_text",
						"contents": "+1 Mins"
					},
					"color": "dark_green"
				}
			]
		],
		[
			[
				"",
				{ "text": "ᴅᴇᴛᴀɪʟ sᴇᴛᴛɪɴɢ", "bold": true },
				"\n\n ",
				{
					"clickEvent": {
						"action": "run_command",
						"value": "/function focal:uhc/lobby/wait/menu/nametag/main"
					},
					"hoverEvent": {
						"action": "show_text",
						"contents": [
							{
								"translate": "uhc.menu.snt.hover",
								"fallback": "If enabled, nametag will be displayed at the specified time."
							}
						]
					},
					"text": "",
					"extra": [
						{
							"color": "dark_green",
							"storage": "focal:uhc",
							"nbt": "STG.SNT"
						},
						" ",
						{
							"translate": "uhc.menu.snt",
							"fallback": "Show Nametag"
						}
					]
				},
				"\n ",
				{
					"translate": "uhc.menu.start_time",
					"fallback": "Start Time"
				},
				" ",
				{
					"text": "<",
					"clickEvent": {
						"action": "run_command",
						"value": "/function focal:uhc/lobby/wait/menu/nametag/start {trig:\"remove\"}"
					},
					"hoverEvent": {
						"action": "show_text",
						"contents": "-10 Mins"
					},
					"color": "red"
				},
				" ",
				{
					"color": "gray",
					"score": {
						"objective": "focal.uhc.STG",
						"name": "-SNT_Start"
					}
				},
				" ",
				{
					"text": ">",
					"clickEvent": {
						"action": "run_command",
						"value": "/function focal:uhc/lobby/wait/menu/nametag/start {trig:\"add\"}"
					},
					"hoverEvent": {
						"action": "show_text",
						"contents": "+10 Mins"
					},
					"color": "dark_green"
				},
				"\n\n ",
				{
					"clickEvent": {
						"action": "run_command",
						"value": "/function focal:uhc/lobby/wait/menu/glowing/main"
					},
					"hoverEvent": {
						"action": "show_text",
						"contents": [
							{
								"translate": "uhc.menu.glow.hover",
								"fallback": "If enabled, players will glow at the specified time."
							}
						]
					},
					"text": "",
					"extra": [
						{
							"color": "dark_green",
							"storage": "focal:uhc",
							"nbt": "STG.GLOW"
						},
						" ",
						{ "translate": "uhc.menu.glow", "fallback": "Glowing" }
					]
				},
				"\n ",
				{
					"translate": "uhc.menu.start_time",
					"fallback": "Start Time"
				},
				" ",
				{
					"text": "<",
					"clickEvent": {
						"action": "run_command",
						"value": "/function focal:uhc/lobby/wait/menu/glowing/start {trig:\"remove\"}"
					},
					"hoverEvent": {
						"action": "show_text",
						"contents": "-10 Mins"
					},
					"color": "red"
				},
				" ",
				{
					"color": "gray",
					"score": {
						"objective": "focal.uhc.STG",
						"name": "-GLOW_Start"
					}
				},
				" ",
				{
					"text": ">",
					"clickEvent": {
						"action": "run_command",
						"value": "/function focal:uhc/lobby/wait/menu/glowing/start {trig:\"add\"}"
					},
					"hoverEvent": {
						"action": "show_text",
						"contents": "+10 Mins"
					},
					"color": "dark_green"
				},
				"\n\n ",
				{
					"clickEvent": {
						"action": "run_command",
						"value": "/function focal:uhc/lobby/wait/menu/clearmob/main"
					},
					"hoverEvent": {
						"action": "show_text",
						"contents": [
							{
								"translate": "uhc.menu.clm.hover",
								"fallback": "If enabled, monster will be clear at the specified time."
							}
						]
					},
					"text": "",
					"extra": [
						{
							"color": "dark_green",
							"storage": "focal:uhc",
							"nbt": "STG.CLM"
						},
						" ",
						{ "translate": "uhc.menu.clm", "fallback": "Clear Mob" }
					]
				},
				"\n ",
				{
					"translate": "uhc.menu.start_time",
					"fallback": "Start Time"
				},
				" ",
				{
					"text": "<",
					"clickEvent": {
						"action": "run_command",
						"value": "/function focal:uhc/lobby/wait/menu/clearmob/start {trig:\"remove\"}"
					},
					"hoverEvent": {
						"action": "show_text",
						"contents": "-10 Mins"
					},
					"color": "red"
				},
				" ",
				{
					"color": "gray",
					"score": {
						"objective": "focal.uhc.STG",
						"name": "-CLM_Start"
					}
				},
				" ",
				{
					"text": ">",
					"clickEvent": {
						"action": "run_command",
						"value": "/function focal:uhc/lobby/wait/menu/clearmob/start {trig:\"add\"}"
					},
					"hoverEvent": {
						"action": "show_text",
						"contents": "+10 Mins"
					},
					"color": "dark_green"
				}
			]
		],
		[
			[
				"",
				{ "text": "ᴅᴇᴛᴀɪʟ sᴇᴛᴛɪɴɢ", "bold": true },
				"\n\n ",
				{
					"clickEvent": {
						"action": "run_command",
						"value": "/function focal:uhc/lobby/wait/menu/final/main"
					},
					"hoverEvent": {
						"action": "show_text",
						"contents": [
							{
								"translate": "uhc.menu.fba.hover",
								"fallback": "If enabled, the final battle will start at the specified time."
							}
						]
					},
					"text": "",
					"extra": [
						{
							"color": "dark_green",
							"storage": "focal:uhc",
							"nbt": "STG.FBA"
						},
						" ",
						{
							"translate": "uhc.menu.fba",
							"fallback": "Final Phase"
						}
					]
				},
				" ",
				{
					"clickEvent": {
						"action": "run_command",
						"value": "/function focal:uhc/lobby/wait/menu/final/type"
					},
					"hoverEvent": {
						"action": "show_text",
						"contents": [
							{
								"translate": "uhc.menu.fba_type.hover",
								"fallback": "Type A - Room size is 16x5x16.\n§7Type B - Room size is 32x10x32. (WIP)§r"
							}
						]
					},
					"text": "",
					"color": "dark_purple",
					"extra": [
						{ "text": "< " },
						{ "storage": "focal:uhc", "nbt": "STG.FBA_Type" },
						{ "text": " >" }
					]
				},
				"\n ",
				{
					"translate": "uhc.menu.start_time",
					"fallback": "Start Time"
				},
				" ",
				{
					"text": "<",
					"clickEvent": {
						"action": "run_command",
						"value": "/function focal:uhc/lobby/wait/menu/final/start {trig:\"remove\"}"
					},
					"hoverEvent": {
						"action": "show_text",
						"contents": "-10 Mins"
					},
					"color": "red"
				},
				" ",
				{
					"color": "gray",
					"score": {
						"objective": "focal.uhc.STG",
						"name": "-FBA_Start"
					}
				},
				" ",
				{
					"text": ">",
					"clickEvent": {
						"action": "run_command",
						"value": "/function focal:uhc/lobby/wait/menu/final/start {trig:\"add\"}"
					},
					"hoverEvent": {
						"action": "show_text",
						"contents": "+10 Mins"
					},
					"color": "dark_green"
				},
				"\n ",
				{ "translate": "uhc.menu.duration", "fallback": "Duration" },
				" ",
				{
					"text": "<",
					"clickEvent": {
						"action": "run_command",
						"value": "/function focal:uhc/lobby/wait/menu/final/duration {trig:\"remove\"}"
					},
					"hoverEvent": {
						"action": "show_text",
						"contents": "-1 Mins"
					},
					"color": "red"
				},
				" ",
				{
					"color": "gray",
					"score": {
						"objective": "focal.uhc.STG",
						"name": "-FBA_Duration"
					}
				},
				" ",
				{
					"text": ">",
					"clickEvent": {
						"action": "run_command",
						"value": "/function focal:uhc/lobby/wait/menu/final/duration {trig:\"add\"}"
					},
					"hoverEvent": {
						"action": "show_text",
						"contents": "+1 Mins"
					},
					"color": "dark_green"
				},
				"\n\n ",
				{
					"clickEvent": {
						"action": "run_command",
						"value": "/function focal:uhc/lobby/wait/menu/supply/main"
					},
					"hoverEvent": {
						"action": "show_text",
						"contents": [
							{
								"translate": "uhc.menu.sc.hover",
								"fallback": "If enabled, the supply crate will land at the specified time."
							}
						]
					},
					"text": "",
					"extra": [
						{
							"color": "dark_green",
							"storage": "focal:uhc",
							"nbt": "STG.SC"
						},
						" ",
						{
							"translate": "uhc.menu.sc",
							"fallback": "Supply Crate"
						}
					]
				},
				"\n ",
				{
					"translate": "uhc.menu.start_time",
					"fallback": "Start Time"
				},
				" ",
				{
					"text": "<",
					"clickEvent": {
						"action": "run_command",
						"value": "/function focal:uhc/lobby/wait/menu/supply/start {trig:\"remove\"}"
					},
					"hoverEvent": {
						"action": "show_text",
						"contents": "-5 Times"
					},
					"color": "red"
				},
				" ",
				{
					"color": "gray",
					"score": {
						"objective": "focal.uhc.STG",
						"name": "-SC_Start"
					}
				},
				" ",
				{
					"text": ">",
					"clickEvent": {
						"action": "run_command",
						"value": "/function focal:uhc/lobby/wait/menu/supply/start {trig:\"add\"}"
					},
					"hoverEvent": {
						"action": "show_text",
						"contents": "+5 Times"
					},
					"color": "green"
				},
				"\n ",
				{ "translate": "uhc.menu.times", "fallback": "Times" },
				" ",
				{
					"text": "<",
					"clickEvent": {
						"action": "run_command",
						"value": "/function focal:uhc/lobby/wait/menu/supply/times {trig:\"remove\"}"
					},
					"hoverEvent": {
						"action": "show_text",
						"contents": "-1 Times"
					},
					"color": "red"
				},
				" ",
				{
					"color": "gray",
					"score": {
						"objective": "focal.uhc.STG",
						"name": "-SC_Times"
					}
				},
				" ",
				{
					"text": ">",
					"clickEvent": {
						"action": "run_command",
						"value": "/function focal:uhc/lobby/wait/menu/supply/times {trig:\"add\"}"
					},
					"hoverEvent": {
						"action": "show_text",
						"contents": "+1 Times"
					},
					"color": "green"
				},
				"\n ",
				{ "translate": "uhc.menu.cooldown", "fallback": "Cooldown" },
				" ",
				{
					"text": "<",
					"clickEvent": {
						"action": "run_command",
						"value": "/function focal:uhc/lobby/wait/menu/supply/cooldown {trig:\"remove\"}"
					},
					"hoverEvent": {
						"action": "show_text",
						"contents": "-5 Mins"
					},
					"color": "red"
				},
				" ",
				{
					"color": "gray",
					"score": {
						"objective": "focal.uhc.STG",
						"name": "-SC_Cooldown"
					}
				},
				" ",
				{
					"text": ">",
					"clickEvent": {
						"action": "run_command",
						"value": "/function focal:uhc/lobby/wait/menu/supply/cooldown {trig:\"add\"}"
					},
					"hoverEvent": {
						"action": "show_text",
						"contents": "+5 Mins"
					},
					"color": "green"
				}
			]
		]
	]
}
