{
    "providers": [
        {
            "type": "space",
            "advances": {
                " ": 4,
                "\u200c": 0
            }
        },
        {
            "type": "bitmap",
            "file": "hud:new_ui/numeric.png",
            "ascent": 25,
			"height": 30,
            "chars": [ 
                "\u0031\u0032\u0033\u0034\u0035\u0036\u0037\u0038\u0039\u0030",
                "\u002f\u004c\u0056\u0000\u0000\u0000\u0000\u0000\u0000\u0000"
            ]
        }
    ]
}