{
    "providers": [
        {
            "type": "space",
            "advances": {
                " ": 4,
                "\u200c": 0
            }
        },
		{"type": "bitmap","file": "space:font/space_nosplit.png","ascent": -32768,"height": -10,"chars": ["1"]},
        {"type": "bitmap","file": "space:font/space_nosplit.png","ascent": -32768,"height": -20,"chars": ["2"]},
        {"type": "bitmap","file": "space:font/space_nosplit.png","ascent": -32768,"height": -30,"chars": ["3"]},
        {"type": "bitmap","file": "space:font/space_nosplit.png","ascent": -32768,"height": -40,"chars": ["4"]},
        {"type": "bitmap","file": "space:font/space_nosplit.png","ascent": -32768,"height": -50,"chars": ["5"]},
        {"type": "bitmap","file": "space:font/space_nosplit.png","ascent": -32768,"height": -60,"chars": ["6"]},
        {"type": "bitmap","file": "space:font/space_nosplit.png","ascent": -32768,"height": -70,"chars": ["7"]},
        {"type": "bitmap","file": "space:font/space_nosplit.png","ascent": -32768,"height": -80,"chars": ["8"]},
        {"type": "bitmap","file": "space:font/space_nosplit.png","ascent": -32768,"height": -90,"chars": ["9"]}
    ]
}