{
	"credit": "Made with Blockbench",
	"parent": "block/block",
	"textures": {
		"0": "cnp:item/pr/1",
		"particle": "cnp:item/pr/1"
	},
	"elements": [
		{
			"from": [0, 0, 8],
			"to": [16, 16, 8],
			"rotation": {"angle": 0, "axis": "y", "origin": [0, 0, 8]},
			"faces": {
				"north": {"uv": [0, 0, 16, 16], "texture": "#0", "cullface": "north"},
				"east": {"uv": [16, 0, 16, 16], "texture": "#0", "cullface": "east"},
				"south": {"uv": [0, 0, 16, 16], "texture": "#0", "cullface": "south"},
				"west": {"uv": [0, 0, 0, 16], "texture": "#0", "cullface": "west"},
				"up": {"uv": [0, 0, 16, 0], "texture": "#0", "cullface": "up"},
				"down": {"uv": [0, 16, 16, 16], "texture": "#0", "cullface": "down"}
			}
		}
	]
}