{
	"credit": "Made with Blockbench",
	"texture_size": [64, 64],
	"textures": {
		"0": "cnp:item/zsp/p_block_love",
		"particle": "cnp:item/zsp/p_block_love"
	},
	"elements": [
		{
			"from": [3.1875, 5.1075, 11.8125],
			"to": [4.3375, 6.4875, 12.9625],
			"rotation": {"angle": 0, "axis": "y", "origin": [7.5, 8.5, 7.5]},
			"faces": {
				"north": {"uv": [13, 4.5, 13.25, 4.75], "texture": "#0"},
				"east": {"uv": [12.75, 4.5, 13, 4.75], "texture": "#0"},
				"south": {"uv": [13.5, 4.5, 13.75, 4.75], "texture": "#0"},
				"west": {"uv": [13.25, 4.5, 13.5, 4.75], "texture": "#0"},
				"up": {"uv": [13.25, 4.5, 13, 4.25], "texture": "#0"},
				"down": {"uv": [13.5, 4.25, 13.25, 4.5], "texture": "#0"}
			}
		},
		{
			"from": [5.2575, 3.0375, 11.8125],
			"to": [6.6375, 4.1875, 12.9625],
			"rotation": {"angle": 0, "axis": "y", "origin": [7.5, 8.5, 7.5]},
			"faces": {
				"north": {"uv": [13, 4.5, 13.25, 4.75], "texture": "#0"},
				"east": {"uv": [12.75, 4.5, 13, 4.75], "texture": "#0"},
				"south": {"uv": [13.5, 4.5, 13.75, 4.75], "texture": "#0"},
				"west": {"uv": [13.25, 4.5, 13.5, 4.75], "texture": "#0"},
				"up": {"uv": [13.25, 4.5, 13, 4.25], "texture": "#0"},
				"down": {"uv": [13.5, 4.25, 13.25, 4.5], "texture": "#0"}
			}
		},
		{
			"from": [3.1875, 3.0375, 9.5125],
			"to": [4.3375, 4.1875, 10.8925],
			"rotation": {"angle": 0, "axis": "y", "origin": [7.5, 8.5, 7.5]},
			"faces": {
				"north": {"uv": [13, 4.5, 13.25, 4.75], "texture": "#0"},
				"east": {"uv": [12.75, 4.5, 13, 4.75], "texture": "#0"},
				"south": {"uv": [13.5, 4.5, 13.75, 4.75], "texture": "#0"},
				"west": {"uv": [13.25, 4.5, 13.5, 4.75], "texture": "#0"},
				"up": {"uv": [13.25, 4.5, 13, 4.25], "texture": "#0"},
				"down": {"uv": [13.5, 4.25, 13.25, 4.5], "texture": "#0"}
			}
		},
		{
			"from": [3.1875, 3.0375, 10.8925],
			"to": [5.2575, 5.1075, 12.9625],
			"rotation": {"angle": 0, "axis": "y", "origin": [7.5, 8.5, 7.5]},
			"faces": {
				"north": {"uv": [13, 4.5, 13.25, 4.75], "texture": "#0"},
				"east": {"uv": [12.75, 4.5, 13, 4.75], "texture": "#0"},
				"south": {"uv": [13.5, 4.5, 13.75, 4.75], "texture": "#0"},
				"west": {"uv": [13.25, 4.5, 13.5, 4.75], "texture": "#0"},
				"up": {"uv": [13.25, 4.5, 13, 4.25], "texture": "#0"},
				"down": {"uv": [13.5, 4.25, 13.25, 4.5], "texture": "#0"}
			}
		},
		{
			"from": [3.1875, 5.1075, 3.1875],
			"to": [4.3375, 6.4875, 4.3375],
			"rotation": {"angle": 0, "axis": "y", "origin": [7.5, 8.5, 8.65]},
			"faces": {
				"north": {"uv": [13, 4.5, 13.25, 4.75], "texture": "#0"},
				"east": {"uv": [12.75, 4.5, 13, 4.75], "texture": "#0"},
				"south": {"uv": [13.5, 4.5, 13.75, 4.75], "texture": "#0"},
				"west": {"uv": [13.25, 4.5, 13.5, 4.75], "texture": "#0"},
				"up": {"uv": [13.25, 4.5, 13, 4.25], "texture": "#0"},
				"down": {"uv": [13.5, 4.25, 13.25, 4.5], "texture": "#0"}
			}
		},
		{
			"from": [5.2575, 3.0375, 3.1875],
			"to": [6.6375, 4.1875, 4.3375],
			"rotation": {"angle": 0, "axis": "y", "origin": [7.5, 8.5, 8.65]},
			"faces": {
				"north": {"uv": [13, 4.5, 13.25, 4.75], "texture": "#0"},
				"east": {"uv": [12.75, 4.5, 13, 4.75], "texture": "#0"},
				"south": {"uv": [13.5, 4.5, 13.75, 4.75], "texture": "#0"},
				"west": {"uv": [13.25, 4.5, 13.5, 4.75], "texture": "#0"},
				"up": {"uv": [13.25, 4.5, 13, 4.25], "texture": "#0"},
				"down": {"uv": [13.5, 4.25, 13.25, 4.5], "texture": "#0"}
			}
		},
		{
			"from": [3.1875, 3.0375, 5.2575],
			"to": [4.3375, 4.1875, 6.6375],
			"rotation": {"angle": 0, "axis": "y", "origin": [7.5, 8.5, 8.65]},
			"faces": {
				"north": {"uv": [13, 4.5, 13.25, 4.75], "texture": "#0"},
				"east": {"uv": [12.75, 4.5, 13, 4.75], "texture": "#0"},
				"south": {"uv": [13.5, 4.5, 13.75, 4.75], "texture": "#0"},
				"west": {"uv": [13.25, 4.5, 13.5, 4.75], "texture": "#0"},
				"up": {"uv": [13.25, 4.5, 13, 4.25], "texture": "#0"},
				"down": {"uv": [13.5, 4.25, 13.25, 4.5], "texture": "#0"}
			}
		},
		{
			"from": [3.1875, 3.0375, 3.1875],
			"to": [5.2575, 5.1075, 5.2575],
			"rotation": {"angle": 0, "axis": "y", "origin": [7.5, 8.5, 8.65]},
			"faces": {
				"north": {"uv": [13, 4.5, 13.25, 4.75], "texture": "#0"},
				"east": {"uv": [12.75, 4.5, 13, 4.75], "texture": "#0"},
				"south": {"uv": [13.5, 4.5, 13.75, 4.75], "texture": "#0"},
				"west": {"uv": [13.25, 4.5, 13.5, 4.75], "texture": "#0"},
				"up": {"uv": [13.25, 4.5, 13, 4.25], "texture": "#0"},
				"down": {"uv": [13.5, 4.25, 13.25, 4.5], "texture": "#0"}
			}
		},
		{
			"from": [11.8125, 5.1075, 11.8125],
			"to": [12.9625, 6.4875, 12.9625],
			"shade": false,
			"rotation": {"angle": 0, "axis": "y", "origin": [8.65, 8.5, 7.5]},
			"faces": {
				"north": {"uv": [13.25, 4.5, 13, 4.75], "texture": "#0"},
				"east": {"uv": [13.5, 4.5, 13.25, 4.75], "texture": "#0"},
				"south": {"uv": [13.75, 4.5, 13.5, 4.75], "texture": "#0"},
				"west": {"uv": [13, 4.5, 12.75, 4.75], "texture": "#0"},
				"up": {"uv": [13, 4.5, 13.25, 4.25], "texture": "#0"},
				"down": {"uv": [13.25, 4.25, 13.5, 4.5], "texture": "#0"}
			}
		},
		{
			"from": [9.5125, 3.0375, 11.8125],
			"to": [10.8925, 4.1875, 12.9625],
			"shade": false,
			"rotation": {"angle": 0, "axis": "y", "origin": [8.65, 8.5, 7.5]},
			"faces": {
				"north": {"uv": [13.25, 4.5, 13, 4.75], "texture": "#0"},
				"east": {"uv": [13.5, 4.5, 13.25, 4.75], "texture": "#0"},
				"south": {"uv": [13.75, 4.5, 13.5, 4.75], "texture": "#0"},
				"west": {"uv": [13, 4.5, 12.75, 4.75], "texture": "#0"},
				"up": {"uv": [13, 4.5, 13.25, 4.25], "texture": "#0"},
				"down": {"uv": [13.25, 4.25, 13.5, 4.5], "texture": "#0"}
			}
		},
		{
			"from": [11.8125, 3.0375, 9.5125],
			"to": [12.9625, 4.1875, 10.8925],
			"shade": false,
			"rotation": {"angle": 0, "axis": "y", "origin": [8.65, 8.5, 7.5]},
			"faces": {
				"north": {"uv": [13.25, 4.5, 13, 4.75], "texture": "#0"},
				"east": {"uv": [13.5, 4.5, 13.25, 4.75], "texture": "#0"},
				"south": {"uv": [13.75, 4.5, 13.5, 4.75], "texture": "#0"},
				"west": {"uv": [13, 4.5, 12.75, 4.75], "texture": "#0"},
				"up": {"uv": [13, 4.5, 13.25, 4.25], "texture": "#0"},
				"down": {"uv": [13.25, 4.25, 13.5, 4.5], "texture": "#0"}
			}
		},
		{
			"from": [10.8925, 3.0375, 10.8925],
			"to": [12.9625, 5.1075, 12.9625],
			"shade": false,
			"rotation": {"angle": 0, "axis": "y", "origin": [8.65, 8.5, 7.5]},
			"faces": {
				"north": {"uv": [13.25, 4.5, 13, 4.75], "texture": "#0"},
				"east": {"uv": [13.5, 4.5, 13.25, 4.75], "texture": "#0"},
				"south": {"uv": [13.75, 4.5, 13.5, 4.75], "texture": "#0"},
				"west": {"uv": [13, 4.5, 12.75, 4.75], "texture": "#0"},
				"up": {"uv": [13, 4.5, 13.25, 4.25], "texture": "#0"},
				"down": {"uv": [13.25, 4.25, 13.5, 4.5], "texture": "#0"}
			}
		},
		{
			"from": [11.8125, 5.1075, 3.1875],
			"to": [12.9625, 6.4875, 4.3375],
			"shade": false,
			"rotation": {"angle": 0, "axis": "y", "origin": [8.65, 8.5, 8.65]},
			"faces": {
				"north": {"uv": [13.25, 4.5, 13, 4.75], "texture": "#0"},
				"east": {"uv": [13.5, 4.5, 13.25, 4.75], "texture": "#0"},
				"south": {"uv": [13.75, 4.5, 13.5, 4.75], "texture": "#0"},
				"west": {"uv": [13, 4.5, 12.75, 4.75], "texture": "#0"},
				"up": {"uv": [13, 4.5, 13.25, 4.25], "texture": "#0"},
				"down": {"uv": [13.25, 4.25, 13.5, 4.5], "texture": "#0"}
			}
		},
		{
			"from": [9.5125, 3.0375, 3.1875],
			"to": [10.8925, 4.1875, 4.3375],
			"shade": false,
			"rotation": {"angle": 0, "axis": "y", "origin": [8.65, 8.5, 8.65]},
			"faces": {
				"north": {"uv": [13.25, 4.5, 13, 4.75], "texture": "#0"},
				"east": {"uv": [13.5, 4.5, 13.25, 4.75], "texture": "#0"},
				"south": {"uv": [13.75, 4.5, 13.5, 4.75], "texture": "#0"},
				"west": {"uv": [13, 4.5, 12.75, 4.75], "texture": "#0"},
				"up": {"uv": [13, 4.5, 13.25, 4.25], "texture": "#0"},
				"down": {"uv": [13.25, 4.25, 13.5, 4.5], "texture": "#0"}
			}
		},
		{
			"from": [11.8125, 3.0375, 5.2575],
			"to": [12.9625, 4.1875, 6.6375],
			"shade": false,
			"rotation": {"angle": 0, "axis": "y", "origin": [8.65, 8.5, 8.65]},
			"faces": {
				"north": {"uv": [13.25, 4.5, 13, 4.75], "texture": "#0"},
				"east": {"uv": [13.5, 4.5, 13.25, 4.75], "texture": "#0"},
				"south": {"uv": [13.75, 4.5, 13.5, 4.75], "texture": "#0"},
				"west": {"uv": [13, 4.5, 12.75, 4.75], "texture": "#0"},
				"up": {"uv": [13, 4.5, 13.25, 4.25], "texture": "#0"},
				"down": {"uv": [13.25, 4.25, 13.5, 4.5], "texture": "#0"}
			}
		},
		{
			"from": [10.8925, 3.0375, 3.1875],
			"to": [12.9625, 5.1075, 5.2575],
			"shade": false,
			"rotation": {"angle": 0, "axis": "y", "origin": [8.65, 8.5, 8.65]},
			"faces": {
				"north": {"uv": [13.25, 4.5, 13, 4.75], "texture": "#0"},
				"east": {"uv": [13.5, 4.5, 13.25, 4.75], "texture": "#0"},
				"south": {"uv": [13.75, 4.5, 13.5, 4.75], "texture": "#0"},
				"west": {"uv": [13, 4.5, 12.75, 4.75], "texture": "#0"},
				"up": {"uv": [13, 4.5, 13.25, 4.25], "texture": "#0"},
				"down": {"uv": [13.25, 4.25, 13.5, 4.5], "texture": "#0"}
			}
		},
		{
			"from": [3.1875, 9.3625, 11.8125],
			"to": [4.3375, 10.7425, 12.9625],
			"rotation": {"angle": 0, "axis": "y", "origin": [7.5, 7.35, 7.5]},
			"faces": {
				"north": {"uv": [13, 4.5, 13.25, 4.75], "texture": "#0"},
				"east": {"uv": [12.75, 4.5, 13, 4.75], "texture": "#0"},
				"south": {"uv": [13.5, 4.5, 13.75, 4.75], "texture": "#0"},
				"west": {"uv": [13.25, 4.5, 13.5, 4.75], "texture": "#0"},
				"up": {"uv": [13.25, 4.5, 13, 4.25], "texture": "#0"},
				"down": {"uv": [13.5, 4.25, 13.25, 4.5], "texture": "#0"}
			}
		},
		{
			"from": [5.2575, 11.6625, 11.8125],
			"to": [6.6375, 12.8125, 12.9625],
			"rotation": {"angle": 0, "axis": "y", "origin": [7.5, 7.35, 7.5]},
			"faces": {
				"north": {"uv": [13, 4.5, 13.25, 4.75], "texture": "#0"},
				"east": {"uv": [12.75, 4.5, 13, 4.75], "texture": "#0"},
				"south": {"uv": [13.5, 4.5, 13.75, 4.75], "texture": "#0"},
				"west": {"uv": [13.25, 4.5, 13.5, 4.75], "texture": "#0"},
				"up": {"uv": [13.25, 4.5, 13, 4.25], "texture": "#0"},
				"down": {"uv": [13.5, 4.25, 13.25, 4.5], "texture": "#0"}
			}
		},
		{
			"from": [3.1875, 11.6625, 9.5125],
			"to": [4.3375, 12.8125, 10.8925],
			"rotation": {"angle": 0, "axis": "y", "origin": [7.5, 7.35, 7.5]},
			"faces": {
				"north": {"uv": [13, 4.5, 13.25, 4.75], "texture": "#0"},
				"east": {"uv": [12.75, 4.5, 13, 4.75], "texture": "#0"},
				"south": {"uv": [13.5, 4.5, 13.75, 4.75], "texture": "#0"},
				"west": {"uv": [13.25, 4.5, 13.5, 4.75], "texture": "#0"},
				"up": {"uv": [13.25, 4.5, 13, 4.25], "texture": "#0"},
				"down": {"uv": [13.5, 4.25, 13.25, 4.5], "texture": "#0"}
			}
		},
		{
			"from": [3.1875, 10.7425, 10.8925],
			"to": [5.2575, 12.8125, 12.9625],
			"rotation": {"angle": 0, "axis": "y", "origin": [7.5, 7.35, 7.5]},
			"faces": {
				"north": {"uv": [13, 4.5, 13.25, 4.75], "texture": "#0"},
				"east": {"uv": [12.75, 4.5, 13, 4.75], "texture": "#0"},
				"south": {"uv": [13.5, 4.5, 13.75, 4.75], "texture": "#0"},
				"west": {"uv": [13.25, 4.5, 13.5, 4.75], "texture": "#0"},
				"up": {"uv": [13.25, 4.5, 13, 4.25], "texture": "#0"},
				"down": {"uv": [13.5, 4.25, 13.25, 4.5], "texture": "#0"}
			}
		},
		{
			"from": [3.1875, 9.3625, 3.1875],
			"to": [4.3375, 10.7425, 4.3375],
			"rotation": {"angle": 0, "axis": "y", "origin": [7.5, 7.35, 8.65]},
			"faces": {
				"north": {"uv": [13, 4.5, 13.25, 4.75], "texture": "#0"},
				"east": {"uv": [12.75, 4.5, 13, 4.75], "texture": "#0"},
				"south": {"uv": [13.5, 4.5, 13.75, 4.75], "texture": "#0"},
				"west": {"uv": [13.25, 4.5, 13.5, 4.75], "texture": "#0"},
				"up": {"uv": [13.25, 4.5, 13, 4.25], "texture": "#0"},
				"down": {"uv": [13.5, 4.25, 13.25, 4.5], "texture": "#0"}
			}
		},
		{
			"from": [5.2575, 11.6625, 3.1875],
			"to": [6.6375, 12.8125, 4.3375],
			"rotation": {"angle": 0, "axis": "y", "origin": [7.5, 7.35, 8.65]},
			"faces": {
				"north": {"uv": [13, 4.5, 13.25, 4.75], "texture": "#0"},
				"east": {"uv": [12.75, 4.5, 13, 4.75], "texture": "#0"},
				"south": {"uv": [13.5, 4.5, 13.75, 4.75], "texture": "#0"},
				"west": {"uv": [13.25, 4.5, 13.5, 4.75], "texture": "#0"},
				"up": {"uv": [13.25, 4.5, 13, 4.25], "texture": "#0"},
				"down": {"uv": [13.5, 4.25, 13.25, 4.5], "texture": "#0"}
			}
		},
		{
			"from": [3.1875, 11.6625, 5.2575],
			"to": [4.3375, 12.8125, 6.6375],
			"rotation": {"angle": 0, "axis": "y", "origin": [7.5, 7.35, 8.65]},
			"faces": {
				"north": {"uv": [13, 4.5, 13.25, 4.75], "texture": "#0"},
				"east": {"uv": [12.75, 4.5, 13, 4.75], "texture": "#0"},
				"south": {"uv": [13.5, 4.5, 13.75, 4.75], "texture": "#0"},
				"west": {"uv": [13.25, 4.5, 13.5, 4.75], "texture": "#0"},
				"up": {"uv": [13.25, 4.5, 13, 4.25], "texture": "#0"},
				"down": {"uv": [13.5, 4.25, 13.25, 4.5], "texture": "#0"}
			}
		},
		{
			"from": [3.1875, 10.7425, 3.1875],
			"to": [5.2575, 12.8125, 5.2575],
			"rotation": {"angle": 0, "axis": "y", "origin": [7.5, 7.35, 8.65]},
			"faces": {
				"north": {"uv": [13, 4.5, 13.25, 4.75], "texture": "#0"},
				"east": {"uv": [12.75, 4.5, 13, 4.75], "texture": "#0"},
				"south": {"uv": [13.5, 4.5, 13.75, 4.75], "texture": "#0"},
				"west": {"uv": [13.25, 4.5, 13.5, 4.75], "texture": "#0"},
				"up": {"uv": [13.25, 4.5, 13, 4.25], "texture": "#0"},
				"down": {"uv": [13.5, 4.25, 13.25, 4.5], "texture": "#0"}
			}
		},
		{
			"from": [10.8925, 10.7425, 3.1875],
			"to": [12.9625, 12.8125, 5.2575],
			"shade": false,
			"rotation": {"angle": 0, "axis": "y", "origin": [8.65, 7.35, 8.65]},
			"faces": {
				"north": {"uv": [13.25, 4.5, 13, 4.75], "texture": "#0"},
				"east": {"uv": [13.5, 4.5, 13.25, 4.75], "texture": "#0"},
				"south": {"uv": [13.75, 4.5, 13.5, 4.75], "texture": "#0"},
				"west": {"uv": [13, 4.5, 12.75, 4.75], "texture": "#0"},
				"up": {"uv": [13, 4.5, 13.25, 4.25], "texture": "#0"},
				"down": {"uv": [13.25, 4.25, 13.5, 4.5], "texture": "#0"}
			}
		},
		{
			"from": [11.8125, 11.6625, 5.2575],
			"to": [12.9625, 12.8125, 6.6375],
			"shade": false,
			"rotation": {"angle": 0, "axis": "y", "origin": [8.65, 7.35, 8.65]},
			"faces": {
				"north": {"uv": [13.25, 4.5, 13, 4.75], "texture": "#0"},
				"east": {"uv": [13.5, 4.5, 13.25, 4.75], "texture": "#0"},
				"south": {"uv": [13.75, 4.5, 13.5, 4.75], "texture": "#0"},
				"west": {"uv": [13, 4.5, 12.75, 4.75], "texture": "#0"},
				"up": {"uv": [13, 4.5, 13.25, 4.25], "texture": "#0"},
				"down": {"uv": [13.25, 4.25, 13.5, 4.5], "texture": "#0"}
			}
		},
		{
			"from": [11.8125, 9.3625, 3.1875],
			"to": [12.9625, 10.7425, 4.3375],
			"shade": false,
			"rotation": {"angle": 0, "axis": "y", "origin": [8.65, 7.35, 8.65]},
			"faces": {
				"north": {"uv": [13.25, 4.5, 13, 4.75], "texture": "#0"},
				"east": {"uv": [13.5, 4.5, 13.25, 4.75], "texture": "#0"},
				"south": {"uv": [13.75, 4.5, 13.5, 4.75], "texture": "#0"},
				"west": {"uv": [13, 4.5, 12.75, 4.75], "texture": "#0"},
				"up": {"uv": [13, 4.5, 13.25, 4.25], "texture": "#0"},
				"down": {"uv": [13.25, 4.25, 13.5, 4.5], "texture": "#0"}
			}
		},
		{
			"from": [9.5125, 11.6625, 3.1875],
			"to": [10.8925, 12.8125, 4.3375],
			"shade": false,
			"rotation": {"angle": 0, "axis": "y", "origin": [8.65, 7.35, 8.65]},
			"faces": {
				"north": {"uv": [13.25, 4.5, 13, 4.75], "texture": "#0"},
				"east": {"uv": [13.5, 4.5, 13.25, 4.75], "texture": "#0"},
				"south": {"uv": [13.75, 4.5, 13.5, 4.75], "texture": "#0"},
				"west": {"uv": [13, 4.5, 12.75, 4.75], "texture": "#0"},
				"up": {"uv": [13, 4.5, 13.25, 4.25], "texture": "#0"},
				"down": {"uv": [13.25, 4.25, 13.5, 4.5], "texture": "#0"}
			}
		},
		{
			"from": [11.8125, 11.6625, 9.5125],
			"to": [12.9625, 12.8125, 10.8925],
			"shade": false,
			"rotation": {"angle": 0, "axis": "y", "origin": [8.65, 7.35, 7.5]},
			"faces": {
				"north": {"uv": [13.25, 4.5, 13, 4.75], "texture": "#0"},
				"east": {"uv": [13.5, 4.5, 13.25, 4.75], "texture": "#0"},
				"south": {"uv": [13.75, 4.5, 13.5, 4.75], "texture": "#0"},
				"west": {"uv": [13, 4.5, 12.75, 4.75], "texture": "#0"},
				"up": {"uv": [13, 4.5, 13.25, 4.25], "texture": "#0"},
				"down": {"uv": [13.25, 4.25, 13.5, 4.5], "texture": "#0"}
			}
		},
		{
			"from": [10.8925, 10.7425, 10.8925],
			"to": [12.9625, 12.8125, 12.9625],
			"shade": false,
			"rotation": {"angle": 0, "axis": "y", "origin": [8.65, 7.35, 7.5]},
			"faces": {
				"north": {"uv": [13.25, 4.5, 13, 4.75], "texture": "#0"},
				"east": {"uv": [13.5, 4.5, 13.25, 4.75], "texture": "#0"},
				"south": {"uv": [13.75, 4.5, 13.5, 4.75], "texture": "#0"},
				"west": {"uv": [13, 4.5, 12.75, 4.75], "texture": "#0"},
				"up": {"uv": [13, 4.5, 13.25, 4.25], "texture": "#0"},
				"down": {"uv": [13.25, 4.25, 13.5, 4.5], "texture": "#0"}
			}
		},
		{
			"from": [11.8125, 9.3625, 11.8125],
			"to": [12.9625, 10.7425, 12.9625],
			"shade": false,
			"rotation": {"angle": 0, "axis": "y", "origin": [8.65, 7.35, 7.5]},
			"faces": {
				"north": {"uv": [13.25, 4.5, 13, 4.75], "texture": "#0"},
				"east": {"uv": [13.5, 4.5, 13.25, 4.75], "texture": "#0"},
				"south": {"uv": [13.75, 4.5, 13.5, 4.75], "texture": "#0"},
				"west": {"uv": [13, 4.5, 12.75, 4.75], "texture": "#0"},
				"up": {"uv": [13, 4.5, 13.25, 4.25], "texture": "#0"},
				"down": {"uv": [13.25, 4.25, 13.5, 4.5], "texture": "#0"}
			}
		},
		{
			"from": [9.5125, 11.6625, 11.8125],
			"to": [10.8925, 12.8125, 12.9625],
			"shade": false,
			"rotation": {"angle": 0, "axis": "y", "origin": [8.65, 7.35, 7.5]},
			"faces": {
				"north": {"uv": [13.25, 4.5, 13, 4.75], "texture": "#0"},
				"east": {"uv": [13.5, 4.5, 13.25, 4.75], "texture": "#0"},
				"south": {"uv": [13.75, 4.5, 13.5, 4.75], "texture": "#0"},
				"west": {"uv": [13, 4.5, 12.75, 4.75], "texture": "#0"},
				"up": {"uv": [13, 4.5, 13.25, 4.25], "texture": "#0"},
				"down": {"uv": [13.25, 4.25, 13.5, 4.5], "texture": "#0"}
			}
		},
		{
			"from": [3.475, 3.325, 6.925],
			"to": [4.625, 4.475, 9.225],
			"rotation": {"angle": 0, "axis": "y", "origin": [8.075, 3.9, 8.075]},
			"faces": {
				"north": {"uv": [12, 5.75, 12.25, 6], "texture": "#0"},
				"east": {"uv": [11.5, 5.75, 12, 6], "texture": "#0"},
				"south": {"uv": [12.75, 5.75, 13, 6], "texture": "#0"},
				"west": {"uv": [12.25, 5.75, 12.75, 6], "texture": "#0"},
				"up": {"uv": [12.25, 5.75, 12, 5.25], "texture": "#0"},
				"down": {"uv": [12.5, 5.25, 12.25, 5.75], "texture": "#0"}
			}
		},
		{
			"from": [11.525, 3.325, 6.925],
			"to": [12.675, 4.475, 9.225],
			"rotation": {"angle": 0, "axis": "y", "origin": [8.075, 3.9, 8.075]},
			"faces": {
				"north": {"uv": [12, 5.75, 12.25, 6], "texture": "#0"},
				"east": {"uv": [11.5, 5.75, 12, 6], "texture": "#0"},
				"south": {"uv": [12.75, 5.75, 13, 6], "texture": "#0"},
				"west": {"uv": [12.25, 5.75, 12.75, 6], "texture": "#0"},
				"up": {"uv": [12.25, 5.75, 12, 5.25], "texture": "#0"},
				"down": {"uv": [12.5, 5.25, 12.25, 5.75], "texture": "#0"}
			}
		},
		{
			"from": [11.525, 6.775, 11.525],
			"to": [12.675, 9.075, 12.675],
			"shade": false,
			"rotation": {"angle": 0, "axis": "z", "origin": [8.075, 7.925, 12.1]},
			"faces": {
				"north": {"uv": [12, 5.5, 11.75, 6], "texture": "#0"},
				"east": {"uv": [12.25, 5.5, 12, 6], "texture": "#0"},
				"south": {"uv": [12.5, 5.5, 12.25, 6], "texture": "#0"},
				"west": {"uv": [11.75, 5.5, 11.5, 6], "texture": "#0"},
				"up": {"uv": [11.75, 5.5, 12, 5.25], "texture": "#0"},
				"down": {"uv": [12, 5.25, 12.25, 5.5], "texture": "#0"}
			}
		},
		{
			"from": [6.925, 3.325, 11.525],
			"to": [9.225, 4.475, 12.675],
			"shade": false,
			"rotation": {"angle": 0, "axis": "y", "origin": [9.225, 8.5, 8.65]},
			"faces": {
				"north": {"uv": [12.25, 5.5, 11.75, 5.75], "texture": "#0"},
				"east": {"uv": [12.5, 5.5, 12.25, 5.75], "texture": "#0"},
				"south": {"uv": [13, 5.5, 12.5, 5.75], "texture": "#0"},
				"west": {"uv": [11.75, 5.5, 11.5, 5.75], "texture": "#0"},
				"up": {"uv": [11.75, 5.5, 12.25, 5.25], "texture": "#0"},
				"down": {"uv": [12.25, 5.25, 12.75, 5.5], "texture": "#0"}
			}
		},
		{
			"from": [3.475, 6.775, 11.525],
			"to": [4.625, 9.075, 12.675],
			"rotation": {"angle": 0, "axis": "z", "origin": [8.075, 7.925, 12.1]},
			"faces": {
				"north": {"uv": [11.75, 5.5, 12, 6], "texture": "#0"},
				"east": {"uv": [11.5, 5.5, 11.75, 6], "texture": "#0"},
				"south": {"uv": [12.25, 5.5, 12.5, 6], "texture": "#0"},
				"west": {"uv": [12, 5.5, 12.25, 6], "texture": "#0"},
				"up": {"uv": [12, 5.5, 11.75, 5.25], "texture": "#0"},
				"down": {"uv": [12.25, 5.25, 12, 5.5], "texture": "#0"}
			}
		},
		{
			"from": [6.925, 11.375, 11.525],
			"to": [9.225, 12.525, 12.675],
			"rotation": {"angle": 0, "axis": "y", "origin": [6.925, 7.35, 8.65]},
			"faces": {
				"north": {"uv": [11.75, 5.5, 12.25, 5.75], "texture": "#0"},
				"east": {"uv": [11.5, 5.5, 11.75, 5.75], "texture": "#0"},
				"south": {"uv": [12.5, 5.5, 13, 5.75], "texture": "#0"},
				"west": {"uv": [12.25, 5.5, 12.5, 5.75], "texture": "#0"},
				"up": {"uv": [12.25, 5.5, 11.75, 5.25], "texture": "#0"},
				"down": {"uv": [12.75, 5.25, 12.25, 5.5], "texture": "#0"}
			}
		},
		{
			"from": [11.525, 11.375, 6.925],
			"to": [12.675, 12.525, 9.225],
			"rotation": {"angle": 0, "axis": "y", "origin": [8.075, 11.95, 8.075]},
			"faces": {
				"north": {"uv": [12, 5.75, 12.25, 6], "texture": "#0"},
				"east": {"uv": [11.5, 5.75, 12, 6], "texture": "#0"},
				"south": {"uv": [12.75, 5.75, 13, 6], "texture": "#0"},
				"west": {"uv": [12.25, 5.75, 12.75, 6], "texture": "#0"},
				"up": {"uv": [12.25, 5.75, 12, 5.25], "texture": "#0"},
				"down": {"uv": [12.5, 5.25, 12.25, 5.75], "texture": "#0"}
			}
		},
		{
			"from": [11.525, 6.775, 3.475],
			"to": [12.675, 9.075, 4.625],
			"shade": false,
			"rotation": {"angle": 0, "axis": "z", "origin": [8.075, 7.925, 4.05]},
			"faces": {
				"north": {"uv": [12, 5.5, 11.75, 6], "texture": "#0"},
				"east": {"uv": [12.25, 5.5, 12, 6], "texture": "#0"},
				"south": {"uv": [12.5, 5.5, 12.25, 6], "texture": "#0"},
				"west": {"uv": [11.75, 5.5, 11.5, 6], "texture": "#0"},
				"up": {"uv": [11.75, 5.5, 12, 5.25], "texture": "#0"},
				"down": {"uv": [12, 5.25, 12.25, 5.5], "texture": "#0"}
			}
		},
		{
			"from": [6.925, 11.375, 3.475],
			"to": [9.225, 12.525, 4.625],
			"rotation": {"angle": 0, "axis": "y", "origin": [6.925, 7.35, 7.5]},
			"faces": {
				"north": {"uv": [11.75, 5.5, 12.25, 5.75], "texture": "#0"},
				"east": {"uv": [11.5, 5.5, 11.75, 5.75], "texture": "#0"},
				"south": {"uv": [12.5, 5.5, 13, 5.75], "texture": "#0"},
				"west": {"uv": [12.25, 5.5, 12.5, 5.75], "texture": "#0"},
				"up": {"uv": [12.25, 5.5, 11.75, 5.25], "texture": "#0"},
				"down": {"uv": [12.75, 5.25, 12.25, 5.5], "texture": "#0"}
			}
		},
		{
			"from": [3.475, 6.775, 3.475],
			"to": [4.625, 9.075, 4.625],
			"rotation": {"angle": 0, "axis": "z", "origin": [8.075, 7.925, 4.05]},
			"faces": {
				"north": {"uv": [11.75, 5.5, 12, 6], "texture": "#0"},
				"east": {"uv": [11.5, 5.5, 11.75, 6], "texture": "#0"},
				"south": {"uv": [12.25, 5.5, 12.5, 6], "texture": "#0"},
				"west": {"uv": [12, 5.5, 12.25, 6], "texture": "#0"},
				"up": {"uv": [12, 5.5, 11.75, 5.25], "texture": "#0"},
				"down": {"uv": [12.25, 5.25, 12, 5.5], "texture": "#0"}
			}
		},
		{
			"from": [6.925, 3.325, 3.475],
			"to": [9.225, 4.475, 4.625],
			"shade": false,
			"rotation": {"angle": 0, "axis": "y", "origin": [9.225, 8.5, 7.5]},
			"faces": {
				"north": {"uv": [12.25, 5.5, 11.75, 5.75], "texture": "#0"},
				"east": {"uv": [12.5, 5.5, 12.25, 5.75], "texture": "#0"},
				"south": {"uv": [13, 5.5, 12.5, 5.75], "texture": "#0"},
				"west": {"uv": [11.75, 5.5, 11.5, 5.75], "texture": "#0"},
				"up": {"uv": [11.75, 5.5, 12.25, 5.25], "texture": "#0"},
				"down": {"uv": [12.25, 5.25, 12.75, 5.5], "texture": "#0"}
			}
		},
		{
			"from": [3.475, 11.375, 6.925],
			"to": [4.625, 12.525, 9.225],
			"rotation": {"angle": 0, "axis": "y", "origin": [8.075, 11.95, 8.075]},
			"faces": {
				"north": {"uv": [12, 5.75, 12.25, 6], "texture": "#0"},
				"east": {"uv": [11.5, 5.75, 12, 6], "texture": "#0"},
				"south": {"uv": [12.75, 5.75, 13, 6], "texture": "#0"},
				"west": {"uv": [12.25, 5.75, 12.75, 6], "texture": "#0"},
				"up": {"uv": [12.25, 5.75, 12, 5.25], "texture": "#0"},
				"down": {"uv": [12.5, 5.25, 12.25, 5.75], "texture": "#0"}
			}
		},
		{
			"from": [3.7625, 3.6125, 3.7625],
			"to": [12.3875, 12.2375, 12.3875],
			"rotation": {"angle": 0, "axis": "y", "origin": [3.7625, 3.6125, 3.7625]},
			"faces": {
				"north": {"uv": [2, 13.75, 3.75, 15.5], "texture": "#0"},
				"east": {"uv": [0.25, 13.75, 2, 15.5], "texture": "#0"},
				"south": {"uv": [5.5, 13.75, 7.25, 15.5], "texture": "#0"},
				"west": {"uv": [3.75, 13.75, 5.5, 15.5], "texture": "#0"},
				"up": {"uv": [3.75, 13.75, 2, 12], "texture": "#0"},
				"down": {"uv": [5.5, 12, 3.75, 13.75], "texture": "#0"}
			}
		},
		{
			"from": [3.705, 3.555, 3.705],
			"to": [7.845, 7.695, 7.845],
			"rotation": {"angle": 0, "axis": "y", "origin": [3.705, 3.555, 3.705]},
			"faces": {
				"north": {"uv": [1.25, 1.25, 2, 2], "texture": "#0"},
				"east": {"uv": [0.5, 1.25, 1.25, 2], "texture": "#0"},
				"south": {"uv": [2.75, 1.25, 3.5, 2], "texture": "#0"},
				"west": {"uv": [2, 1.25, 2.75, 2], "texture": "#0"},
				"up": {"uv": [2, 1.25, 1.25, 0.5], "texture": "#0"},
				"down": {"uv": [2.75, 0.5, 2, 1.25], "texture": "#0"}
			}
		},
		{
			"from": [3.705, 3.555, 8.305],
			"to": [7.845, 7.695, 12.445],
			"rotation": {"angle": 0, "axis": "y", "origin": [3.705, 3.555, 3.705]},
			"faces": {
				"north": {"uv": [1.25, 1.25, 2, 2], "texture": "#0"},
				"east": {"uv": [0.5, 1.25, 1.25, 2], "texture": "#0"},
				"south": {"uv": [2.75, 1.25, 3.5, 2], "texture": "#0"},
				"west": {"uv": [2, 1.25, 2.75, 2], "texture": "#0"},
				"up": {"uv": [2, 1.25, 1.25, 0.5], "texture": "#0"},
				"down": {"uv": [2.75, 0.5, 2, 1.25], "texture": "#0"}
			}
		},
		{
			"from": [8.305, 3.555, 8.305],
			"to": [12.445, 7.695, 12.445],
			"rotation": {"angle": 0, "axis": "y", "origin": [3.705, 3.555, 3.705]},
			"faces": {
				"north": {"uv": [1.25, 1.25, 2, 2], "texture": "#0"},
				"east": {"uv": [0.5, 1.25, 1.25, 2], "texture": "#0"},
				"south": {"uv": [2.75, 1.25, 3.5, 2], "texture": "#0"},
				"west": {"uv": [2, 1.25, 2.75, 2], "texture": "#0"},
				"up": {"uv": [2, 1.25, 1.25, 0.5], "texture": "#0"},
				"down": {"uv": [2.75, 0.5, 2, 1.25], "texture": "#0"}
			}
		},
		{
			"from": [8.305, 3.555, 3.705],
			"to": [12.445, 7.695, 7.845],
			"rotation": {"angle": 0, "axis": "y", "origin": [3.705, 3.555, 3.705]},
			"faces": {
				"north": {"uv": [1.25, 1.25, 2, 2], "texture": "#0"},
				"east": {"uv": [0.5, 1.25, 1.25, 2], "texture": "#0"},
				"south": {"uv": [2.75, 1.25, 3.5, 2], "texture": "#0"},
				"west": {"uv": [2, 1.25, 2.75, 2], "texture": "#0"},
				"up": {"uv": [2, 1.25, 1.25, 0.5], "texture": "#0"},
				"down": {"uv": [2.75, 0.5, 2, 1.25], "texture": "#0"}
			}
		},
		{
			"from": [8.305, 8.155, 8.305],
			"to": [12.445, 12.295, 12.445],
			"rotation": {"angle": 0, "axis": "y", "origin": [3.705, 3.555, 3.705]},
			"faces": {
				"north": {"uv": [1.25, 1.25, 2, 2], "texture": "#0"},
				"east": {"uv": [0.5, 1.25, 1.25, 2], "texture": "#0"},
				"south": {"uv": [2.75, 1.25, 3.5, 2], "texture": "#0"},
				"west": {"uv": [2, 1.25, 2.75, 2], "texture": "#0"},
				"up": {"uv": [2, 1.25, 1.25, 0.5], "texture": "#0"},
				"down": {"uv": [2.75, 0.5, 2, 1.25], "texture": "#0"}
			}
		},
		{
			"from": [8.305, 8.155, 3.705],
			"to": [12.445, 12.295, 7.845],
			"rotation": {"angle": 0, "axis": "y", "origin": [3.705, 3.555, 3.705]},
			"faces": {
				"north": {"uv": [1.25, 1.25, 2, 2], "texture": "#0"},
				"east": {"uv": [0.5, 1.25, 1.25, 2], "texture": "#0"},
				"south": {"uv": [2.75, 1.25, 3.5, 2], "texture": "#0"},
				"west": {"uv": [2, 1.25, 2.75, 2], "texture": "#0"},
				"up": {"uv": [2, 1.25, 1.25, 0.5], "texture": "#0"},
				"down": {"uv": [2.75, 0.5, 2, 1.25], "texture": "#0"}
			}
		},
		{
			"from": [3.705, 8.155, 8.305],
			"to": [7.845, 12.295, 12.445],
			"rotation": {"angle": 0, "axis": "y", "origin": [3.705, 3.555, 3.705]},
			"faces": {
				"north": {"uv": [1.25, 1.25, 2, 2], "texture": "#0"},
				"east": {"uv": [0.5, 1.25, 1.25, 2], "texture": "#0"},
				"south": {"uv": [2.75, 1.25, 3.5, 2], "texture": "#0"},
				"west": {"uv": [2, 1.25, 2.75, 2], "texture": "#0"},
				"up": {"uv": [2, 1.25, 1.25, 0.5], "texture": "#0"},
				"down": {"uv": [2.75, 0.5, 2, 1.25], "texture": "#0"}
			}
		},
		{
			"from": [3.705, 8.155, 3.705],
			"to": [7.845, 12.295, 7.845],
			"rotation": {"angle": 0, "axis": "y", "origin": [3.705, 3.555, 3.705]},
			"faces": {
				"north": {"uv": [1.25, 1.25, 2, 2], "texture": "#0"},
				"east": {"uv": [0.5, 1.25, 1.25, 2], "texture": "#0"},
				"south": {"uv": [2.75, 1.25, 3.5, 2], "texture": "#0"},
				"west": {"uv": [2, 1.25, 2.75, 2], "texture": "#0"},
				"up": {"uv": [2, 1.25, 1.25, 0.5], "texture": "#0"},
				"down": {"uv": [2.75, 0.5, 2, 1.25], "texture": "#0"}
			}
		},
		{
			"from": [3.475, 5.625, 5.775],
			"to": [12.675, 10.225, 10.375],
			"rotation": {"angle": 0, "axis": "y", "origin": [3.475, 5.625, 5.775]},
			"faces": {
				"north": {"uv": [1.75, 12.25, 3.75, 13.25], "texture": "#0"},
				"east": {"uv": [0.75, 12.25, 1.75, 13.25], "texture": "#0"},
				"south": {"uv": [4.75, 12.25, 6.75, 13.25], "texture": "#0"},
				"west": {"uv": [3.75, 12.25, 4.75, 13.25], "texture": "#0"},
				"up": {"uv": [3.75, 12.25, 1.75, 11.25], "texture": "#0"},
				"down": {"uv": [5.75, 11.25, 3.75, 12.25], "texture": "#0"}
			}
		},
		{
			"from": [3.5325, 5.3375, 5.4875],
			"to": [12.6175, 10.5125, 10.6625],
			"rotation": {"angle": 0, "axis": "y", "origin": [3.5325, 5.3375, 5.4875]},
			"faces": {
				"north": {"uv": [10.5, 1.25, 12.25, 2.25], "texture": "#0"},
				"east": {"uv": [9.5, 1.25, 10.5, 2.25], "texture": "#0"},
				"south": {"uv": [13.25, 1.25, 15, 2.25], "texture": "#0"},
				"west": {"uv": [12.25, 1.25, 13.25, 2.25], "texture": "#0"},
				"up": {"uv": [12.25, 1.25, 10.5, 0.25], "texture": "#0"},
				"down": {"uv": [14, 0.25, 12.25, 1.25], "texture": "#0"}
			}
		},
		{
			"from": [3.36, 7.07995, 7.09342],
			"to": [12.79, 8.80495, 7.95592],
			"rotation": {"angle": -45, "axis": "x", "origin": [8.075, 8.22995, 7.66842]},
			"faces": {
				"north": {"uv": [2, 13, 4, 13.25], "texture": "#0"},
				"east": {"uv": [2, 13, 2, 13.25], "texture": "#0"},
				"south": {"uv": [4, 13, 6, 13.25], "texture": "#0"},
				"west": {"uv": [4, 13, 4, 13.25], "texture": "#0"},
				"up": {"uv": [4, 13, 2, 13], "texture": "#0"},
				"down": {"uv": [6, 13, 4, 13], "texture": "#0"}
			}
		},
		{
			"from": [3.36, 7.65495, 7.95592],
			"to": [12.79, 9.37995, 8.81842],
			"rotation": {"angle": 45, "axis": "x", "origin": [8.075, 8.22995, 7.66842]},
			"faces": {
				"north": {"uv": [2, 13, 4, 13.25], "texture": "#0"},
				"east": {"uv": [2, 13, 2, 13.25], "texture": "#0"},
				"south": {"uv": [4, 13, 6, 13.25], "texture": "#0"},
				"west": {"uv": [4, 13, 4, 13.25], "texture": "#0"},
				"up": {"uv": [4, 13, 2, 13], "texture": "#0"},
				"down": {"uv": [6, 13, 4, 13], "texture": "#0"}
			}
		},
		{
			"from": [7.85938, 7.27813, 3.36],
			"to": [8.72188, 9.00313, 12.79],
			"rotation": {"angle": -45, "axis": "z", "origin": [8.075, 7.925, 8.075]},
			"faces": {
				"north": {"uv": [4, 15, 4, 15.25], "texture": "#0"},
				"east": {"uv": [2, 15, 4, 15.25], "texture": "#0"},
				"south": {"uv": [6, 15, 6, 15.25], "texture": "#0"},
				"west": {"uv": [4, 15, 6, 15.25], "texture": "#0"},
				"up": {"uv": [4, 15, 4, 13], "texture": "#0"},
				"down": {"uv": [4, 13, 4, 15], "texture": "#0"}
			}
		},
		{
			"from": [7.42813, 7.27813, 3.36],
			"to": [8.29063, 9.00313, 12.79],
			"rotation": {"angle": 45, "axis": "z", "origin": [8.075, 7.925, 8.075]},
			"faces": {
				"north": {"uv": [4, 15, 4, 15.25], "texture": "#0"},
				"east": {"uv": [2, 15, 4, 15.25], "texture": "#0"},
				"south": {"uv": [6, 15, 6, 15.25], "texture": "#0"},
				"west": {"uv": [4, 15, 6, 15.25], "texture": "#0"},
				"up": {"uv": [4, 15, 4, 13], "texture": "#0"},
				"down": {"uv": [4, 13, 4, 15], "texture": "#0"}
			}
		},
		{
			"from": [7.42813, 3.21, 7.42813],
			"to": [8.29063, 12.64, 9.15312],
			"rotation": {"angle": -45, "axis": "y", "origin": [8.075, 7.925, 8.075]},
			"faces": {
				"north": {"uv": [2.25, 13.25, 2.25, 15.25], "texture": "#0"},
				"east": {"uv": [2, 13.25, 2.25, 15.25], "texture": "#0"},
				"south": {"uv": [2.5, 13.25, 2.5, 15.25], "texture": "#0"},
				"west": {"uv": [2.25, 13.25, 2.5, 15.25], "texture": "#0"},
				"up": {"uv": [2.25, 13.25, 2.25, 13], "texture": "#0"},
				"down": {"uv": [2.25, 13, 2.25, 13.25], "texture": "#0"}
			}
		},
		{
			"from": [7.85938, 3.21, 7.42813],
			"to": [8.72188, 12.64, 9.15312],
			"rotation": {"angle": 45, "axis": "y", "origin": [8.075, 7.925, 8.075]},
			"faces": {
				"north": {"uv": [2.25, 13.25, 2.25, 15.25], "texture": "#0"},
				"east": {"uv": [2, 13.25, 2.25, 15.25], "texture": "#0"},
				"south": {"uv": [2.5, 13.25, 2.5, 15.25], "texture": "#0"},
				"west": {"uv": [2.25, 13.25, 2.5, 15.25], "texture": "#0"},
				"up": {"uv": [2.25, 13.25, 2.25, 13], "texture": "#0"},
				"down": {"uv": [2.25, 13, 2.25, 13.25], "texture": "#0"}
			}
		},
		{
			"from": [3.4175, 6.4875, 6.6375],
			"to": [12.7325, 9.3625, 9.5125],
			"rotation": {"angle": 0, "axis": "y", "origin": [3.4175, 6.4875, 6.6375]},
			"faces": {
				"north": {"uv": [10.25, 7.25, 12.25, 7.75], "texture": "#0"},
				"east": {"uv": [9.75, 7.25, 10.25, 7.75], "texture": "#0"},
				"south": {"uv": [12.75, 7.25, 14.75, 7.75], "texture": "#0"},
				"west": {"uv": [12.25, 7.25, 12.75, 7.75], "texture": "#0"},
				"up": {"uv": [12.25, 7.25, 10.25, 6.75], "texture": "#0"},
				"down": {"uv": [14.25, 6.75, 12.25, 7.25], "texture": "#0"}
			}
		},
		{
			"from": [5.775, 5.625, 3.475],
			"to": [10.375, 10.225, 12.675],
			"rotation": {"angle": 0, "axis": "y", "origin": [8.075, 12.525, 8.075]},
			"faces": {
				"north": {"uv": [2.75, 13.25, 3.75, 14.25], "texture": "#0"},
				"east": {"uv": [0.75, 13.25, 2.75, 14.25], "texture": "#0"},
				"south": {"uv": [5.75, 13.25, 6.75, 14.25], "texture": "#0"},
				"west": {"uv": [3.75, 13.25, 5.75, 14.25], "texture": "#0"},
				"up": {"uv": [3.75, 13.25, 2.75, 11.25], "texture": "#0"},
				"down": {"uv": [4.75, 11.25, 3.75, 13.25], "texture": "#0"}
			}
		},
		{
			"from": [5.4875, 5.3375, 3.5325],
			"to": [10.6625, 10.5125, 12.6175],
			"rotation": {"angle": 0, "axis": "y", "origin": [8.075, 12.525, 8.075]},
			"faces": {
				"north": {"uv": [11.25, 2, 12.25, 3], "texture": "#0"},
				"east": {"uv": [9.5, 2, 11.25, 3], "texture": "#0"},
				"south": {"uv": [14, 2, 15, 3], "texture": "#0"},
				"west": {"uv": [12.25, 2, 14, 3], "texture": "#0"},
				"up": {"uv": [12.25, 2, 11.25, 0.25], "texture": "#0"},
				"down": {"uv": [13.25, 0.25, 12.25, 2], "texture": "#0"}
			}
		},
		{
			"from": [6.6375, 6.4875, 3.4175],
			"to": [9.5125, 9.3625, 12.7325],
			"rotation": {"angle": 0, "axis": "y", "origin": [8.075, 12.525, 8.075]},
			"faces": {
				"north": {"uv": [11.75, 8.75, 12.25, 9.25], "texture": "#0"},
				"east": {"uv": [9.75, 8.75, 11.75, 9.25], "texture": "#0"},
				"south": {"uv": [14.25, 8.75, 14.75, 9.25], "texture": "#0"},
				"west": {"uv": [12.25, 8.75, 14.25, 9.25], "texture": "#0"},
				"up": {"uv": [12.25, 8.75, 11.75, 6.75], "texture": "#0"},
				"down": {"uv": [12.75, 6.75, 12.25, 8.75], "texture": "#0"}
			}
		},
		{
			"from": [5.775, 3.325, 5.775],
			"to": [10.375, 12.525, 10.375],
			"rotation": {"angle": 0, "axis": "y", "origin": [8.075, 7.925, 12.675]},
			"faces": {
				"north": {"uv": [1.75, 12.25, 2.75, 14.25], "texture": "#0"},
				"east": {"uv": [0.75, 12.25, 1.75, 14.25], "texture": "#0"},
				"south": {"uv": [3.75, 12.25, 4.75, 14.25], "texture": "#0"},
				"west": {"uv": [2.75, 12.25, 3.75, 14.25], "texture": "#0"},
				"up": {"uv": [2.75, 12.25, 1.75, 11.25], "texture": "#0"},
				"down": {"uv": [3.75, 11.25, 2.75, 12.25], "texture": "#0"}
			}
		},
		{
			"from": [6.6375, 3.2675, 6.6375],
			"to": [9.5125, 12.5825, 9.5125],
			"rotation": {"angle": 0, "axis": "y", "origin": [8.075, 7.925, 12.675]},
			"faces": {
				"north": {"uv": [10.25, 7.25, 10.75, 9.25], "texture": "#0"},
				"east": {"uv": [9.75, 7.25, 10.25, 9.25], "texture": "#0"},
				"south": {"uv": [11.25, 7.25, 11.75, 9.25], "texture": "#0"},
				"west": {"uv": [10.75, 7.25, 11.25, 9.25], "texture": "#0"},
				"up": {"uv": [10.75, 7.25, 10.25, 6.75], "texture": "#0"},
				"down": {"uv": [11.25, 6.75, 10.75, 7.25], "texture": "#0"}
			}
		},
		{
			"from": [5.4875, 3.3825, 5.4875],
			"to": [10.6625, 12.4675, 10.6625],
			"rotation": {"angle": 0, "axis": "y", "origin": [8.075, 7.925, 12.675]},
			"faces": {
				"north": {"uv": [10.5, 1.25, 11.5, 3], "texture": "#0"},
				"east": {"uv": [9.5, 1.25, 10.5, 3], "texture": "#0"},
				"south": {"uv": [12.5, 1.25, 13.5, 3], "texture": "#0"},
				"west": {"uv": [11.5, 1.25, 12.5, 3], "texture": "#0"},
				"up": {"uv": [11.5, 1.25, 10.5, 0.25], "texture": "#0"},
				"down": {"uv": [12.5, 0.25, 11.5, 1.25], "texture": "#0"}
			}
		}
	],
	"display": {
		"thirdperson_righthand": {
			"scale": [0.5, 0.5, 0.5]
		},
		"thirdperson_lefthand": {
			"scale": [0.5, 0.5, 0.5]
		},
		"head": {
			"translation": [0, -14, 0],
			"scale": [4, 4, 4]
		}
	},
	"groups": [
		{
			"name": "group",
			"origin": [8, 8, 8],
			"color": 0,
			"children": [
				0,
				1,
				2,
				3,
				4,
				5,
				6,
				7,
				8,
				9,
				10,
				11,
				12,
				13,
				14,
				15,
				16,
				17,
				18,
				19,
				20,
				21,
				22,
				23,
				24,
				25,
				26,
				27,
				28,
				29,
				30,
				31,
				32,
				33,
				34,
				35,
				36,
				37,
				38,
				39,
				40,
				41,
				42,
				43,
				44,
				45,
				46,
				47,
				48,
				49,
				50,
				51,
				52
			]
		},
		{
			"name": "group",
			"origin": [3.95, 6.75, 6.75],
			"color": 0,
			"children": [53, 54, 55, 56, 57, 58, 59, 60, 61]
		},
		{
			"name": "group",
			"origin": [3.95, 6.75, 6.75],
			"color": 0,
			"children": [62, 63, 64, 65, 66, 67]
		}
	]
}