{
	"credit": "Made with Blockbench",
	"ambientocclusion": false,
	"textures": {
		"4": "cnp:item/tx/fy/0",
		"particle": "cnp:item/tx/fy/0"
	},
	"elements": [
		{
			"from": [0, 0, 8],
			"to": [16, 16, 8],
			"rotation": {"angle": 0, "axis": "y", "origin": [4, 4, 8]},
			"faces": {
				"north": {"uv": [0, 0, 16, 16], "texture": "#4"},
				"east": {"uv": [0, 0, 0, 8], "texture": "#4"},
				"south": {"uv": [0, 0, 16, 16], "texture": "#4"},
				"west": {"uv": [0, 0, 0, 8], "texture": "#4"},
				"up": {"uv": [0, 0, 8, 0], "texture": "#4"},
				"down": {"uv": [0, 0, 8, 0], "texture": "#4"}
			}
		}
	],
	"display": {
		"head": {
			"translation": [0, -1, 0],
			"scale": [3, 3, 3]
		}
	}
}