{
    "function": "set_written_book_pages",
    "mode": "append",
    "pages": [
        [
            "",
            {
                "translate": "uhc.menu.title.extra",
                "fallback": "ᴅᴇᴛᴀɪʟ sᴇᴛᴛɪɴɢ",
                "bold": true
            },
            "\n\n",
            {
                "text": "",
                "extra": [
                    {
                        "color":"dark_green",
                        "storage":"focal:uhc",
                        "nbt":"STG.SC"
                    },
                    " ",
                    {
                        "translate": "uhc.menu.yb",
                        "fallback": "Vertical Border"
                    }
                ],
                "clickEvent": {
                    "action": "run_command",
                    "value": "say triggering border setup"
                },
                "hoverEvent": {
                    "action": "show_text",
                    "contents": {
                        "translate": "uhc.menu.yb.desc",
                        "fallback": "Click to enable/disable stuffs"
                    }
                }
            },
            "\n\n",
            {
                "text": "Start Time < >",
                "hoverEvent": {
                    "action": "show_text",
                    "contents": {
                        "text": "Bounded by Final Phase\nIf enabled"
                    }
                }
            }, "\n",
            {
                "text": "Upper Bound < >"
            }, "\n",
            {
                "text": "Lower Bound < >"
            }
        ]
    ]
}