{
	"credit": "Made with Blockbench",
	"texture_size": [64, 64],
	"textures": {
		"1": "custom_mobs/purple_gremling_body"
	},
	"elements": [
		{
			"from": [4, 1, 4],
			"to": [12, 9, 12],
			"rotation": {"angle": 0, "axis": "y", "origin": [2, 0, -3]},
			"faces": {
				"north": {"uv": [2, 0, 4, 2], "texture": "#1"},
				"east": {"uv": [2, 2, 4, 4], "texture": "#1"},
				"south": {"uv": [0, 2.25, 2, 4.25], "texture": "#1"},
				"west": {"uv": [4, 0, 6, 2], "texture": "#1"},
				"up": {"uv": [4, 6, 2, 4], "texture": "#1"},
				"down": {"uv": [6, 2, 4, 4], "texture": "#1"}
			}
		},
		{
			"name": "eyes",
			"from": [6, 3, 3.5],
			"to": [10, 6, 3],
			"rotation": {"angle": 0, "axis": "y", "origin": [2, 0, -3]},
			"faces": {
				"north": {"uv": [4.75, 6.25, 5.75, 7], "texture": "#1"},
				"east": {"uv": [0, 8.75, 0.25, 9.5], "texture": "#1"},
				"west": {"uv": [0.25, 8.75, 0.5, 9.5], "texture": "#1"},
				"up": {"uv": [5.75, 7.25, 4.75, 7], "texture": "#1"},
				"down": {"uv": [5.75, 7.25, 4.75, 7.5], "texture": "#1"}
			}
		},
		{
			"from": [5, 2, 3],
			"to": [11, 7, 4],
			"rotation": {"angle": 0, "axis": "y", "origin": [2, 0, -3]},
			"faces": {
				"north": {"uv": [7.5, 1.5, 9, 2.75], "texture": "#1"},
				"east": {"uv": [1.75, 4.25, 2, 5.5], "texture": "#1"},
				"south": {"uv": [7.5, 2.75, 9, 4], "texture": "#1"},
				"west": {"uv": [1.5, 6.25, 1.75, 7.5], "texture": "#1"},
				"up": {"uv": [9.25, 8.75, 7.75, 8.5], "texture": "#1"},
				"down": {"uv": [6.25, 8.75, 4.75, 9], "texture": "#1"}
			}
		},
		{
			"from": [3, 7, 2],
			"to": [9, 10, 7],
			"rotation": {"angle": 0, "axis": "y", "origin": [2, 0, -3]},
			"faces": {
				"north": {"uv": [6, 3.25, 7.5, 4], "texture": "#1"},
				"east": {"uv": [7.75, 7.75, 9, 8.5], "texture": "#1"},
				"south": {"uv": [7.75, 7, 9.25, 7.75], "texture": "#1"},
				"west": {"uv": [0, 8, 1.25, 8.75], "texture": "#1"},
				"up": {"uv": [9, 5.25, 7.5, 4], "texture": "#1"},
				"down": {"uv": [6.25, 7.5, 4.75, 8.75], "texture": "#1"}
			}
		},
		{
			"from": [2.75, 6.75, 1.75],
			"to": [9.25, 10.25, 7.25],
			"rotation": {"angle": 0, "axis": "y", "origin": [2, 0, -3]},
			"faces": {
				"north": {"uv": [7.5, 5.25, 9.25, 6.25], "texture": "#1"},
				"east": {"uv": [6.25, 7.5, 7.75, 8.5], "texture": "#1"},
				"west": {"uv": [6.25, 7.5, 7.75, 8.5], "texture": "#1"},
				"up": {"uv": [7.75, 1.5, 6, 0], "texture": "#1"}
			}
		},
		{
			"from": [2.75, 10.25, 1.75],
			"to": [9.25, 11.75, 7.25],
			"rotation": {"angle": 0, "axis": "y", "origin": [2, 0, -3]},
			"faces": {
				"north": {"uv": [1.25, 8.5, 3, 9], "texture": "#1"},
				"east": {"uv": [6.25, 8.5, 7.75, 9], "texture": "#1"},
				"south": {"uv": [3, 8.5, 4.75, 9], "texture": "#1"},
				"west": {"uv": [6.25, 8.5, 7.75, 9], "texture": "#1"}
			}
		},
		{
			"from": [7, 4, 6],
			"to": [13, 11, 13],
			"rotation": {"angle": 0, "axis": "y", "origin": [2, 0, -3]},
			"faces": {
				"north": {"uv": [6, 1.5, 7.5, 3.25], "texture": "#1"},
				"east": {"uv": [5.75, 4, 7.5, 5.75], "texture": "#1"},
				"south": {"uv": [1.75, 6, 3.25, 7.75], "texture": "#1"},
				"west": {"uv": [5.75, 5.75, 7.5, 7.5], "texture": "#1"},
				"up": {"uv": [1.5, 8, 0, 6.25], "texture": "#1"},
				"down": {"uv": [4.75, 6.25, 3.25, 8], "texture": "#1"}
			}
		},
		{
			"from": [6.75, 2.75, 5.75],
			"to": [13.25, 11.25, 13.25],
			"rotation": {"angle": 0, "axis": "y", "origin": [2, 0, -3]},
			"faces": {
				"east": {"uv": [0, 0, 2, 2.25], "texture": "#1"},
				"south": {"uv": [4, 4, 5.75, 6.25], "texture": "#1"},
				"west": {"uv": [9, 1.5, 11, 3.75], "texture": "#1"},
				"up": {"uv": [1.75, 6.25, 0, 4.25], "texture": "#1"}
			}
		},
		{
			"from": [6.75, 11.25, 5.75],
			"to": [13.25, 13.75, 13.25],
			"rotation": {"angle": 0, "axis": "y", "origin": [2, 0, -3]},
			"faces": {
				"north": {"uv": [7.75, 0.75, 9.5, 1.5], "texture": "#1"},
				"east": {"uv": [7.5, 6.25, 9.5, 7], "texture": "#1"},
				"south": {"uv": [1.5, 7.75, 3.25, 8.5], "texture": "#1"},
				"west": {"uv": [7.75, 0, 9.75, 0.75], "texture": "#1"}
			}
		}
	],
	"display": {
		"head": {
			"rotation": [-1, -1, 0],
			"translation": [0, -2, 0],
			"scale": [1.7, 1.7, 1.7]
		}
	}
}