{
	"credit": "Made with Blockbench",
	"texture_size": [64, 64],
	"textures": {
		"0": "custom_mobs/purple_gremling_body",
		"particle": "custom_mobs/purple_gremling_body"
	},
	"elements": [
		{
			"from": [6, 0, 6],
			"to": [10, 6, 10],
			"rotation": {"angle": 0, "axis": "y", "origin": [2, 0, -3]},
			"faces": {
				"north": {"uv": [4.5, 2.5, 5.5, 4], "rotation": 180, "texture": "#0"},
				"east": {"uv": [0, 9.5, 1, 11], "texture": "#0"},
				"south": {"uv": [1, 9.5, 2, 11], "texture": "#0"},
				"west": {"uv": [0, 3.5, 1, 5], "texture": "#0"},
				"up": {"uv": [1, 11, 2, 12], "texture": "#0"},
				"down": {"uv": [0, 11, 1, 12], "texture": "#0"}
			}
		}
	],
	"display": {
		"head": {
			"rotation": [-1, -1, 0],
			"translation": [0, -2, 0],
			"scale": [1.7, 1.7, 1.7]
		}
	}
}