{
	"credit": "Made with Blockbench",
	"texture_size": [64, 64],
	"textures": {
		"0": "custom_mobs/stone_gremling_body_dmg",
		"particle": "custom_mobs/stone_gremling_body_dmg"
	},
	"elements": [
		{
			"from": [6, 0, 6],
			"to": [10, 6, 10],
			"rotation": {"angle": 0, "axis": "y", "origin": [2, 0, -3]},
			"faces": {
				"north": {"uv": [5.75, 1.5, 6.75, 3], "texture": "#0"},
				"east": {"uv": [2, 3, 4, 5], "texture": "#0"},
				"south": {"uv": [7, 2.25, 8, 3.75], "texture": "#0"},
				"west": {"uv": [0, 3.5, 1, 5], "texture": "#0"},
				"up": {"uv": [6.25, 5, 5.25, 4], "texture": "#0"},
				"down": {"uv": [2.75, 5.25, 1.75, 4.25], "texture": "#0"}
			}
		}
	],
	"display": {
		"head": {
			"rotation": [-1, -1, 0],
			"translation": [0, -2, 0],
			"scale": [1.7, 1.7, 1.7]
		}
	}
}