{
	"credit": "Made with Blockbench",
	"textures": {
		"0": "cnp:item/dlc/dlc0/27/pp1",
		"particle": "cnp:item/dlc/dlc0/27/pp1"
	},
	"elements": [
		{
			"from": [7, 7, 7],
			"to": [9, 9, 9],
			"rotation": {"angle": 0, "axis": "y", "origin": [7, 7, 7]},
			"faces": {
				"north": {"uv": [0, 0, 2, 2], "texture": "#0"},
				"east": {"uv": [0, 2, 2, 4], "texture": "#0"},
				"south": {"uv": [2, 0, 4, 2], "texture": "#0"},
				"west": {"uv": [2, 2, 4, 4], "texture": "#0"},
				"up": {"uv": [2, 6, 0, 4], "texture": "#0"},
				"down": {"uv": [6, 0, 4, 2], "texture": "#0"}
			}
		},
		{
			"from": [7, 7, 7],
			"to": [9, 9, 9],
			"rotation": {"angle": -45, "axis": "y", "origin": [8, 8, 8]},
			"faces": {
				"north": {"uv": [2, 6, 4, 8], "texture": "#0"},
				"east": {"uv": [2, 8, 4, 10], "texture": "#0"},
				"south": {"uv": [0, 6, 2, 8], "texture": "#0"},
				"west": {"uv": [0, 8, 2, 10], "texture": "#0"},
				"up": {"uv": [2, 12, 0, 10], "rotation": 180, "texture": "#0"},
				"down": {"uv": [6, 6, 4, 8], "rotation": 180, "texture": "#0"}
			}
		},
		{
			"from": [4.25, 8, 4.25],
			"to": [11.75, 8, 11.75],
			"rotation": {"angle": 45, "axis": "y", "origin": [8, 8, 8]},
			"faces": {
				"north": {"uv": [0, 0, 4, 0], "texture": "#0"},
				"east": {"uv": [0, 0, 4, 0], "texture": "#0"},
				"south": {"uv": [0, 0, 4, 0], "texture": "#0"},
				"west": {"uv": [0, 0, 4, 0], "texture": "#0"},
				"up": {"uv": [6, 0, 14, 8], "rotation": 270, "texture": "#0"},
				"down": {"uv": [6, 0, 14, 8], "rotation": 90, "texture": "#0"}
			}
		},
		{
			"from": [5.5, 8.25, 5.5],
			"to": [10.5, 8.25, 10.5],
			"rotation": {"angle": 22.5, "axis": "y", "origin": [8, 8.25, 8]},
			"faces": {
				"north": {"uv": [0, 0, 4, 0], "texture": "#0"},
				"east": {"uv": [0, 0, 4, 0], "texture": "#0"},
				"south": {"uv": [0, 0, 4, 0], "texture": "#0"},
				"west": {"uv": [0, 0, 4, 0], "texture": "#0"},
				"up": {"uv": [6, 0, 14, 8], "rotation": 180, "texture": "#0"},
				"down": {"uv": [6, 0, 14, 8], "rotation": 180, "texture": "#0"}
			}
		},
		{
			"from": [5.5, 7.75, 5.5],
			"to": [10.5, 7.75, 10.5],
			"rotation": {"angle": -22.5, "axis": "y", "origin": [8, 7.75, 8]},
			"faces": {
				"north": {"uv": [0, 0, 4, 0], "texture": "#0"},
				"east": {"uv": [0, 0, 4, 0], "texture": "#0"},
				"south": {"uv": [0, 0, 4, 0], "texture": "#0"},
				"west": {"uv": [0, 0, 4, 0], "texture": "#0"},
				"up": {"uv": [6, 0, 14, 8], "rotation": 90, "texture": "#0"},
				"down": {"uv": [6, 0, 14, 8], "rotation": 270, "texture": "#0"}
			}
		},
		{
			"from": [4.25, 8, 4.25],
			"to": [11.75, 8, 11.75],
			"rotation": {"angle": 0, "axis": "y", "origin": [8, 8, 8]},
			"faces": {
				"north": {"uv": [0, 0, 4, 0], "texture": "#0"},
				"east": {"uv": [0, 0, 4, 0], "texture": "#0"},
				"south": {"uv": [0, 0, 4, 0], "texture": "#0"},
				"west": {"uv": [0, 0, 4, 0], "texture": "#0"},
				"up": {"uv": [6, 8, 14, 16], "texture": "#0"},
				"down": {"uv": [6, 8, 14, 16], "texture": "#0"}
			}
		},
		{
			"from": [5.5, 7.75, 5.5],
			"to": [10.5, 7.75, 10.5],
			"rotation": {"angle": 22.5, "axis": "y", "origin": [8, 7.75, 8]},
			"faces": {
				"north": {"uv": [0, 0, 4, 0], "texture": "#0"},
				"east": {"uv": [0, 0, 4, 0], "texture": "#0"},
				"south": {"uv": [0, 0, 4, 0], "texture": "#0"},
				"west": {"uv": [0, 0, 4, 0], "texture": "#0"},
				"up": {"uv": [6, 8, 14, 16], "texture": "#0"},
				"down": {"uv": [6, 8, 14, 16], "texture": "#0"}
			}
		},
		{
			"from": [5.5, 8.25, 5.5],
			"to": [10.5, 8.25, 10.5],
			"rotation": {"angle": -22.5, "axis": "y", "origin": [8, 8.25, 8]},
			"faces": {
				"north": {"uv": [0, 0, 4, 0], "texture": "#0"},
				"east": {"uv": [0, 0, 4, 0], "texture": "#0"},
				"south": {"uv": [0, 0, 4, 0], "texture": "#0"},
				"west": {"uv": [0, 0, 4, 0], "texture": "#0"},
				"up": {"uv": [6, 8, 14, 16], "rotation": 270, "texture": "#0"},
				"down": {"uv": [6, 8, 14, 16], "rotation": 90, "texture": "#0"}
			}
		}
	],
	"display": {
		"head": {
			"scale": [1.5, 1.5, 1.5]
		}
	},
	"groups": [
		0,
		1,
		{
			"name": "group",
			"origin": [8, 8, 8],
			"color": 0,
			"nbt": "{}",
			"children": [
				{
					"name": "group",
					"origin": [8, 8, 8],
					"color": 0,
					"nbt": "{}",
					"children": [2, 3, 4]
				},
				{
					"name": "group",
					"origin": [8, 8, 8],
					"color": 0,
					"nbt": "{}",
					"children": [5, 6, 7]
				}
			]
		}
	]
}