{
	"credit": "Made with Blockbench",
	"textures": {
		"0": "cnp:item/dlc/dlc0/27/pp1",
		"particle": "cnp:item/dlc/dlc0/27/pp1"
	},
	"elements": [
		{
			"from": [-1.81244, 0.43274, 7],
			"to": [0.18756, 2.43274, 9],
			"rotation": {"angle": 22.5, "axis": "x", "origin": [-1.08968, 1.70151, 8]},
			"faces": {
				"north": {"uv": [0, 0, 2, 2], "texture": "#0"},
				"east": {"uv": [0, 2, 2, 4], "texture": "#0"},
				"south": {"uv": [2, 0, 4, 2], "texture": "#0"},
				"west": {"uv": [2, 2, 4, 4], "texture": "#0"},
				"up": {"uv": [2, 6, 0, 4], "texture": "#0"},
				"down": {"uv": [6, 0, 4, 2], "texture": "#0"}
			}
		},
		{
			"from": [-2.27124, 0.7393, 7],
			"to": [-0.27124, 2.7393, 9],
			"rotation": {"angle": 22.5, "axis": "x", "origin": [-1.08968, 1.70151, 8]},
			"faces": {
				"north": {"uv": [2, 6, 4, 8], "texture": "#0"},
				"east": {"uv": [2, 8, 4, 10], "texture": "#0"},
				"south": {"uv": [0, 6, 2, 8], "texture": "#0"},
				"west": {"uv": [0, 8, 2, 10], "texture": "#0"},
				"up": {"uv": [2, 12, 0, 10], "rotation": 180, "texture": "#0"},
				"down": {"uv": [6, 6, 4, 8], "rotation": 180, "texture": "#0"}
			}
		},
		{
			"from": [-5.02124, 1.7393, 4.25],
			"to": [2.47876, 1.7393, 11.75],
			"rotation": {"angle": 22.5, "axis": "x", "origin": [-1.08968, 1.70151, 8]},
			"faces": {
				"north": {"uv": [0, 0, 4, 0], "texture": "#0"},
				"east": {"uv": [0, 0, 4, 0], "texture": "#0"},
				"south": {"uv": [0, 0, 4, 0], "texture": "#0"},
				"west": {"uv": [0, 0, 4, 0], "texture": "#0"},
				"up": {"uv": [6, 0, 14, 8], "rotation": 270, "texture": "#0"},
				"down": {"uv": [6, 0, 14, 8], "rotation": 90, "texture": "#0"}
			}
		},
		{
			"from": [-3.86691, 1.97027, 5.5],
			"to": [1.13309, 1.97027, 10.5],
			"rotation": {"angle": 22.5, "axis": "x", "origin": [-1.08968, 1.70151, 8]},
			"faces": {
				"north": {"uv": [0, 0, 4, 0], "texture": "#0"},
				"east": {"uv": [0, 0, 4, 0], "texture": "#0"},
				"south": {"uv": [0, 0, 4, 0], "texture": "#0"},
				"west": {"uv": [0, 0, 4, 0], "texture": "#0"},
				"up": {"uv": [6, 0, 14, 8], "rotation": 180, "texture": "#0"},
				"down": {"uv": [6, 0, 14, 8], "rotation": 180, "texture": "#0"}
			}
		},
		{
			"from": [-3.67557, 1.50833, 5.5],
			"to": [1.32443, 1.50833, 10.5],
			"rotation": {"angle": 22.5, "axis": "x", "origin": [-1.08968, 1.70151, 8]},
			"faces": {
				"north": {"uv": [0, 0, 4, 0], "texture": "#0"},
				"east": {"uv": [0, 0, 4, 0], "texture": "#0"},
				"south": {"uv": [0, 0, 4, 0], "texture": "#0"},
				"west": {"uv": [0, 0, 4, 0], "texture": "#0"},
				"up": {"uv": [6, 0, 14, 8], "rotation": 90, "texture": "#0"},
				"down": {"uv": [6, 0, 14, 8], "rotation": 270, "texture": "#0"}
			}
		},
		{
			"from": [-5.02124, 1.7393, 4.25],
			"to": [2.47876, 1.7393, 11.75],
			"rotation": {"angle": 22.5, "axis": "x", "origin": [-1.08968, 1.70151, 8]},
			"faces": {
				"north": {"uv": [0, 0, 4, 0], "texture": "#0"},
				"east": {"uv": [0, 0, 4, 0], "texture": "#0"},
				"south": {"uv": [0, 0, 4, 0], "texture": "#0"},
				"west": {"uv": [0, 0, 4, 0], "texture": "#0"},
				"up": {"uv": [6, 8, 14, 16], "texture": "#0"},
				"down": {"uv": [6, 8, 14, 16], "texture": "#0"}
			}
		},
		{
			"from": [-3.67557, 1.50833, 5.5],
			"to": [1.32443, 1.50833, 10.5],
			"rotation": {"angle": 22.5, "axis": "x", "origin": [-1.08968, 1.70151, 8]},
			"faces": {
				"north": {"uv": [0, 0, 4, 0], "texture": "#0"},
				"east": {"uv": [0, 0, 4, 0], "texture": "#0"},
				"south": {"uv": [0, 0, 4, 0], "texture": "#0"},
				"west": {"uv": [0, 0, 4, 0], "texture": "#0"},
				"up": {"uv": [6, 8, 14, 16], "texture": "#0"},
				"down": {"uv": [6, 8, 14, 16], "texture": "#0"}
			}
		},
		{
			"from": [-3.86691, 1.97027, 5.5],
			"to": [1.13309, 1.97027, 10.5],
			"rotation": {"angle": 22.5, "axis": "x", "origin": [-1.08968, 1.70151, 8]},
			"faces": {
				"north": {"uv": [0, 0, 4, 0], "texture": "#0"},
				"east": {"uv": [0, 0, 4, 0], "texture": "#0"},
				"south": {"uv": [0, 0, 4, 0], "texture": "#0"},
				"west": {"uv": [0, 0, 4, 0], "texture": "#0"},
				"up": {"uv": [6, 8, 14, 16], "rotation": 270, "texture": "#0"},
				"down": {"uv": [6, 8, 14, 16], "rotation": 90, "texture": "#0"}
			}
		},
		{
			"from": [-2.81244, 8.43274, 7],
			"to": [-0.81244, 10.43274, 9],
			"rotation": {"angle": 22.5, "axis": "z", "origin": [-2.08968, 9.70151, 8]},
			"faces": {
				"north": {"uv": [0, 0, 2, 2], "texture": "#0"},
				"east": {"uv": [0, 2, 2, 4], "texture": "#0"},
				"south": {"uv": [2, 0, 4, 2], "texture": "#0"},
				"west": {"uv": [2, 2, 4, 4], "texture": "#0"},
				"up": {"uv": [2, 6, 0, 4], "texture": "#0"},
				"down": {"uv": [6, 0, 4, 2], "texture": "#0"}
			}
		},
		{
			"from": [-3.27124, 8.7393, 7],
			"to": [-1.27124, 10.7393, 9],
			"rotation": {"angle": 22.5, "axis": "z", "origin": [-2.08968, 9.70151, 8]},
			"faces": {
				"north": {"uv": [2, 6, 4, 8], "texture": "#0"},
				"east": {"uv": [2, 8, 4, 10], "texture": "#0"},
				"south": {"uv": [0, 6, 2, 8], "texture": "#0"},
				"west": {"uv": [0, 8, 2, 10], "texture": "#0"},
				"up": {"uv": [2, 12, 0, 10], "rotation": 180, "texture": "#0"},
				"down": {"uv": [6, 6, 4, 8], "rotation": 180, "texture": "#0"}
			}
		},
		{
			"from": [-6.02124, 9.7393, 4.25],
			"to": [1.47876, 9.7393, 11.75],
			"rotation": {"angle": 22.5, "axis": "z", "origin": [-2.08968, 9.70151, 8]},
			"faces": {
				"north": {"uv": [0, 0, 4, 0], "texture": "#0"},
				"east": {"uv": [0, 0, 4, 0], "texture": "#0"},
				"south": {"uv": [0, 0, 4, 0], "texture": "#0"},
				"west": {"uv": [0, 0, 4, 0], "texture": "#0"},
				"up": {"uv": [6, 0, 14, 8], "rotation": 270, "texture": "#0"},
				"down": {"uv": [6, 0, 14, 8], "rotation": 90, "texture": "#0"}
			}
		},
		{
			"from": [-4.86691, 9.97027, 5.5],
			"to": [0.13309, 9.97027, 10.5],
			"rotation": {"angle": 22.5, "axis": "z", "origin": [-2.08968, 9.70151, 8]},
			"faces": {
				"north": {"uv": [0, 0, 4, 0], "texture": "#0"},
				"east": {"uv": [0, 0, 4, 0], "texture": "#0"},
				"south": {"uv": [0, 0, 4, 0], "texture": "#0"},
				"west": {"uv": [0, 0, 4, 0], "texture": "#0"},
				"up": {"uv": [6, 0, 14, 8], "rotation": 180, "texture": "#0"},
				"down": {"uv": [6, 0, 14, 8], "rotation": 180, "texture": "#0"}
			}
		},
		{
			"from": [-4.67557, 9.50833, 5.5],
			"to": [0.32443, 9.50833, 10.5],
			"rotation": {"angle": 22.5, "axis": "z", "origin": [-2.08968, 9.70151, 8]},
			"faces": {
				"north": {"uv": [0, 0, 4, 0], "texture": "#0"},
				"east": {"uv": [0, 0, 4, 0], "texture": "#0"},
				"south": {"uv": [0, 0, 4, 0], "texture": "#0"},
				"west": {"uv": [0, 0, 4, 0], "texture": "#0"},
				"up": {"uv": [6, 0, 14, 8], "rotation": 90, "texture": "#0"},
				"down": {"uv": [6, 0, 14, 8], "rotation": 270, "texture": "#0"}
			}
		},
		{
			"from": [-6.02124, 9.7393, 4.25],
			"to": [1.47876, 9.7393, 11.75],
			"rotation": {"angle": 22.5, "axis": "z", "origin": [-2.08968, 9.70151, 8]},
			"faces": {
				"north": {"uv": [0, 0, 4, 0], "texture": "#0"},
				"east": {"uv": [0, 0, 4, 0], "texture": "#0"},
				"south": {"uv": [0, 0, 4, 0], "texture": "#0"},
				"west": {"uv": [0, 0, 4, 0], "texture": "#0"},
				"up": {"uv": [6, 8, 14, 16], "texture": "#0"},
				"down": {"uv": [6, 8, 14, 16], "texture": "#0"}
			}
		},
		{
			"from": [-4.67557, 9.50833, 5.5],
			"to": [0.32443, 9.50833, 10.5],
			"rotation": {"angle": 22.5, "axis": "z", "origin": [-2.08968, 9.70151, 8]},
			"faces": {
				"north": {"uv": [0, 0, 4, 0], "texture": "#0"},
				"east": {"uv": [0, 0, 4, 0], "texture": "#0"},
				"south": {"uv": [0, 0, 4, 0], "texture": "#0"},
				"west": {"uv": [0, 0, 4, 0], "texture": "#0"},
				"up": {"uv": [6, 8, 14, 16], "texture": "#0"},
				"down": {"uv": [6, 8, 14, 16], "texture": "#0"}
			}
		},
		{
			"from": [-4.86691, 9.97027, 5.5],
			"to": [0.13309, 9.97027, 10.5],
			"rotation": {"angle": 22.5, "axis": "z", "origin": [-2.08968, 9.70151, 8]},
			"faces": {
				"north": {"uv": [0, 0, 4, 0], "texture": "#0"},
				"east": {"uv": [0, 0, 4, 0], "texture": "#0"},
				"south": {"uv": [0, 0, 4, 0], "texture": "#0"},
				"west": {"uv": [0, 0, 4, 0], "texture": "#0"},
				"up": {"uv": [6, 8, 14, 16], "rotation": 270, "texture": "#0"},
				"down": {"uv": [6, 8, 14, 16], "rotation": 90, "texture": "#0"}
			}
		},
		{
			"from": [2.18756, 16.43274, 7],
			"to": [4.18756, 18.43274, 9],
			"rotation": {"angle": -22.5, "axis": "x", "origin": [2.91032, 17.70151, 8]},
			"faces": {
				"north": {"uv": [0, 0, 2, 2], "texture": "#0"},
				"east": {"uv": [0, 2, 2, 4], "texture": "#0"},
				"south": {"uv": [2, 0, 4, 2], "texture": "#0"},
				"west": {"uv": [2, 2, 4, 4], "texture": "#0"},
				"up": {"uv": [2, 6, 0, 4], "texture": "#0"},
				"down": {"uv": [6, 0, 4, 2], "texture": "#0"}
			}
		},
		{
			"from": [1.72876, 16.7393, 7],
			"to": [3.72876, 18.7393, 9],
			"rotation": {"angle": -22.5, "axis": "x", "origin": [2.91032, 17.70151, 8]},
			"faces": {
				"north": {"uv": [2, 6, 4, 8], "texture": "#0"},
				"east": {"uv": [2, 8, 4, 10], "texture": "#0"},
				"south": {"uv": [0, 6, 2, 8], "texture": "#0"},
				"west": {"uv": [0, 8, 2, 10], "texture": "#0"},
				"up": {"uv": [2, 12, 0, 10], "rotation": 180, "texture": "#0"},
				"down": {"uv": [6, 6, 4, 8], "rotation": 180, "texture": "#0"}
			}
		},
		{
			"from": [-1.02124, 17.7393, 4.25],
			"to": [6.47876, 17.7393, 11.75],
			"rotation": {"angle": -22.5, "axis": "x", "origin": [2.91032, 17.70151, 8]},
			"faces": {
				"north": {"uv": [0, 0, 4, 0], "texture": "#0"},
				"east": {"uv": [0, 0, 4, 0], "texture": "#0"},
				"south": {"uv": [0, 0, 4, 0], "texture": "#0"},
				"west": {"uv": [0, 0, 4, 0], "texture": "#0"},
				"up": {"uv": [6, 0, 14, 8], "rotation": 270, "texture": "#0"},
				"down": {"uv": [6, 0, 14, 8], "rotation": 90, "texture": "#0"}
			}
		},
		{
			"from": [0.13309, 17.97027, 5.5],
			"to": [5.13309, 17.97027, 10.5],
			"rotation": {"angle": -22.5, "axis": "x", "origin": [2.91032, 17.70151, 8]},
			"faces": {
				"north": {"uv": [0, 0, 4, 0], "texture": "#0"},
				"east": {"uv": [0, 0, 4, 0], "texture": "#0"},
				"south": {"uv": [0, 0, 4, 0], "texture": "#0"},
				"west": {"uv": [0, 0, 4, 0], "texture": "#0"},
				"up": {"uv": [6, 0, 14, 8], "rotation": 180, "texture": "#0"},
				"down": {"uv": [6, 0, 14, 8], "rotation": 180, "texture": "#0"}
			}
		},
		{
			"from": [0.32443, 17.50833, 5.5],
			"to": [5.32443, 17.50833, 10.5],
			"rotation": {"angle": -22.5, "axis": "x", "origin": [2.91032, 17.70151, 8]},
			"faces": {
				"north": {"uv": [0, 0, 4, 0], "texture": "#0"},
				"east": {"uv": [0, 0, 4, 0], "texture": "#0"},
				"south": {"uv": [0, 0, 4, 0], "texture": "#0"},
				"west": {"uv": [0, 0, 4, 0], "texture": "#0"},
				"up": {"uv": [6, 0, 14, 8], "rotation": 90, "texture": "#0"},
				"down": {"uv": [6, 0, 14, 8], "rotation": 270, "texture": "#0"}
			}
		},
		{
			"from": [-1.02124, 17.7393, 4.25],
			"to": [6.47876, 17.7393, 11.75],
			"rotation": {"angle": -22.5, "axis": "x", "origin": [2.91032, 17.70151, 8]},
			"faces": {
				"north": {"uv": [0, 0, 4, 0], "texture": "#0"},
				"east": {"uv": [0, 0, 4, 0], "texture": "#0"},
				"south": {"uv": [0, 0, 4, 0], "texture": "#0"},
				"west": {"uv": [0, 0, 4, 0], "texture": "#0"},
				"up": {"uv": [6, 8, 14, 16], "texture": "#0"},
				"down": {"uv": [6, 8, 14, 16], "texture": "#0"}
			}
		},
		{
			"from": [0.32443, 17.50833, 5.5],
			"to": [5.32443, 17.50833, 10.5],
			"rotation": {"angle": -22.5, "axis": "x", "origin": [2.91032, 17.70151, 8]},
			"faces": {
				"north": {"uv": [0, 0, 4, 0], "texture": "#0"},
				"east": {"uv": [0, 0, 4, 0], "texture": "#0"},
				"south": {"uv": [0, 0, 4, 0], "texture": "#0"},
				"west": {"uv": [0, 0, 4, 0], "texture": "#0"},
				"up": {"uv": [6, 8, 14, 16], "texture": "#0"},
				"down": {"uv": [6, 8, 14, 16], "texture": "#0"}
			}
		},
		{
			"from": [0.13309, 17.97027, 5.5],
			"to": [5.13309, 17.97027, 10.5],
			"rotation": {"angle": -22.5, "axis": "x", "origin": [2.91032, 17.70151, 8]},
			"faces": {
				"north": {"uv": [0, 0, 4, 0], "texture": "#0"},
				"east": {"uv": [0, 0, 4, 0], "texture": "#0"},
				"south": {"uv": [0, 0, 4, 0], "texture": "#0"},
				"west": {"uv": [0, 0, 4, 0], "texture": "#0"},
				"up": {"uv": [6, 8, 14, 16], "rotation": 270, "texture": "#0"},
				"down": {"uv": [6, 8, 14, 16], "rotation": 90, "texture": "#0"}
			}
		},
		{
			"from": [18, 11, 7],
			"to": [20, 13, 9],
			"rotation": {"angle": -22.5, "axis": "z", "origin": [18, 11, 7]},
			"faces": {
				"north": {"uv": [0, 0, 2, 2], "texture": "#0"},
				"east": {"uv": [0, 2, 2, 4], "texture": "#0"},
				"south": {"uv": [2, 0, 4, 2], "texture": "#0"},
				"west": {"uv": [2, 2, 4, 4], "texture": "#0"},
				"up": {"uv": [2, 6, 0, 4], "texture": "#0"},
				"down": {"uv": [6, 0, 4, 2], "texture": "#0"}
			}
		},
		{
			"from": [18, 11, 7],
			"to": [20, 13, 9],
			"rotation": {"angle": -22.5, "axis": "z", "origin": [19, 12, 8]},
			"faces": {
				"north": {"uv": [2, 6, 4, 8], "texture": "#0"},
				"east": {"uv": [2, 8, 4, 10], "texture": "#0"},
				"south": {"uv": [0, 6, 2, 8], "texture": "#0"},
				"west": {"uv": [0, 8, 2, 10], "texture": "#0"},
				"up": {"uv": [2, 12, 0, 10], "rotation": 180, "texture": "#0"},
				"down": {"uv": [6, 6, 4, 8], "rotation": 180, "texture": "#0"}
			}
		},
		{
			"from": [15.25, 12, 4.25],
			"to": [22.75, 12, 11.75],
			"rotation": {"angle": -22.5, "axis": "z", "origin": [19, 12, 8]},
			"faces": {
				"north": {"uv": [0, 0, 4, 0], "texture": "#0"},
				"east": {"uv": [0, 0, 4, 0], "texture": "#0"},
				"south": {"uv": [0, 0, 4, 0], "texture": "#0"},
				"west": {"uv": [0, 0, 4, 0], "texture": "#0"},
				"up": {"uv": [6, 0, 14, 8], "rotation": 270, "texture": "#0"},
				"down": {"uv": [6, 0, 14, 8], "rotation": 90, "texture": "#0"}
			}
		},
		{
			"from": [16.5, 12.25, 5.5],
			"to": [21.5, 12.25, 10.5],
			"rotation": {"angle": -22.5, "axis": "z", "origin": [19, 12.25, 8]},
			"faces": {
				"north": {"uv": [0, 0, 4, 0], "texture": "#0"},
				"east": {"uv": [0, 0, 4, 0], "texture": "#0"},
				"south": {"uv": [0, 0, 4, 0], "texture": "#0"},
				"west": {"uv": [0, 0, 4, 0], "texture": "#0"},
				"up": {"uv": [6, 0, 14, 8], "rotation": 180, "texture": "#0"},
				"down": {"uv": [6, 0, 14, 8], "rotation": 180, "texture": "#0"}
			}
		},
		{
			"from": [16.5, 11.75, 5.5],
			"to": [21.5, 11.75, 10.5],
			"rotation": {"angle": -22.5, "axis": "z", "origin": [19, 11.75, 8]},
			"faces": {
				"north": {"uv": [0, 0, 4, 0], "texture": "#0"},
				"east": {"uv": [0, 0, 4, 0], "texture": "#0"},
				"south": {"uv": [0, 0, 4, 0], "texture": "#0"},
				"west": {"uv": [0, 0, 4, 0], "texture": "#0"},
				"up": {"uv": [6, 0, 14, 8], "rotation": 90, "texture": "#0"},
				"down": {"uv": [6, 0, 14, 8], "rotation": 270, "texture": "#0"}
			}
		},
		{
			"from": [15.25, 12, 4.25],
			"to": [22.75, 12, 11.75],
			"rotation": {"angle": -22.5, "axis": "z", "origin": [19, 12, 8]},
			"faces": {
				"north": {"uv": [0, 0, 4, 0], "texture": "#0"},
				"east": {"uv": [0, 0, 4, 0], "texture": "#0"},
				"south": {"uv": [0, 0, 4, 0], "texture": "#0"},
				"west": {"uv": [0, 0, 4, 0], "texture": "#0"},
				"up": {"uv": [6, 8, 14, 16], "texture": "#0"},
				"down": {"uv": [6, 8, 14, 16], "texture": "#0"}
			}
		},
		{
			"from": [16.5, 11.75, 5.5],
			"to": [21.5, 11.75, 10.5],
			"rotation": {"angle": -22.5, "axis": "z", "origin": [19, 11.75, 8]},
			"faces": {
				"north": {"uv": [0, 0, 4, 0], "texture": "#0"},
				"east": {"uv": [0, 0, 4, 0], "texture": "#0"},
				"south": {"uv": [0, 0, 4, 0], "texture": "#0"},
				"west": {"uv": [0, 0, 4, 0], "texture": "#0"},
				"up": {"uv": [6, 8, 14, 16], "texture": "#0"},
				"down": {"uv": [6, 8, 14, 16], "texture": "#0"}
			}
		},
		{
			"from": [16.5, 12.25, 5.5],
			"to": [21.5, 12.25, 10.5],
			"rotation": {"angle": -22.5, "axis": "z", "origin": [19, 12.25, 8]},
			"faces": {
				"north": {"uv": [0, 0, 4, 0], "texture": "#0"},
				"east": {"uv": [0, 0, 4, 0], "texture": "#0"},
				"south": {"uv": [0, 0, 4, 0], "texture": "#0"},
				"west": {"uv": [0, 0, 4, 0], "texture": "#0"},
				"up": {"uv": [6, 8, 14, 16], "rotation": 270, "texture": "#0"},
				"down": {"uv": [6, 8, 14, 16], "rotation": 90, "texture": "#0"}
			}
		},
		{
			"from": [18, 3, 7],
			"to": [20, 5, 9],
			"rotation": {"angle": -22.5, "axis": "x", "origin": [18, 3, 7]},
			"faces": {
				"north": {"uv": [0, 0, 2, 2], "texture": "#0"},
				"east": {"uv": [0, 2, 2, 4], "texture": "#0"},
				"south": {"uv": [2, 0, 4, 2], "texture": "#0"},
				"west": {"uv": [2, 2, 4, 4], "texture": "#0"},
				"up": {"uv": [2, 6, 0, 4], "texture": "#0"},
				"down": {"uv": [6, 0, 4, 2], "texture": "#0"}
			}
		},
		{
			"from": [18, 3, 7],
			"to": [20, 5, 9],
			"rotation": {"angle": -22.5, "axis": "x", "origin": [19, 4, 8]},
			"faces": {
				"north": {"uv": [2, 6, 4, 8], "texture": "#0"},
				"east": {"uv": [2, 8, 4, 10], "texture": "#0"},
				"south": {"uv": [0, 6, 2, 8], "texture": "#0"},
				"west": {"uv": [0, 8, 2, 10], "texture": "#0"},
				"up": {"uv": [2, 12, 0, 10], "rotation": 180, "texture": "#0"},
				"down": {"uv": [6, 6, 4, 8], "rotation": 180, "texture": "#0"}
			}
		},
		{
			"from": [15.25, 4, 4.25],
			"to": [22.75, 4, 11.75],
			"rotation": {"angle": -22.5, "axis": "x", "origin": [19, 4, 8]},
			"faces": {
				"north": {"uv": [0, 0, 4, 0], "texture": "#0"},
				"east": {"uv": [0, 0, 4, 0], "texture": "#0"},
				"south": {"uv": [0, 0, 4, 0], "texture": "#0"},
				"west": {"uv": [0, 0, 4, 0], "texture": "#0"},
				"up": {"uv": [6, 0, 14, 8], "rotation": 270, "texture": "#0"},
				"down": {"uv": [6, 0, 14, 8], "rotation": 90, "texture": "#0"}
			}
		},
		{
			"from": [16.5, 4.25, 5.5],
			"to": [21.5, 4.25, 10.5],
			"rotation": {"angle": -22.5, "axis": "x", "origin": [19, 4.25, 8]},
			"faces": {
				"north": {"uv": [0, 0, 4, 0], "texture": "#0"},
				"east": {"uv": [0, 0, 4, 0], "texture": "#0"},
				"south": {"uv": [0, 0, 4, 0], "texture": "#0"},
				"west": {"uv": [0, 0, 4, 0], "texture": "#0"},
				"up": {"uv": [6, 0, 14, 8], "rotation": 180, "texture": "#0"},
				"down": {"uv": [6, 0, 14, 8], "rotation": 180, "texture": "#0"}
			}
		},
		{
			"from": [16.5, 3.75, 5.5],
			"to": [21.5, 3.75, 10.5],
			"rotation": {"angle": -22.5, "axis": "x", "origin": [19, 3.75, 8]},
			"faces": {
				"north": {"uv": [0, 0, 4, 0], "texture": "#0"},
				"east": {"uv": [0, 0, 4, 0], "texture": "#0"},
				"south": {"uv": [0, 0, 4, 0], "texture": "#0"},
				"west": {"uv": [0, 0, 4, 0], "texture": "#0"},
				"up": {"uv": [6, 0, 14, 8], "rotation": 90, "texture": "#0"},
				"down": {"uv": [6, 0, 14, 8], "rotation": 270, "texture": "#0"}
			}
		},
		{
			"from": [15.25, 4, 4.25],
			"to": [22.75, 4, 11.75],
			"rotation": {"angle": -22.5, "axis": "x", "origin": [19, 4, 8]},
			"faces": {
				"north": {"uv": [0, 0, 4, 0], "texture": "#0"},
				"east": {"uv": [0, 0, 4, 0], "texture": "#0"},
				"south": {"uv": [0, 0, 4, 0], "texture": "#0"},
				"west": {"uv": [0, 0, 4, 0], "texture": "#0"},
				"up": {"uv": [6, 8, 14, 16], "texture": "#0"},
				"down": {"uv": [6, 8, 14, 16], "texture": "#0"}
			}
		},
		{
			"from": [16.5, 3.75, 5.5],
			"to": [21.5, 3.75, 10.5],
			"rotation": {"angle": -22.5, "axis": "x", "origin": [19, 3.75, 8]},
			"faces": {
				"north": {"uv": [0, 0, 4, 0], "texture": "#0"},
				"east": {"uv": [0, 0, 4, 0], "texture": "#0"},
				"south": {"uv": [0, 0, 4, 0], "texture": "#0"},
				"west": {"uv": [0, 0, 4, 0], "texture": "#0"},
				"up": {"uv": [6, 8, 14, 16], "texture": "#0"},
				"down": {"uv": [6, 8, 14, 16], "texture": "#0"}
			}
		},
		{
			"from": [16.5, 4.25, 5.5],
			"to": [21.5, 4.25, 10.5],
			"rotation": {"angle": -22.5, "axis": "x", "origin": [19, 4.25, 8]},
			"faces": {
				"north": {"uv": [0, 0, 4, 0], "texture": "#0"},
				"east": {"uv": [0, 0, 4, 0], "texture": "#0"},
				"south": {"uv": [0, 0, 4, 0], "texture": "#0"},
				"west": {"uv": [0, 0, 4, 0], "texture": "#0"},
				"up": {"uv": [6, 8, 14, 16], "rotation": 270, "texture": "#0"},
				"down": {"uv": [6, 8, 14, 16], "rotation": 90, "texture": "#0"}
			}
		}
	],
	"display": {
		"head": {
			"translation": [-2, -4, 0],
			"scale": [1.5, 1.5, 1.5]
		}
	},
	"groups": [
		{
			"name": "group",
			"origin": [8, 8, 8],
			"color": 0,
			"nbt": "{}",
			"children": [
				{
					"name": "group",
					"origin": [8, 8, 8],
					"color": 0,
					"nbt": "{}",
					"children": [
						0,
						1,
						{
							"name": "group",
							"origin": [8, 8, 8],
							"color": 0,
							"nbt": "{}",
							"children": [
								{
									"name": "group",
									"origin": [8, 8, 8],
									"color": 0,
									"nbt": "{}",
									"children": [2, 3, 4]
								},
								{
									"name": "group",
									"origin": [8, 8, 8],
									"color": 0,
									"nbt": "{}",
									"children": [5, 6, 7]
								}
							]
						}
					]
				},
				{
					"name": "group",
					"origin": [8, 8, 8],
					"color": 0,
					"nbt": "{}",
					"children": [
						8,
						9,
						{
							"name": "group",
							"origin": [8, 8, 8],
							"color": 0,
							"nbt": "{}",
							"children": [
								{
									"name": "group",
									"origin": [8, 8, 8],
									"color": 0,
									"nbt": "{}",
									"children": [10, 11, 12]
								},
								{
									"name": "group",
									"origin": [8, 8, 8],
									"color": 0,
									"nbt": "{}",
									"children": [13, 14, 15]
								}
							]
						}
					]
				},
				{
					"name": "group",
					"origin": [8, 8, 8],
					"color": 0,
					"nbt": "{}",
					"children": [
						16,
						17,
						{
							"name": "group",
							"origin": [8, 8, 8],
							"color": 0,
							"nbt": "{}",
							"children": [
								{
									"name": "group",
									"origin": [8, 8, 8],
									"color": 0,
									"nbt": "{}",
									"children": [18, 19, 20]
								},
								{
									"name": "group",
									"origin": [8, 8, 8],
									"color": 0,
									"nbt": "{}",
									"children": [21, 22, 23]
								}
							]
						}
					]
				},
				{
					"name": "group",
					"origin": [8, 8, 8],
					"color": 0,
					"nbt": "{}",
					"children": [
						24,
						25,
						{
							"name": "group",
							"origin": [8, 8, 8],
							"color": 0,
							"nbt": "{}",
							"children": [
								{
									"name": "group",
									"origin": [8, 8, 8],
									"color": 0,
									"nbt": "{}",
									"children": [26, 27, 28]
								},
								{
									"name": "group",
									"origin": [8, 8, 8],
									"color": 0,
									"nbt": "{}",
									"children": [29, 30, 31]
								}
							]
						}
					]
				},
				{
					"name": "group",
					"origin": [8, 8, 8],
					"color": 0,
					"nbt": "{}",
					"children": [
						32,
						33,
						{
							"name": "group",
							"origin": [8, 8, 8],
							"color": 0,
							"nbt": "{}",
							"children": [
								{
									"name": "group",
									"origin": [8, 8, 8],
									"color": 0,
									"nbt": "{}",
									"children": [34, 35, 36]
								},
								{
									"name": "group",
									"origin": [8, 8, 8],
									"color": 0,
									"nbt": "{}",
									"children": [37, 38, 39]
								}
							]
						}
					]
				}
			]
		}
	]
}