{
	"credit": "Made with Blockbench",
	"textures": {
		"0": "cnp:item/dlc/dlc0/27/xpp",
		"1": "cnp:item/dlc/dlc0/27/wj",
		"particle": "cnp:item/dlc/dlc0/27/xpp"
	},
	"elements": [
		{
			"from": [4.24, 4.24, 4.24],
			"to": [11.76, 11.76, 11.76],
			"rotation": {"angle": 45, "axis": "y", "origin": [8, 8, 8]},
			"faces": {
				"north": {"uv": [0, 0, 2, 2], "texture": "#0"},
				"east": {"uv": [0, 2, 2, 4], "texture": "#0"},
				"south": {"uv": [2, 0, 4, 2], "texture": "#0"},
				"west": {"uv": [2, 2, 4, 4], "texture": "#0"},
				"up": {"uv": [2, 6, 0, 4], "texture": "#0"},
				"down": {"uv": [6, 0, 4, 2], "texture": "#0"}
			}
		},
		{
			"from": [4, 9, 4],
			"to": [12, 7, 12],
			"rotation": {"angle": 45, "axis": "y", "origin": [8, 8, 8]},
			"faces": {
				"north": {"uv": [8, 0, 16, 2], "texture": "#1"},
				"east": {"uv": [8, 2, 16, 4], "texture": "#1"},
				"south": {"uv": [8, 4, 16, 6], "texture": "#1"},
				"west": {"uv": [8, 6, 16, 8], "texture": "#1"},
				"up": {"uv": [8, 8, 0, 0], "texture": "#1"},
				"down": {"uv": [8, 8, 0, 16], "texture": "#1"}
			}
		},
		{
			"from": [4, 7, 4],
			"to": [12, 9, 12],
			"rotation": {"angle": 45, "axis": "y", "origin": [8, 8, 8]},
			"faces": {
				"north": {"uv": [8, 0, 16, 2], "texture": "#1"},
				"east": {"uv": [8, 2, 16, 4], "texture": "#1"},
				"south": {"uv": [8, 4, 16, 6], "texture": "#1"},
				"west": {"uv": [8, 6, 16, 8], "texture": "#1"},
				"up": {"uv": [8, 8, 0, 0], "texture": "#1"},
				"down": {"uv": [8, 8, 0, 16], "texture": "#1"}
			}
		},
		{
			"from": [7.8, 6.9, 16],
			"to": [7.8, 9.1, 18],
			"rotation": {"angle": 45, "axis": "y", "origin": [2, 9, 16]},
			"faces": {
				"north": {"uv": [8, 4, 8, 6], "texture": "#1"},
				"east": {"uv": [10, 2, 12, 4], "texture": "#1"},
				"south": {"uv": [8, 4, 8, 6], "texture": "#1"},
				"west": {"uv": [10, 2, 12, 4], "texture": "#1"},
				"up": {"uv": [8, 4, 8, 6], "texture": "#1"},
				"down": {"uv": [8, 4, 8, 6], "texture": "#1"}
			}
		},
		{
			"from": [4.7, 1.5, 11.6],
			"to": [4.7, 8.5, 13.6],
			"rotation": {"angle": -22.5, "axis": "z", "origin": [4.5, 3, 13]},
			"faces": {
				"north": {"uv": [9, 0, 16, 0], "rotation": 90, "texture": "#1"},
				"east": {"uv": [9, 0, 16, 2], "rotation": 270, "texture": "#1"},
				"south": {"uv": [9, 0, 16, 0], "rotation": 270, "texture": "#1"},
				"west": {"uv": [9, 0, 16, 2], "rotation": 270, "texture": "#1"},
				"up": {"uv": [0, 0, 2, 0], "rotation": 270, "texture": "#1"},
				"down": {"uv": [0, 0, 2, 0], "rotation": 270, "texture": "#1"}
			}
		},
		{
			"from": [6.1, -2.5, 14.2],
			"to": [8.1, 3.5, 14.2],
			"rotation": {"angle": -22.5, "axis": "x", "origin": [4.5, 3, 3]},
			"faces": {
				"north": {"uv": [9, 2, 15, 4], "rotation": 270, "texture": "#1"},
				"east": {"uv": [9, 0, 15, 0], "rotation": 270, "texture": "#1"},
				"south": {"uv": [9, 2, 15, 4], "rotation": 270, "texture": "#1"},
				"west": {"uv": [9, 0, 15, 0], "rotation": 90, "texture": "#1"},
				"up": {"uv": [0, 0, 2, 0], "rotation": 180, "texture": "#1"},
				"down": {"uv": [0, 0, 2, 0], "texture": "#1"}
			}
		}
	],
	"display": {
		"head": {
			"rotation": [45, 0, 0],
			"scale": [1.5, 1.5, 1.5]
		}
	},
	"groups": [
		0,
		{
			"name": "group",
			"origin": [4.5, 0, 3],
			"color": 0,
			"nbt": "{}",
			"children": [1, 2, 3, 4, 5]
		}
	]
}