{
	"credit": "Made with Blockbench",
	"texture_size": [32, 32],
	"textures": {
		"0": "cnp:item/dlc/dlc0/18/ylj",
		"particle": "cnp:item/dlc/dlc0/18/ylj"
	},
	"elements": [
		{
			"from": [4, 8, 4],
			"to": [12, 8, 12],
			"rotation": {"angle": 0, "axis": "y", "origin": [8, 8, 8]},
			"faces": {
				"north": {"uv": [0, 0, 0.4, 0], "texture": "#0"},
				"east": {"uv": [0, 0, 0.4, 0], "texture": "#0"},
				"south": {"uv": [0, 0, 0.4, 0], "texture": "#0"},
				"west": {"uv": [0, 0, 0.4, 0], "texture": "#0"},
				"up": {"uv": [0, 0, 16, 16], "texture": "#0"},
				"down": {"uv": [0, 0, 0.4, 0.4], "texture": "#0"}
			}
		},
		{
			"from": [-4, 7.975, -4],
			"to": [20, 7.975, 20],
			"rotation": {"angle": 0, "axis": "y", "origin": [8, 7.975, 8]},
			"faces": {
				"north": {"uv": [0, 0, 1.2, 0], "texture": "#0"},
				"east": {"uv": [0, 0, 1.2, 0], "texture": "#0"},
				"south": {"uv": [0, 0, 1.2, 0], "texture": "#0"},
				"west": {"uv": [0, 0, 1.2, 0], "texture": "#0"},
				"up": {"uv": [0, 0, 16, 16], "texture": "#0"},
				"down": {"uv": [0, 0, 1.2, 1.2], "texture": "#0"}
			}
		},
		{
			"from": [6, 8.025, 6],
			"to": [10, 8.025, 10],
			"rotation": {"angle": 0, "axis": "y", "origin": [8, 8.025, 8]},
			"faces": {
				"north": {"uv": [0, 0, 0.15, 0], "texture": "#0"},
				"east": {"uv": [0, 0, 0.15, 0], "texture": "#0"},
				"south": {"uv": [0, 0, 0.15, 0], "texture": "#0"},
				"west": {"uv": [0, 0, 0.15, 0], "texture": "#0"},
				"up": {"uv": [0, 0, 16, 16], "texture": "#0"},
				"down": {"uv": [0, 0, 0.15, 0.15], "texture": "#0"}
			}
		},
		{
			"name": "wheel",
			"from": [6.6304, 10.06532, 5.97706],
			"to": [9.29941, 10.59912, 6.86673],
			"rotation": {"angle": 22.5, "axis": "x", "origin": [7.9649, 9.07185, 6.4219]},
			"faces": {
				"north": {"uv": [3.75, 8.28125, 3.8, 8.33125], "texture": "#0"},
				"east": {"uv": [3.75, 8.28125, 3.8, 8.33125], "texture": "#0"},
				"south": {"uv": [3.75, 8.28125, 3.8, 8.33125], "texture": "#0"},
				"west": {"uv": [3.75, 8.28125, 3.8, 8.33125], "texture": "#0"},
				"up": {"uv": [3.75, 8.28125, 3.8, 8.33125], "rotation": 180, "texture": "#0"},
				"down": {"uv": [3.75, 8.28125, 3.8, 8.33125], "rotation": 180, "texture": "#0"}
			}
		},
		{
			"name": "wheel",
			"from": [6.6304, 8.62702, 7.41536],
			"to": [9.29941, 9.51669, 7.94916],
			"rotation": {"angle": -22.5, "axis": "x", "origin": [7.9649, 9.07185, 6.4219]},
			"faces": {
				"north": {"uv": [3.75, 8.28125, 3.8, 8.33125], "texture": "#0"},
				"east": {"uv": [3.75, 8.28125, 3.8, 8.33125], "texture": "#0"},
				"south": {"uv": [3.75, 8.28125, 3.8, 8.33125], "texture": "#0"},
				"west": {"uv": [3.75, 8.28125, 3.8, 8.33125], "texture": "#0"},
				"up": {"uv": [3.75, 8.28125, 3.8, 8.33125], "rotation": 180, "texture": "#0"},
				"down": {"uv": [3.75, 8.28125, 3.8, 8.33125], "rotation": 180, "texture": "#0"}
			}
		},
		{
			"name": "wheel",
			"from": [6.6304, 10.06532, 5.97706],
			"to": [9.29941, 10.59912, 6.86673],
			"rotation": {"angle": -22.5, "axis": "x", "origin": [7.9649, 9.07185, 6.4219]},
			"faces": {
				"north": {"uv": [3.75, 8.28125, 3.8, 8.33125], "texture": "#0"},
				"east": {"uv": [3.75, 8.28125, 3.8, 8.33125], "texture": "#0"},
				"south": {"uv": [3.75, 8.28125, 3.8, 8.33125], "texture": "#0"},
				"west": {"uv": [3.75, 8.28125, 3.8, 8.33125], "texture": "#0"},
				"up": {"uv": [3.75, 8.28125, 3.8, 8.33125], "rotation": 180, "texture": "#0"},
				"down": {"uv": [3.75, 8.28125, 3.8, 8.33125], "rotation": 180, "texture": "#0"}
			}
		},
		{
			"name": "wheel",
			"from": [6.6304, 10.1098, 6.19948],
			"to": [9.29941, 10.6436, 6.64431],
			"rotation": {"angle": -45, "axis": "x", "origin": [7.9649, 9.07185, 6.4219]},
			"faces": {
				"north": {"uv": [3.75, 8.28125, 3.8, 8.33125], "texture": "#0"},
				"east": {"uv": [3.75, 8.28125, 3.8, 8.33125], "texture": "#0"},
				"south": {"uv": [3.75, 8.28125, 3.8, 8.33125], "texture": "#0"},
				"west": {"uv": [3.75, 8.28125, 3.8, 8.33125], "texture": "#0"},
				"up": {"uv": [3.75, 8.28125, 3.8, 8.33125], "rotation": 180, "texture": "#0"},
				"down": {"uv": [3.75, 8.28125, 3.8, 8.33125], "rotation": 180, "texture": "#0"}
			}
		},
		{
			"name": "wheel",
			"from": [6.6304, 10.1098, 6.19948],
			"to": [9.29941, 10.6436, 6.64431],
			"rotation": {"angle": 45, "axis": "x", "origin": [7.9649, 9.07185, 6.4219]},
			"faces": {
				"north": {"uv": [3.75, 8.28125, 3.8, 8.33125], "texture": "#0"},
				"east": {"uv": [3.75, 8.28125, 3.8, 8.33125], "texture": "#0"},
				"south": {"uv": [3.75, 8.28125, 3.8, 8.33125], "texture": "#0"},
				"west": {"uv": [3.75, 8.28125, 3.8, 8.33125], "texture": "#0"},
				"up": {"uv": [3.75, 8.28125, 3.8, 8.33125], "rotation": 180, "texture": "#0"},
				"down": {"uv": [3.75, 8.28125, 3.8, 8.33125], "rotation": 180, "texture": "#0"}
			}
		},
		{
			"name": "wheel",
			"from": [6.6304, 8.55288, 7.31156],
			"to": [9.29941, 9.29427, 7.99364],
			"rotation": {"angle": 0, "axis": "y", "origin": [7.9649, 9.07185, 6.4219]},
			"faces": {
				"north": {"uv": [3.75, 8.28125, 3.8, 8.33125], "texture": "#0"},
				"east": {"uv": [3.75, 8.28125, 3.8, 8.33125], "texture": "#0"},
				"south": {"uv": [3.75, 8.28125, 3.8, 8.33125], "texture": "#0"},
				"west": {"uv": [3.75, 8.28125, 3.8, 8.33125], "texture": "#0"},
				"up": {"uv": [3.75, 8.28125, 3.8, 8.33125], "rotation": 180, "texture": "#0"},
				"down": {"uv": [3.75, 8.28125, 3.8, 8.33125], "rotation": 180, "texture": "#0"}
			}
		},
		{
			"name": "wheel",
			"from": [6.92696, 8.62702, 7.90468],
			"to": [9.00285, 9.22013, 8.2902],
			"rotation": {"angle": 0, "axis": "y", "origin": [7.9649, 9.07185, 7.01501]},
			"faces": {
				"north": {"uv": [3.75, 8.28125, 3.8, 8.33125], "texture": "#0"},
				"east": {"uv": [3.75, 8.28125, 3.8, 8.33125], "texture": "#0"},
				"south": {"uv": [3.75, 8.28125, 3.8, 8.33125], "texture": "#0"},
				"west": {"uv": [3.75, 8.28125, 3.8, 8.33125], "texture": "#0"},
				"up": {"uv": [3.75, 8.28125, 3.8, 8.33125], "rotation": 180, "texture": "#0"},
				"down": {"uv": [3.75, 8.28125, 3.8, 8.33125], "rotation": 180, "texture": "#0"}
			}
		},
		{
			"name": "wheel",
			"from": [7.07523, 8.92358, 7.90468],
			"to": [8.85457, 9.66497, 8.88331],
			"rotation": {"angle": 0, "axis": "y", "origin": [7.9649, 9.51669, 7.45984]},
			"faces": {
				"north": {"uv": [3.75, 8.28125, 3.8, 8.33125], "texture": "#0"},
				"east": {"uv": [3.75, 8.28125, 3.8, 8.33125], "texture": "#0"},
				"south": {"uv": [3.75, 8.28125, 3.8, 8.33125], "texture": "#0"},
				"west": {"uv": [3.75, 8.28125, 3.8, 8.33125], "texture": "#0"},
				"up": {"uv": [3.75, 8.28125, 3.8, 8.33125], "rotation": 180, "texture": "#0"},
				"down": {"uv": [3.75, 8.28125, 3.8, 8.33125], "rotation": 180, "texture": "#0"}
			}
		},
		{
			"name": "wheel",
			"from": [7.07523, 9.66497, 7.90468],
			"to": [8.85457, 9.96152, 8.88331],
			"rotation": {"angle": 0, "axis": "y", "origin": [7.9649, 10.25808, 7.45984]},
			"faces": {
				"north": {"uv": [3.75, 8.28125, 3.8, 8.33125], "texture": "#0"},
				"east": {"uv": [3.75, 8.28125, 3.8, 8.33125], "texture": "#0"},
				"south": {"uv": [3.75, 8.28125, 3.8, 8.33125], "texture": "#0"},
				"west": {"uv": [3.75, 8.28125, 3.8, 8.33125], "texture": "#0"},
				"up": {"uv": [3.75, 8.28125, 3.8, 8.33125], "rotation": 180, "texture": "#0"},
				"down": {"uv": [3.75, 8.28125, 3.8, 8.33125], "rotation": 180, "texture": "#0"}
			}
		},
		{
			"name": "wheel",
			"from": [7.22351, 9.96152, 7.90468],
			"to": [8.70629, 10.25808, 8.88331],
			"rotation": {"angle": 0, "axis": "y", "origin": [7.9649, 10.55464, 7.45984]},
			"faces": {
				"north": {"uv": [3.75, 8.28125, 3.8, 8.33125], "texture": "#0"},
				"east": {"uv": [3.75, 8.28125, 3.8, 8.33125], "texture": "#0"},
				"south": {"uv": [3.75, 8.28125, 3.8, 8.33125], "texture": "#0"},
				"west": {"uv": [3.75, 8.28125, 3.8, 8.33125], "texture": "#0"},
				"up": {"uv": [3.75, 8.28125, 3.8, 8.33125], "rotation": 180, "texture": "#0"},
				"down": {"uv": [3.75, 8.28125, 3.8, 8.33125], "rotation": 180, "texture": "#0"}
			}
		},
		{
			"name": "wheel",
			"from": [7.22351, 9.96152, 8.49779],
			"to": [8.70629, 10.99947, 8.88331],
			"rotation": {"angle": 0, "axis": "y", "origin": [7.9649, 10.55464, 7.45984]},
			"faces": {
				"north": {"uv": [3.75, 8.28125, 3.8, 8.33125], "texture": "#0"},
				"east": {"uv": [3.75, 8.28125, 3.8, 8.33125], "texture": "#0"},
				"south": {"uv": [3.75, 8.28125, 3.8, 8.33125], "texture": "#0"},
				"west": {"uv": [3.75, 8.28125, 3.8, 8.33125], "texture": "#0"},
				"up": {"uv": [3.75, 8.28125, 3.8, 8.33125], "rotation": 180, "texture": "#0"},
				"down": {"uv": [3.75, 8.28125, 3.8, 8.33125], "rotation": 180, "texture": "#0"}
			}
		},
		{
			"name": "wheel",
			"from": [6.6304, 8.33046, 8.59475],
			"to": [9.29941, 10.25808, 10.75961],
			"rotation": {"angle": 0, "axis": "y", "origin": [7.9649, 9.22013, 7.60812]},
			"faces": {
				"north": {"uv": [3.75, 8.28125, 3.8, 8.33125], "texture": "#0"},
				"east": {"uv": [3.75, 8.28125, 3.8, 8.33125], "texture": "#0"},
				"south": {"uv": [3.75, 8.28125, 3.8, 8.33125], "texture": "#0"},
				"west": {"uv": [3.75, 8.28125, 3.8, 8.33125], "texture": "#0"},
				"up": {"uv": [3.75, 8.28125, 3.8, 8.33125], "rotation": 180, "texture": "#0"},
				"down": {"uv": [3.75, 8.28125, 3.8, 8.33125], "rotation": 180, "texture": "#0"}
			}
		},
		{
			"name": "wheel",
			"from": [6.6304, 10.25808, 8.89131],
			"to": [9.29941, 10.99947, 10.75961],
			"rotation": {"angle": 0, "axis": "y", "origin": [7.9649, 9.22013, 7.60812]},
			"faces": {
				"north": {"uv": [3.75, 8.28125, 3.8, 8.33125], "texture": "#0"},
				"east": {"uv": [3.75, 8.28125, 3.8, 8.33125], "texture": "#0"},
				"south": {"uv": [3.75, 8.28125, 3.8, 8.33125], "texture": "#0"},
				"west": {"uv": [3.75, 8.28125, 3.8, 8.33125], "texture": "#0"},
				"up": {"uv": [3.75, 8.28125, 3.8, 8.33125], "rotation": 180, "texture": "#0"},
				"down": {"uv": [3.75, 8.28125, 3.8, 8.33125], "rotation": 180, "texture": "#0"}
			}
		},
		{
			"name": "wheel",
			"from": [6.33384, 10.55464, 9.6327],
			"to": [6.6304, 11.29603, 10.75961],
			"rotation": {"angle": 0, "axis": "y", "origin": [7.9649, 9.22013, 7.60812]},
			"faces": {
				"north": {"uv": [3.75, 8.28125, 3.8, 8.33125], "texture": "#0"},
				"east": {"uv": [3.75, 8.28125, 3.8, 8.33125], "texture": "#0"},
				"south": {"uv": [3.75, 8.28125, 3.8, 8.33125], "texture": "#0"},
				"west": {"uv": [3.75, 8.28125, 3.8, 8.33125], "texture": "#0"},
				"up": {"uv": [3.75, 8.28125, 3.8, 8.33125], "rotation": 180, "texture": "#0"},
				"down": {"uv": [3.75, 8.28125, 3.8, 8.33125], "rotation": 180, "texture": "#0"}
			}
		},
		{
			"name": "wheel",
			"from": [9.29941, 10.55464, 9.6327],
			"to": [9.59596, 11.29603, 10.75961],
			"rotation": {"angle": 0, "axis": "y", "origin": [10.93046, 9.22013, 7.60812]},
			"faces": {
				"north": {"uv": [3.75, 8.28125, 3.8, 8.33125], "texture": "#0"},
				"east": {"uv": [3.75, 8.28125, 3.8, 8.33125], "texture": "#0"},
				"south": {"uv": [3.75, 8.28125, 3.8, 8.33125], "texture": "#0"},
				"west": {"uv": [3.75, 8.28125, 3.8, 8.33125], "texture": "#0"},
				"up": {"uv": [3.75, 8.28125, 3.8, 8.33125], "rotation": 180, "texture": "#0"},
				"down": {"uv": [3.75, 8.28125, 3.8, 8.33125], "rotation": 180, "texture": "#0"}
			}
		},
		{
			"name": "wheel",
			"from": [9.29941, 10.43601, 9.6327],
			"to": [9.74424, 10.73257, 10.75961],
			"rotation": {"angle": 0, "axis": "y", "origin": [10.93046, 9.22013, 7.60812]},
			"faces": {
				"north": {"uv": [3.75, 8.28125, 3.8, 8.33125], "texture": "#0"},
				"east": {"uv": [3.75, 8.28125, 3.8, 8.33125], "texture": "#0"},
				"south": {"uv": [3.75, 8.28125, 3.8, 8.33125], "texture": "#0"},
				"west": {"uv": [3.75, 8.28125, 3.8, 8.33125], "texture": "#0"},
				"up": {"uv": [3.75, 8.28125, 3.8, 8.33125], "rotation": 180, "texture": "#0"},
				"down": {"uv": [3.75, 8.28125, 3.8, 8.33125], "rotation": 180, "texture": "#0"}
			}
		},
		{
			"name": "wheel",
			"from": [6.18557, 10.4805, 9.6327],
			"to": [6.6304, 10.77705, 10.75961],
			"rotation": {"angle": 0, "axis": "y", "origin": [7.81662, 9.36841, 7.60812]},
			"faces": {
				"north": {"uv": [3.75, 8.28125, 3.8, 8.33125], "texture": "#0"},
				"east": {"uv": [3.75, 8.28125, 3.8, 8.33125], "texture": "#0"},
				"south": {"uv": [3.75, 8.28125, 3.8, 8.33125], "texture": "#0"},
				"west": {"uv": [3.75, 8.28125, 3.8, 8.33125], "texture": "#0"},
				"up": {"uv": [3.75, 8.28125, 3.8, 8.33125], "rotation": 180, "texture": "#0"},
				"down": {"uv": [3.75, 8.28125, 3.8, 8.33125], "rotation": 180, "texture": "#0"}
			}
		},
		{
			"name": "wheel",
			"from": [9.89252, 7.88563, 9.6327],
			"to": [10.18907, 10.1098, 10.75961],
			"rotation": {"angle": 22.5, "axis": "z", "origin": [8.40974, 9.22013, 7.90468]},
			"faces": {
				"north": {"uv": [3.75, 8.28125, 3.8, 8.33125], "texture": "#0"},
				"east": {"uv": [3.75, 8.28125, 3.8, 8.33125], "texture": "#0"},
				"south": {"uv": [3.75, 8.28125, 3.8, 8.33125], "texture": "#0"},
				"west": {"uv": [3.75, 8.28125, 3.8, 8.33125], "texture": "#0"},
				"up": {"uv": [3.75, 8.28125, 3.8, 8.33125], "rotation": 180, "texture": "#0"},
				"down": {"uv": [3.75, 8.28125, 3.8, 8.33125], "rotation": 180, "texture": "#0"}
			}
		},
		{
			"name": "wheel",
			"from": [6.6304, 8.64556, 10.81058],
			"to": [9.24009, 10.86973, 11.10714],
			"rotation": {"angle": -22.5, "axis": "x", "origin": [10.93046, 9.98006, 10.3281]},
			"faces": {
				"north": {"uv": [3.75, 8.28125, 3.8, 8.33125], "texture": "#0"},
				"east": {"uv": [3.75, 8.28125, 3.8, 8.33125], "texture": "#0"},
				"south": {"uv": [3.75, 8.28125, 3.8, 8.33125], "texture": "#0"},
				"west": {"uv": [3.75, 8.28125, 3.8, 8.33125], "texture": "#0"},
				"up": {"uv": [3.75, 8.28125, 3.8, 8.33125], "rotation": 180, "texture": "#0"},
				"down": {"uv": [3.75, 8.28125, 3.8, 8.33125], "rotation": 180, "texture": "#0"}
			}
		},
		{
			"name": "wheel",
			"from": [5.88901, 9.22013, 9.6327],
			"to": [6.18557, 11.4443, 10.75961],
			"rotation": {"angle": -22.5, "axis": "z", "origin": [4.40623, 10.1098, 7.90468]},
			"faces": {
				"north": {"uv": [3.75, 8.28125, 3.8, 8.33125], "texture": "#0"},
				"east": {"uv": [3.75, 8.28125, 3.8, 8.33125], "texture": "#0"},
				"south": {"uv": [3.75, 8.28125, 3.8, 8.33125], "texture": "#0"},
				"west": {"uv": [3.75, 8.28125, 3.8, 8.33125], "texture": "#0"},
				"up": {"uv": [3.75, 8.28125, 3.8, 8.33125], "rotation": 180, "texture": "#0"},
				"down": {"uv": [3.75, 8.28125, 3.8, 8.33125], "rotation": 180, "texture": "#0"}
			}
		},
		{
			"name": "wheel",
			"from": [6.6304, 10.1098, 6.19948],
			"to": [9.29941, 10.6436, 6.64431],
			"rotation": {"angle": 0, "axis": "y", "origin": [7.9649, 9.07185, 6.4219]},
			"faces": {
				"north": {"uv": [3.75, 8.28125, 3.8, 8.33125], "texture": "#0"},
				"east": {"uv": [3.75, 8.28125, 3.8, 8.33125], "texture": "#0"},
				"south": {"uv": [3.75, 8.28125, 3.8, 8.33125], "texture": "#0"},
				"west": {"uv": [3.75, 8.28125, 3.8, 8.33125], "texture": "#0"},
				"up": {"uv": [3.75, 8.28125, 3.8, 8.33125], "rotation": 180, "texture": "#0"},
				"down": {"uv": [3.75, 8.28125, 3.8, 8.33125], "rotation": 180, "texture": "#0"}
			}
		},
		{
			"name": "wheel",
			"from": [6.6304, 8.62702, 4.89463],
			"to": [9.29941, 9.51669, 5.42843],
			"rotation": {"angle": 22.5, "axis": "x", "origin": [7.9649, 9.07185, 6.4219]},
			"faces": {
				"north": {"uv": [3.75, 8.28125, 3.8, 8.33125], "texture": "#0"},
				"east": {"uv": [3.75, 8.28125, 3.8, 8.33125], "texture": "#0"},
				"south": {"uv": [3.75, 8.28125, 3.8, 8.33125], "texture": "#0"},
				"west": {"uv": [3.75, 8.28125, 3.8, 8.33125], "texture": "#0"},
				"up": {"uv": [3.75, 8.28125, 3.8, 8.33125], "rotation": 180, "texture": "#0"},
				"down": {"uv": [3.75, 8.28125, 3.8, 8.33125], "rotation": 180, "texture": "#0"}
			}
		},
		{
			"name": "wheel",
			"from": [7.22351, 8.7753, 4.79084],
			"to": [8.70629, 9.36841, 4.9836],
			"rotation": {"angle": 22.5, "axis": "x", "origin": [7.9649, 9.07185, 6.4219]},
			"faces": {
				"north": {"uv": [3.75, 8.28125, 3.8, 8.33125], "texture": "#0"},
				"east": {"uv": [3.75, 8.28125, 3.8, 8.33125], "texture": "#0"},
				"south": {"uv": [3.75, 8.28125, 3.8, 8.33125], "texture": "#0"},
				"west": {"uv": [3.75, 8.28125, 3.8, 8.33125], "texture": "#0"},
				"up": {"uv": [3.75, 8.28125, 3.8, 8.33125], "rotation": 180, "texture": "#0"},
				"down": {"uv": [3.75, 8.28125, 3.8, 8.33125], "rotation": 180, "texture": "#0"}
			}
		},
		{
			"name": "wheel",
			"from": [6.33384, 7.98942, 5.97706],
			"to": [9.59596, 10.15428, 6.86673],
			"rotation": {"angle": -22.5, "axis": "x", "origin": [7.9649, 9.07185, 6.4219]},
			"faces": {
				"north": {"uv": [3.75, 8.28125, 3.8, 8.33125], "texture": "#0"},
				"east": {"uv": [3.75, 8.28125, 3.8, 8.33125], "texture": "#0"},
				"south": {"uv": [3.75, 8.28125, 3.8, 8.33125], "texture": "#0"},
				"west": {"uv": [3.75, 8.28125, 3.8, 8.33125], "texture": "#0"},
				"up": {"uv": [3.75, 8.28125, 3.8, 8.33125], "rotation": 180, "texture": "#0"},
				"down": {"uv": [3.75, 8.28125, 3.8, 8.33125], "rotation": 180, "texture": "#0"}
			}
		},
		{
			"name": "wheel",
			"from": [6.33384, 8.62702, 5.33947],
			"to": [9.59596, 9.51669, 7.50433],
			"rotation": {"angle": -22.5, "axis": "x", "origin": [7.9649, 9.07185, 6.4219]},
			"faces": {
				"north": {"uv": [3.75, 8.28125, 3.8, 8.33125], "texture": "#0"},
				"east": {"uv": [3.75, 8.28125, 3.8, 8.33125], "rotation": 90, "texture": "#0"},
				"south": {"uv": [3.75, 8.28125, 3.8, 8.33125], "rotation": 180, "texture": "#0"},
				"west": {"uv": [3.75, 8.28125, 3.8, 8.33125], "rotation": 270, "texture": "#0"},
				"up": {"uv": [3.75, 8.28125, 3.8, 8.33125], "texture": "#0"},
				"down": {"uv": [3.75, 8.28125, 3.8, 8.33125], "rotation": 180, "texture": "#0"}
			}
		},
		{
			"name": "wheel",
			"from": [6.33384, 7.98942, 5.97706],
			"to": [9.59596, 10.15428, 6.86673],
			"rotation": {"angle": 22.5, "axis": "x", "origin": [7.9649, 9.07185, 6.4219]},
			"faces": {
				"north": {"uv": [3.75, 8.28125, 3.8, 8.33125], "rotation": 180, "texture": "#0"},
				"east": {"uv": [3.75, 8.28125, 3.8, 8.33125], "rotation": 180, "texture": "#0"},
				"south": {"uv": [3.75, 8.28125, 3.8, 8.33125], "rotation": 180, "texture": "#0"},
				"west": {"uv": [3.75, 8.28125, 3.8, 8.33125], "rotation": 180, "texture": "#0"},
				"up": {"uv": [3.75, 8.28125, 3.8, 8.33125], "rotation": 180, "texture": "#0"},
				"down": {"uv": [3.75, 8.28125, 3.8, 8.33125], "rotation": 180, "texture": "#0"}
			}
		},
		{
			"name": "wheel",
			"from": [6.33384, 8.62702, 5.33947],
			"to": [9.59596, 9.51669, 7.50433],
			"rotation": {"angle": 22.5, "axis": "x", "origin": [7.9649, 9.07185, 6.4219]},
			"faces": {
				"north": {"uv": [3.75, 8.28125, 3.8, 8.33125], "texture": "#0"},
				"east": {"uv": [3.75, 8.28125, 3.8, 8.33125], "rotation": 90, "texture": "#0"},
				"south": {"uv": [3.75, 8.28125, 3.8, 8.33125], "rotation": 180, "texture": "#0"},
				"west": {"uv": [3.75, 8.28125, 3.8, 8.33125], "rotation": 270, "texture": "#0"},
				"up": {"uv": [3.75, 8.28125, 3.8, 8.33125], "texture": "#0"},
				"down": {"uv": [3.75, 8.28125, 3.8, 8.33125], "rotation": 180, "texture": "#0"}
			}
		},
		{
			"name": "wheel",
			"from": [6.36894, 8.07221, 9.45091],
			"to": [9.63106, 10.59294, 10.48885],
			"rotation": {"angle": -22.5, "axis": "x", "origin": [9.92761, 9.33258, 10.19913]},
			"faces": {
				"north": {"uv": [3.75, 8.28125, 3.8, 8.33125], "texture": "#0"},
				"east": {"uv": [3.75, 8.28125, 3.8, 8.33125], "texture": "#0"},
				"south": {"uv": [3.75, 8.28125, 3.8, 8.33125], "texture": "#0"},
				"west": {"uv": [3.75, 8.28125, 3.8, 8.33125], "texture": "#0"},
				"up": {"uv": [3.75, 8.28125, 3.8, 8.33125], "rotation": 180, "texture": "#0"},
				"down": {"uv": [3.75, 8.28125, 3.8, 8.33125], "rotation": 180, "texture": "#0"}
			}
		},
		{
			"name": "wheel",
			"from": [6.36894, 9.09732, 8.65308],
			"to": [9.63106, 10.13527, 11.17381],
			"rotation": {"angle": -22.5, "axis": "x", "origin": [9.92761, 9.61629, 10.88408]},
			"faces": {
				"north": {"uv": [3.75, 8.28125, 3.8, 8.33125], "texture": "#0"},
				"east": {"uv": [3.75, 8.28125, 3.8, 8.33125], "rotation": 90, "texture": "#0"},
				"south": {"uv": [3.75, 8.28125, 3.8, 8.33125], "rotation": 180, "texture": "#0"},
				"west": {"uv": [3.75, 8.28125, 3.8, 8.33125], "rotation": 270, "texture": "#0"},
				"up": {"uv": [3.75, 8.28125, 3.8, 8.33125], "texture": "#0"},
				"down": {"uv": [3.75, 8.28125, 3.8, 8.33125], "rotation": 180, "texture": "#0"}
			}
		},
		{
			"name": "wheel",
			"from": [6.36894, 7.89675, 9.45091],
			"to": [9.63106, 10.41748, 10.48885],
			"rotation": {"angle": 22.5, "axis": "x", "origin": [9.92761, 9.15712, 10.19913]},
			"faces": {
				"north": {"uv": [3.75, 8.28125, 3.8, 8.33125], "rotation": 180, "texture": "#0"},
				"east": {"uv": [3.75, 8.28125, 3.8, 8.33125], "rotation": 180, "texture": "#0"},
				"south": {"uv": [3.75, 8.28125, 3.8, 8.33125], "rotation": 180, "texture": "#0"},
				"west": {"uv": [3.75, 8.28125, 3.8, 8.33125], "rotation": 180, "texture": "#0"},
				"up": {"uv": [3.75, 8.28125, 3.8, 8.33125], "rotation": 180, "texture": "#0"},
				"down": {"uv": [3.75, 8.28125, 3.8, 8.33125], "rotation": 180, "texture": "#0"}
			}
		},
		{
			"name": "wheel",
			"from": [6.36894, 8.35443, 8.65308],
			"to": [9.63106, 9.39237, 11.17381],
			"rotation": {"angle": 22.5, "axis": "x", "origin": [9.92761, 8.8734, 10.88408]},
			"faces": {
				"north": {"uv": [3.75, 8.28125, 3.8, 8.33125], "texture": "#0"},
				"east": {"uv": [3.75, 8.28125, 3.8, 8.33125], "rotation": 90, "texture": "#0"},
				"south": {"uv": [3.75, 8.28125, 3.8, 8.33125], "rotation": 180, "texture": "#0"},
				"west": {"uv": [3.75, 8.28125, 3.8, 8.33125], "rotation": 270, "texture": "#0"},
				"up": {"uv": [3.75, 8.28125, 3.8, 8.33125], "texture": "#0"},
				"down": {"uv": [3.75, 8.28125, 3.8, 8.33125], "rotation": 180, "texture": "#0"}
			}
		},
		{
			"from": [9.74424, 9.73911, 5.82878],
			"to": [9.89252, 10.18394, 7.01501],
			"rotation": {"angle": 0, "axis": "y", "origin": [8.70629, 11.22189, 5.53223]},
			"faces": {
				"north": {"uv": [3.75, 8.28125, 3.8, 8.33125], "texture": "#0"},
				"east": {"uv": [3.75, 8.28125, 3.8, 8.33125], "texture": "#0"},
				"south": {"uv": [3.75, 8.28125, 3.8, 8.33125], "texture": "#0"},
				"west": {"uv": [3.75, 8.28125, 3.8, 8.33125], "texture": "#0"},
				"up": {"uv": [3.75, 8.28125, 3.8, 8.33125], "rotation": 180, "texture": "#0"},
				"down": {"uv": [3.75, 8.28125, 3.8, 8.33125], "rotation": 180, "texture": "#0"}
			}
		},
		{
			"from": [6.03729, 9.73911, 5.82878],
			"to": [6.18557, 10.18394, 7.01501],
			"rotation": {"angle": 0, "axis": "y", "origin": [4.99934, 11.22189, 5.53223]},
			"faces": {
				"north": {"uv": [3.75, 8.28125, 3.8, 8.33125], "texture": "#0"},
				"east": {"uv": [3.75, 8.28125, 3.8, 8.33125], "texture": "#0"},
				"south": {"uv": [3.75, 8.28125, 3.8, 8.33125], "texture": "#0"},
				"west": {"uv": [3.75, 8.28125, 3.8, 8.33125], "texture": "#0"},
				"up": {"uv": [3.75, 8.28125, 3.8, 8.33125], "rotation": 180, "texture": "#0"},
				"down": {"uv": [3.75, 8.28125, 3.8, 8.33125], "rotation": 180, "texture": "#0"}
			}
		},
		{
			"from": [6.03729, 8.70116, 6.12534],
			"to": [6.33384, 9.29427, 6.71845],
			"rotation": {"angle": 0, "axis": "y", "origin": [4.99934, 10.33222, 5.53223]},
			"faces": {
				"north": {"uv": [3.75, 8.28125, 3.8, 8.33125], "texture": "#0"},
				"east": {"uv": [3.75, 8.28125, 3.8, 8.33125], "texture": "#0"},
				"south": {"uv": [3.75, 8.28125, 3.8, 8.33125], "texture": "#0"},
				"west": {"uv": [3.75, 8.28125, 3.8, 8.33125], "texture": "#0"},
				"up": {"uv": [3.75, 8.28125, 3.8, 8.33125], "rotation": 180, "texture": "#0"},
				"down": {"uv": [3.75, 8.28125, 3.8, 8.33125], "rotation": 180, "texture": "#0"}
			}
		},
		{
			"from": [9.58893, 8.70116, 6.12534],
			"to": [9.88548, 9.29427, 6.71845],
			"rotation": {"angle": 0, "axis": "y", "origin": [10.92343, 10.33222, 5.53223]},
			"faces": {
				"north": {"uv": [3.75, 8.28125, 3.8, 8.33125], "texture": "#0"},
				"east": {"uv": [3.75, 8.28125, 3.8, 8.33125], "texture": "#0"},
				"south": {"uv": [3.75, 8.28125, 3.8, 8.33125], "texture": "#0"},
				"west": {"uv": [3.75, 8.28125, 3.8, 8.33125], "texture": "#0"},
				"up": {"uv": [3.75, 8.28125, 3.8, 8.33125], "rotation": 180, "texture": "#0"},
				"down": {"uv": [3.75, 8.28125, 3.8, 8.33125], "rotation": 180, "texture": "#0"}
			}
		},
		{
			"from": [9.59596, 8.7753, 6.71845],
			"to": [9.74424, 9.22013, 7.60812],
			"rotation": {"angle": 0, "axis": "y", "origin": [8.55801, 10.33222, 6.12534]},
			"faces": {
				"north": {"uv": [3.75, 8.28125, 3.8, 8.33125], "texture": "#0"},
				"east": {"uv": [3.75, 8.28125, 3.8, 8.33125], "texture": "#0"},
				"south": {"uv": [3.75, 8.28125, 3.8, 8.33125], "texture": "#0"},
				"west": {"uv": [3.75, 8.28125, 3.8, 8.33125], "texture": "#0"},
				"up": {"uv": [3.75, 8.28125, 3.8, 8.33125], "rotation": 180, "texture": "#0"},
				"down": {"uv": [3.75, 8.28125, 3.8, 8.33125], "rotation": 180, "texture": "#0"}
			}
		},
		{
			"from": [9.29941, 8.7753, 7.45984],
			"to": [9.74424, 9.22013, 7.60812],
			"rotation": {"angle": 0, "axis": "y", "origin": [8.55801, 10.33222, 6.12534]},
			"faces": {
				"north": {"uv": [3.75, 8.28125, 3.8, 8.33125], "texture": "#0"},
				"east": {"uv": [3.75, 8.28125, 3.8, 8.33125], "texture": "#0"},
				"south": {"uv": [3.75, 8.28125, 3.8, 8.33125], "texture": "#0"},
				"west": {"uv": [3.75, 8.28125, 3.8, 8.33125], "texture": "#0"},
				"up": {"uv": [3.75, 8.28125, 3.8, 8.33125], "rotation": 180, "texture": "#0"},
				"down": {"uv": [3.75, 8.28125, 3.8, 8.33125], "rotation": 180, "texture": "#0"}
			}
		},
		{
			"from": [6.18557, 8.7753, 7.45984],
			"to": [6.6304, 9.22013, 7.60812],
			"rotation": {"angle": 0, "axis": "y", "origin": [5.44418, 10.33222, 6.12534]},
			"faces": {
				"north": {"uv": [3.75, 8.28125, 3.8, 8.33125], "texture": "#0"},
				"east": {"uv": [3.75, 8.28125, 3.8, 8.33125], "texture": "#0"},
				"south": {"uv": [3.75, 8.28125, 3.8, 8.33125], "texture": "#0"},
				"west": {"uv": [3.75, 8.28125, 3.8, 8.33125], "texture": "#0"},
				"up": {"uv": [3.75, 8.28125, 3.8, 8.33125], "rotation": 180, "texture": "#0"},
				"down": {"uv": [3.75, 8.28125, 3.8, 8.33125], "rotation": 180, "texture": "#0"}
			}
		},
		{
			"from": [6.18557, 8.7753, 6.71845],
			"to": [6.33384, 9.22013, 7.60812],
			"rotation": {"angle": 0, "axis": "y", "origin": [5.14762, 10.33222, 6.12534]},
			"faces": {
				"north": {"uv": [3.75, 8.28125, 3.8, 8.33125], "texture": "#0"},
				"east": {"uv": [3.75, 8.28125, 3.8, 8.33125], "texture": "#0"},
				"south": {"uv": [3.75, 8.28125, 3.8, 8.33125], "texture": "#0"},
				"west": {"uv": [3.75, 8.28125, 3.8, 8.33125], "texture": "#0"},
				"up": {"uv": [3.75, 8.28125, 3.8, 8.33125], "rotation": 180, "texture": "#0"},
				"down": {"uv": [3.75, 8.28125, 3.8, 8.33125], "rotation": 180, "texture": "#0"}
			}
		},
		{
			"from": [9.74424, 9.44255, 5.90292],
			"to": [9.89252, 9.73911, 6.94087],
			"rotation": {"angle": 0, "axis": "y", "origin": [8.70629, 10.92533, 5.38395]},
			"faces": {
				"north": {"uv": [3.75, 8.28125, 3.8, 8.33125], "texture": "#0"},
				"east": {"uv": [3.75, 8.28125, 3.8, 8.33125], "texture": "#0"},
				"south": {"uv": [3.75, 8.28125, 3.8, 8.33125], "texture": "#0"},
				"west": {"uv": [3.75, 8.28125, 3.8, 8.33125], "texture": "#0"},
				"up": {"uv": [3.75, 8.28125, 3.8, 8.33125], "rotation": 180, "texture": "#0"},
				"down": {"uv": [3.75, 8.28125, 3.8, 8.33125], "rotation": 180, "texture": "#0"}
			}
		},
		{
			"from": [6.03729, 9.44255, 5.90292],
			"to": [6.18557, 9.73911, 6.94087],
			"rotation": {"angle": 0, "axis": "y", "origin": [4.99934, 10.92533, 5.38395]},
			"faces": {
				"north": {"uv": [3.75, 8.28125, 3.8, 8.33125], "texture": "#0"},
				"east": {"uv": [3.75, 8.28125, 3.8, 8.33125], "texture": "#0"},
				"south": {"uv": [3.75, 8.28125, 3.8, 8.33125], "texture": "#0"},
				"west": {"uv": [3.75, 8.28125, 3.8, 8.33125], "texture": "#0"},
				"up": {"uv": [3.75, 8.28125, 3.8, 8.33125], "rotation": 180, "texture": "#0"},
				"down": {"uv": [3.75, 8.28125, 3.8, 8.33125], "rotation": 180, "texture": "#0"}
			}
		},
		{
			"from": [9.29941, 10.33222, 5.97706],
			"to": [9.44768, 10.62877, 6.86673],
			"rotation": {"angle": 0, "axis": "y", "origin": [8.26146, 11.96328, 5.53223]},
			"faces": {
				"north": {"uv": [3.75, 8.28125, 3.8, 8.33125], "texture": "#0"},
				"east": {"uv": [3.75, 8.28125, 3.8, 8.33125], "texture": "#0"},
				"south": {"uv": [3.75, 8.28125, 3.8, 8.33125], "texture": "#0"},
				"west": {"uv": [3.75, 8.28125, 3.8, 8.33125], "texture": "#0"},
				"up": {"uv": [3.75, 8.28125, 3.8, 8.33125], "rotation": 180, "texture": "#0"},
				"down": {"uv": [3.75, 8.28125, 3.8, 8.33125], "rotation": 180, "texture": "#0"}
			}
		},
		{
			"from": [6.48212, 10.33222, 5.97706],
			"to": [6.6304, 10.62877, 6.86673],
			"rotation": {"angle": 0, "axis": "y", "origin": [5.44418, 11.96328, 5.53223]},
			"faces": {
				"north": {"uv": [3.75, 8.28125, 3.8, 8.33125], "texture": "#0"},
				"east": {"uv": [3.75, 8.28125, 3.8, 8.33125], "texture": "#0"},
				"south": {"uv": [3.75, 8.28125, 3.8, 8.33125], "texture": "#0"},
				"west": {"uv": [3.75, 8.28125, 3.8, 8.33125], "texture": "#0"},
				"up": {"uv": [3.75, 8.28125, 3.8, 8.33125], "rotation": 180, "texture": "#0"},
				"down": {"uv": [3.75, 8.28125, 3.8, 8.33125], "rotation": 180, "texture": "#0"}
			}
		},
		{
			"from": [9.29941, 10.62877, 6.0512],
			"to": [9.44768, 10.77705, 6.79259],
			"rotation": {"angle": 0, "axis": "y", "origin": [8.26146, 12.25983, 5.53223]},
			"faces": {
				"north": {"uv": [3.75, 8.28125, 3.8, 8.33125], "texture": "#0"},
				"east": {"uv": [3.75, 8.28125, 3.8, 8.33125], "texture": "#0"},
				"south": {"uv": [3.75, 8.28125, 3.8, 8.33125], "texture": "#0"},
				"west": {"uv": [3.75, 8.28125, 3.8, 8.33125], "texture": "#0"},
				"up": {"uv": [3.75, 8.28125, 3.8, 8.33125], "rotation": 180, "texture": "#0"},
				"down": {"uv": [3.75, 8.28125, 3.8, 8.33125], "rotation": 180, "texture": "#0"}
			}
		},
		{
			"from": [6.48212, 10.62877, 6.0512],
			"to": [6.6304, 10.77705, 6.79259],
			"rotation": {"angle": 0, "axis": "y", "origin": [5.44418, 12.25983, 5.53223]},
			"faces": {
				"north": {"uv": [3.75, 8.28125, 3.8, 8.33125], "texture": "#0"},
				"east": {"uv": [3.75, 8.28125, 3.8, 8.33125], "texture": "#0"},
				"south": {"uv": [3.75, 8.28125, 3.8, 8.33125], "texture": "#0"},
				"west": {"uv": [3.75, 8.28125, 3.8, 8.33125], "texture": "#0"},
				"up": {"uv": [3.75, 8.28125, 3.8, 8.33125], "rotation": 180, "texture": "#0"},
				"down": {"uv": [3.75, 8.28125, 3.8, 8.33125], "rotation": 180, "texture": "#0"}
			}
		},
		{
			"from": [9.29941, 10.18394, 5.82878],
			"to": [9.89252, 10.33222, 7.01501],
			"rotation": {"angle": 0, "axis": "y", "origin": [8.70629, 11.22189, 5.53223]},
			"faces": {
				"north": {"uv": [3.75, 8.28125, 3.8, 8.33125], "texture": "#0"},
				"east": {"uv": [3.75, 8.28125, 3.8, 8.33125], "texture": "#0"},
				"south": {"uv": [3.75, 8.28125, 3.8, 8.33125], "texture": "#0"},
				"west": {"uv": [3.75, 8.28125, 3.8, 8.33125], "texture": "#0"},
				"up": {"uv": [3.75, 8.28125, 3.8, 8.33125], "rotation": 180, "texture": "#0"},
				"down": {"uv": [3.75, 8.28125, 3.8, 8.33125], "rotation": 180, "texture": "#0"}
			}
		},
		{
			"from": [6.03729, 10.18394, 5.82878],
			"to": [6.6304, 10.33222, 7.01501],
			"rotation": {"angle": 0, "axis": "y", "origin": [5.44418, 11.22189, 5.53223]},
			"faces": {
				"north": {"uv": [3.75, 8.28125, 3.8, 8.33125], "texture": "#0"},
				"east": {"uv": [3.75, 8.28125, 3.8, 8.33125], "texture": "#0"},
				"south": {"uv": [3.75, 8.28125, 3.8, 8.33125], "texture": "#0"},
				"west": {"uv": [3.75, 8.28125, 3.8, 8.33125], "texture": "#0"},
				"up": {"uv": [3.75, 8.28125, 3.8, 8.33125], "rotation": 180, "texture": "#0"},
				"down": {"uv": [3.75, 8.28125, 3.8, 8.33125], "rotation": 180, "texture": "#0"}
			}
		},
		{
			"from": [8.85457, 10.25808, 9.01676],
			"to": [9.15113, 10.55464, 9.31332],
			"rotation": {"angle": 0, "axis": "y", "origin": [7.9649, 11.37016, 8.05295]},
			"faces": {
				"north": {"uv": [3.75, 8.28125, 3.8, 8.33125], "texture": "#0"},
				"east": {"uv": [3.75, 8.28125, 3.8, 8.33125], "texture": "#0"},
				"south": {"uv": [3.75, 8.28125, 3.8, 8.33125], "texture": "#0"},
				"west": {"uv": [3.75, 8.28125, 3.8, 8.33125], "texture": "#0"},
				"up": {"uv": [3.75, 8.28125, 3.8, 8.33125], "rotation": 180, "texture": "#0"},
				"down": {"uv": [3.75, 8.28125, 3.8, 8.33125], "rotation": 180, "texture": "#0"}
			}
		},
		{
			"from": [8.40974, 10.99947, 10.46306],
			"to": [8.70629, 11.29603, 10.75961],
			"rotation": {"angle": 0, "axis": "y", "origin": [7.52007, 12.11156, 9.68401]},
			"faces": {
				"north": {"uv": [3.75, 8.28125, 3.8, 8.33125], "texture": "#0"},
				"east": {"uv": [3.75, 8.28125, 3.8, 8.33125], "texture": "#0"},
				"south": {"uv": [3.75, 8.28125, 3.8, 8.33125], "texture": "#0"},
				"west": {"uv": [3.75, 8.28125, 3.8, 8.33125], "texture": "#0"},
				"up": {"uv": [3.75, 8.28125, 3.8, 8.33125], "rotation": 180, "texture": "#0"},
				"down": {"uv": [3.75, 8.28125, 3.8, 8.33125], "rotation": 180, "texture": "#0"}
			}
		},
		{
			"from": [7.22351, 10.99947, 10.46306],
			"to": [7.52007, 11.29603, 10.75961],
			"rotation": {"angle": 0, "axis": "y", "origin": [6.33384, 12.11156, 9.68401]},
			"faces": {
				"north": {"uv": [3.75, 8.28125, 3.8, 8.33125], "texture": "#0"},
				"east": {"uv": [3.75, 8.28125, 3.8, 8.33125], "texture": "#0"},
				"south": {"uv": [3.75, 8.28125, 3.8, 8.33125], "texture": "#0"},
				"west": {"uv": [3.75, 8.28125, 3.8, 8.33125], "texture": "#0"},
				"up": {"uv": [3.75, 8.28125, 3.8, 8.33125], "rotation": 180, "texture": "#0"},
				"down": {"uv": [3.75, 8.28125, 3.8, 8.33125], "rotation": 180, "texture": "#0"}
			}
		},
		{
			"from": [8.63215, 9.96152, 9.0909],
			"to": [8.78043, 11.29603, 9.23918],
			"rotation": {"angle": 22.5, "axis": "z", "origin": [7.66835, 11.07361, 8.05295]},
			"faces": {
				"north": {"uv": [3.75, 8.28125, 3.8, 8.33125], "texture": "#0"},
				"east": {"uv": [3.75, 8.28125, 3.8, 8.33125], "texture": "#0"},
				"south": {"uv": [3.75, 8.28125, 3.8, 8.33125], "texture": "#0"},
				"west": {"uv": [3.75, 8.28125, 3.8, 8.33125], "texture": "#0"},
				"up": {"uv": [3.75, 8.28125, 3.8, 8.33125], "rotation": 180, "texture": "#0"},
				"down": {"uv": [3.75, 8.28125, 3.8, 8.33125], "rotation": 180, "texture": "#0"}
			}
		},
		{
			"from": [7.29765, 10.70291, 9.0909],
			"to": [7.44593, 12.03742, 9.23918],
			"rotation": {"angle": -22.5, "axis": "z", "origin": [6.33384, 11.815, 8.05295]},
			"faces": {
				"north": {"uv": [3.75, 8.28125, 3.8, 8.33125], "texture": "#0"},
				"east": {"uv": [3.75, 8.28125, 3.8, 8.33125], "texture": "#0"},
				"south": {"uv": [3.75, 8.28125, 3.8, 8.33125], "texture": "#0"},
				"west": {"uv": [3.75, 8.28125, 3.8, 8.33125], "texture": "#0"},
				"up": {"uv": [3.75, 8.28125, 3.8, 8.33125], "rotation": 180, "texture": "#0"},
				"down": {"uv": [3.75, 8.28125, 3.8, 8.33125], "rotation": 180, "texture": "#0"}
			}
		},
		{
			"from": [7.29765, 11.59258, 9.0909],
			"to": [8.63215, 11.74086, 9.23918],
			"rotation": {"angle": 0, "axis": "y", "origin": [6.33384, 11.51844, 8.05295]},
			"faces": {
				"north": {"uv": [3.75, 8.28125, 3.8, 8.33125], "texture": "#0"},
				"east": {"uv": [3.75, 8.28125, 3.8, 8.33125], "texture": "#0"},
				"south": {"uv": [3.75, 8.28125, 3.8, 8.33125], "texture": "#0"},
				"west": {"uv": [3.75, 8.28125, 3.8, 8.33125], "texture": "#0"},
				"up": {"uv": [3.75, 8.28125, 3.8, 8.33125], "rotation": 180, "texture": "#0"},
				"down": {"uv": [3.75, 8.28125, 3.8, 8.33125], "rotation": 180, "texture": "#0"}
			}
		},
		{
			"from": [8.48388, 11.59258, 9.0909],
			"to": [8.63215, 11.74086, 10.57368],
			"rotation": {"angle": 0, "axis": "y", "origin": [6.33384, 11.51844, 8.05295]},
			"faces": {
				"north": {"uv": [3.75, 8.28125, 3.8, 8.33125], "texture": "#0"},
				"east": {"uv": [3.75, 8.28125, 3.8, 8.33125], "texture": "#0"},
				"south": {"uv": [3.75, 8.28125, 3.8, 8.33125], "texture": "#0"},
				"west": {"uv": [3.75, 8.28125, 3.8, 8.33125], "texture": "#0"},
				"up": {"uv": [3.75, 8.28125, 3.8, 8.33125], "rotation": 180, "texture": "#0"},
				"down": {"uv": [3.75, 8.28125, 3.8, 8.33125], "rotation": 180, "texture": "#0"}
			}
		},
		{
			"from": [8.48388, 10.22842, 10.61133],
			"to": [8.63215, 10.82154, 10.75961],
			"rotation": {"angle": -22.5, "axis": "x", "origin": [6.33384, 10.62877, 8.34951]},
			"faces": {
				"north": {"uv": [3.75, 8.28125, 3.8, 8.33125], "texture": "#0"},
				"east": {"uv": [3.75, 8.28125, 3.8, 8.33125], "texture": "#0"},
				"south": {"uv": [3.75, 8.28125, 3.8, 8.33125], "texture": "#0"},
				"west": {"uv": [3.75, 8.28125, 3.8, 8.33125], "texture": "#0"},
				"up": {"uv": [3.75, 8.28125, 3.8, 8.33125], "rotation": 180, "texture": "#0"},
				"down": {"uv": [3.75, 8.28125, 3.8, 8.33125], "rotation": 180, "texture": "#0"}
			}
		},
		{
			"from": [7.29765, 10.22842, 10.61133],
			"to": [7.44593, 10.82154, 10.75961],
			"rotation": {"angle": -22.5, "axis": "x", "origin": [5.14762, 10.62877, 8.34951]},
			"faces": {
				"north": {"uv": [3.75, 8.28125, 3.8, 8.33125], "texture": "#0"},
				"east": {"uv": [3.75, 8.28125, 3.8, 8.33125], "texture": "#0"},
				"south": {"uv": [3.75, 8.28125, 3.8, 8.33125], "texture": "#0"},
				"west": {"uv": [3.75, 8.28125, 3.8, 8.33125], "texture": "#0"},
				"up": {"uv": [3.75, 8.28125, 3.8, 8.33125], "rotation": 180, "texture": "#0"},
				"down": {"uv": [3.75, 8.28125, 3.8, 8.33125], "rotation": 180, "texture": "#0"}
			}
		},
		{
			"from": [7.29765, 11.59258, 9.0909],
			"to": [7.44593, 11.74086, 10.57368],
			"rotation": {"angle": 0, "axis": "y", "origin": [5.14762, 11.51844, 8.05295]},
			"faces": {
				"north": {"uv": [3.75, 8.28125, 3.8, 8.33125], "texture": "#0"},
				"east": {"uv": [3.75, 8.28125, 3.8, 8.33125], "texture": "#0"},
				"south": {"uv": [3.75, 8.28125, 3.8, 8.33125], "texture": "#0"},
				"west": {"uv": [3.75, 8.28125, 3.8, 8.33125], "texture": "#0"},
				"up": {"uv": [3.75, 8.28125, 3.8, 8.33125], "rotation": 180, "texture": "#0"},
				"down": {"uv": [3.75, 8.28125, 3.8, 8.33125], "rotation": 180, "texture": "#0"}
			}
		},
		{
			"from": [6.77868, 10.25808, 9.01676],
			"to": [7.07523, 10.55464, 9.31332],
			"rotation": {"angle": 0, "axis": "y", "origin": [5.88901, 11.37016, 8.05295]},
			"faces": {
				"north": {"uv": [3.75, 8.28125, 3.8, 8.33125], "texture": "#0"},
				"east": {"uv": [3.75, 8.28125, 3.8, 8.33125], "texture": "#0"},
				"south": {"uv": [3.75, 8.28125, 3.8, 8.33125], "texture": "#0"},
				"west": {"uv": [3.75, 8.28125, 3.8, 8.33125], "texture": "#0"},
				"up": {"uv": [3.75, 8.28125, 3.8, 8.33125], "rotation": 180, "texture": "#0"},
				"down": {"uv": [3.75, 8.28125, 3.8, 8.33125], "rotation": 180, "texture": "#0"}
			}
		}
	],
	"groups": [
		{
			"name": "group",
			"origin": [7.85, 8.025, 7.85],
			"color": 0,
			"nbt": "{}",
			"children": [0, 1, 2]
		},
		{
			"name": "ylj",
			"origin": [0.54101, -6.8, -1.17612],
			"color": 0,
			"nbt": "{}",
			"children": [
				{
					"name": "bone",
					"origin": [0.05441, 6.3073, -1.55528],
					"color": 0,
					"nbt": "{}",
					"children": [
						3,
						4,
						5,
						6,
						7,
						8,
						9,
						10,
						11,
						12,
						13,
						14,
						15,
						16,
						17,
						18,
						19,
						20,
						21,
						22,
						23,
						24,
						25,
						26,
						27,
						28,
						29,
						30,
						31,
						32,
						33,
						34,
						35,
						36,
						37,
						38,
						39,
						40,
						41,
						42,
						43,
						44,
						45,
						46,
						47,
						48,
						49,
						50,
						51,
						52,
						53,
						54,
						55,
						56,
						57,
						58,
						59,
						60
					]
				}
			]
		}
	]
}