{
	"credit": "Made with Blockbench",
	"texture_size": [128, 128],
	"textures": {
		"2": "custom_mobs/brute_body",
		"particle": "custom_mobs/brute_body"
	},
	"elements": [
		{
			"from": [1, 0, 4.5],
			"to": [15, 5, 11.5],
			"rotation": {"angle": 0, "axis": "y", "origin": [0, -2, -0.5]},
			"faces": {
				"north": {"uv": [4.375, 4.5, 6.125, 5.125], "texture": "#2"},
				"east": {"uv": [6.375, 5.75, 7.25, 6.375], "texture": "#2"},
				"south": {"uv": [4.875, 2, 6.625, 2.625], "texture": "#2"},
				"west": {"uv": [6.375, 6.375, 7.25, 7], "texture": "#2"},
				"up": {"uv": [1.75, 4.5, 0, 3.625], "texture": "#2"},
				"down": {"uv": [5.5, 1.125, 3.75, 2], "texture": "#2"}
			}
		},
		{
			"from": [2, 5, 5.5],
			"to": [14, 7, 10.5],
			"rotation": {"angle": 0, "axis": "y", "origin": [0, -5, -0.5]},
			"faces": {
				"north": {"uv": [6, 0.625, 7.5, 0.875], "texture": "#2"},
				"east": {"uv": [2, 7, 2.625, 7.25], "texture": "#2"},
				"south": {"uv": [6.125, 4.875, 7.625, 5.125], "texture": "#2"},
				"west": {"uv": [2.625, 7, 3.25, 7.25], "texture": "#2"},
				"up": {"uv": [6.375, 4.25, 4.875, 3.625], "texture": "#2"},
				"down": {"uv": [6.875, 5.125, 5.375, 5.75], "texture": "#2"}
			}
		},
		{
			"from": [3, 3, 8.4],
			"to": [13, 15, 14.4],
			"rotation": {"angle": 22.5, "axis": "x", "origin": [8, 8, 11.9]},
			"faces": {
				"north": {"uv": [2.5, 1.125, 3.75, 2.625], "texture": "#2"},
				"east": {"uv": [2.875, 4.125, 3.625, 5.625], "texture": "#2"},
				"south": {"uv": [2.5, 2.625, 3.75, 4.125], "texture": "#2"},
				"west": {"uv": [3.625, 4.5, 4.375, 6], "texture": "#2"},
				"up": {"uv": [6.75, 1.75, 5.5, 1], "texture": "#2"},
				"down": {"uv": [3.375, 5.625, 2.125, 6.375], "texture": "#2"}
			}
		},
		{
			"from": [5, -3, 5.5],
			"to": [11, 0, 10.5],
			"rotation": {"angle": 0, "axis": "y", "origin": [0, -2, -0.5]},
			"faces": {
				"north": {"uv": [1.75, 3.625, 2.5, 4], "texture": "#2"},
				"east": {"uv": [6.75, 1.25, 7.375, 1.625], "texture": "#2"},
				"south": {"uv": [6.75, 0.875, 7.5, 1.25], "texture": "#2"},
				"west": {"uv": [6.875, 2.375, 7.5, 2.75], "texture": "#2"},
				"up": {"uv": [0.75, 7.25, 0, 6.625], "texture": "#2"},
				"down": {"uv": [7.375, 1.75, 6.625, 2.375], "texture": "#2"}
			}
		},
		{
			"from": [4, -4, 2.5],
			"to": [12, 3, 5.5],
			"rotation": {"angle": 0, "axis": "y", "origin": [0, -2, -0.5]},
			"faces": {
				"north": {"uv": [0, 5.75, 1, 6.625], "texture": "#2"},
				"east": {"uv": [1.125, 4.5, 1.5, 5.375], "texture": "#2"},
				"south": {"uv": [5.375, 5.75, 6.375, 6.625], "texture": "#2"},
				"west": {"uv": [4, 6.625, 4.375, 7.5], "texture": "#2"},
				"up": {"uv": [7.375, 4.25, 6.375, 3.875], "texture": "#2"},
				"down": {"uv": [4, 6.625, 3, 7], "texture": "#2"}
			}
		},
		{
			"from": [-2, 7, 3.5],
			"to": [18, 17, 12.5],
			"rotation": {"angle": 0, "axis": "y", "origin": [0, -2, -0.5]},
			"faces": {
				"north": {"uv": [0, 0, 2.5, 1.25], "texture": "#2"},
				"east": {"uv": [3.75, 2, 4.875, 3.25], "texture": "#2"},
				"south": {"uv": [0, 1.25, 2.5, 2.5], "texture": "#2"},
				"west": {"uv": [3.75, 3.25, 4.875, 4.5], "texture": "#2"},
				"up": {"uv": [2.5, 3.625, 0, 2.5], "texture": "#2"},
				"down": {"uv": [5, 0, 2.5, 1.125], "texture": "#2"}
			}
		},
		{
			"from": [10.75, -0.25, 3.25],
			"to": [18.25, 17.25, 8.75],
			"rotation": {"angle": 0, "axis": "y", "origin": [0, -2, -0.5]},
			"faces": {
				"north": {"uv": [7.75, 0, 8.625, 2.125], "texture": "#2"},
				"east": {"uv": [0, 7.25, 0.625, 9.375], "texture": "#2"},
				"up": {"uv": [3.25, 7.875, 2.375, 7.25], "texture": "#2"}
			}
		},
		{
			"from": [5.55, -3.98955, 11.48848],
			"to": [13.05, 13.51045, 16.98848],
			"rotation": {"angle": 0, "axis": "y", "origin": [-5.2, -5.73955, 20.73848]},
			"faces": {
				"east": {"uv": [0.625, 7.25, 0, 9.375], "texture": "#2"},
				"south": {"uv": [8.625, 0, 7.75, 2.125], "texture": "#2"},
				"up": {"uv": [3.25, 7.25, 2.375, 7.875], "texture": "#2"}
			}
		},
		{
			"from": [-2, 11, 5.5],
			"to": [6, 16, 13.5],
			"rotation": {"angle": -22.5, "axis": "z", "origin": [10, 20.5, 8]},
			"faces": {
				"north": {"uv": [5.875, 2.625, 6.875, 3.25], "texture": "#2"},
				"east": {"uv": [6, 0, 7, 0.625], "texture": "#2"},
				"south": {"uv": [3.375, 6, 4.375, 6.625], "texture": "#2"},
				"west": {"uv": [6.125, 4.25, 7.125, 4.875], "texture": "#2"},
				"up": {"uv": [5.875, 3.625, 4.875, 2.625], "texture": "#2"},
				"down": {"uv": [6, 0, 5, 1], "texture": "#2"}
			}
		},
		{
			"from": [10, 11, 5.5],
			"to": [18, 16, 13.5],
			"rotation": {"angle": 22.5, "axis": "z", "origin": [6, 20.5, 8]},
			"faces": {
				"north": {"uv": [4.375, 6.125, 5.375, 6.75], "texture": "#2"},
				"east": {"uv": [1, 6.375, 2, 7], "texture": "#2"},
				"south": {"uv": [2, 6.375, 3, 7], "texture": "#2"},
				"west": {"uv": [6.375, 3.25, 7.375, 3.875], "texture": "#2"},
				"up": {"uv": [5.375, 6.125, 4.375, 5.125], "texture": "#2"},
				"down": {"uv": [2.125, 5.375, 1.125, 6.375], "texture": "#2"}
			}
		},
		{
			"from": [-0.02, 4.98, 3.48],
			"to": [9.02, 15.02, 5.52],
			"rotation": {"angle": 0, "axis": "y", "origin": [-1, -1, -0.5]},
			"faces": {
				"north": {"uv": [1.75, 4.125, 2.875, 5.375], "texture": "#2"},
				"east": {"uv": [0.75, 6.625, 1, 7.875], "texture": "#2"},
				"south": {"uv": [0, 4.5, 1.125, 5.75], "texture": "#2"},
				"west": {"uv": [5.375, 6.625, 5.625, 7.875], "texture": "#2"},
				"up": {"uv": [6, 4.5, 4.875, 4.25], "texture": "#2"},
				"down": {"uv": [6.625, 1.75, 5.5, 2], "texture": "#2"}
			}
		},
		{
			"from": [-0.02, 4.98, 1.48],
			"to": [2.02, 15.02, 3.52],
			"rotation": {"angle": 0, "axis": "y", "origin": [-1, -1, -0.5]},
			"faces": {
				"north": {"uv": [5.625, 6.625, 5.875, 7.875], "texture": "#2"},
				"east": {"uv": [5.875, 6.625, 6.125, 7.875], "texture": "#2"},
				"south": {"uv": [6.125, 6.625, 6.375, 7.875], "texture": "#2"},
				"west": {"uv": [4.375, 6.75, 4.625, 8], "texture": "#2"},
				"up": {"uv": [1.75, 5.375, 1.5, 5.125], "texture": "#2"},
				"down": {"uv": [3.625, 5.625, 3.375, 5.875], "texture": "#2"}
			}
		},
		{
			"from": [1.98, 4.98, 1.48],
			"to": [8.02, 7.02, 3.52],
			"rotation": {"angle": 0, "axis": "y", "origin": [-1, -2, -0.5]},
			"faces": {
				"north": {"uv": [2.125, 5.375, 2.875, 5.625], "texture": "#2"},
				"east": {"uv": [5.875, 3.25, 6.125, 3.5], "texture": "#2"},
				"south": {"uv": [6.875, 2.75, 7.625, 3], "texture": "#2"},
				"west": {"uv": [6.125, 3.25, 6.375, 3.5], "texture": "#2"},
				"up": {"uv": [7.625, 3.25, 6.875, 3], "texture": "#2"},
				"down": {"uv": [7.625, 5.125, 6.875, 5.375], "texture": "#2"}
			}
		},
		{
			"from": [7.98, 4.98, 1.48],
			"to": [10.02, 15.02, 3.52],
			"rotation": {"angle": 0, "axis": "y", "origin": [0, -1, -0.5]},
			"faces": {
				"north": {"uv": [4.625, 6.75, 4.875, 8], "texture": "#2"},
				"east": {"uv": [4.875, 6.75, 5.125, 8], "texture": "#2"},
				"south": {"uv": [5.125, 6.75, 5.375, 8], "texture": "#2"},
				"west": {"uv": [1, 7, 1.25, 8.25], "texture": "#2"},
				"up": {"uv": [3.25, 6.625, 3, 6.375], "texture": "#2"},
				"down": {"uv": [6.875, 2.375, 6.625, 2.625], "texture": "#2"}
			}
		},
		{
			"from": [6.98, 7.98, 2.48],
			"to": [8.02, 13.02, 3.52],
			"rotation": {"angle": 0, "axis": "y", "origin": [0, -1, -0.5]},
			"faces": {
				"north": {"uv": [1.5, 4.5, 1.625, 5.125], "texture": "#2"},
				"east": {"uv": [1.625, 4.5, 1.75, 5.125], "texture": "#2"},
				"south": {"uv": [1, 5.75, 1.125, 6.375], "texture": "#2"},
				"west": {"uv": [3.25, 7, 3.375, 7.625], "texture": "#2"},
				"up": {"uv": [3.75, 4.25, 3.625, 4.125], "texture": "#2"},
				"down": {"uv": [3.75, 4.25, 3.625, 4.375], "texture": "#2"}
			}
		},
		{
			"from": [5.98, 11.98, 2.48],
			"to": [7.02, 13.02, 3.52],
			"rotation": {"angle": 0, "axis": "y", "origin": [0, -1, -0.5]},
			"faces": {
				"north": {"uv": [3.625, 4.375, 3.75, 4.5], "texture": "#2"},
				"east": {"uv": [5, 1, 5.125, 1.125], "texture": "#2"},
				"south": {"uv": [5.125, 1, 5.25, 1.125], "texture": "#2"},
				"west": {"uv": [5.25, 1, 5.375, 1.125], "texture": "#2"},
				"up": {"uv": [5.5, 1.125, 5.375, 1], "texture": "#2"},
				"down": {"uv": [3.5, 5.875, 3.375, 6], "texture": "#2"}
			}
		},
		{
			"from": [1.98, 6.98, 2.48],
			"to": [8.02, 8.02, 3.52],
			"rotation": {"angle": 0, "axis": "y", "origin": [-1, -2, -0.5]},
			"faces": {
				"north": {"uv": [1.75, 4, 2.5, 4.125], "texture": "#2"},
				"east": {"uv": [3.5, 5.875, 3.625, 6], "texture": "#2"},
				"south": {"uv": [6, 0.875, 6.75, 1], "texture": "#2"},
				"west": {"uv": [5.875, 3.5, 6, 3.625], "texture": "#2"},
				"up": {"uv": [7.5, 1.75, 6.75, 1.625], "texture": "#2"},
				"down": {"uv": [7.625, 5.625, 6.875, 5.75], "texture": "#2"}
			}
		},
		{
			"from": [1.98, 7.98, 2.48],
			"to": [3.02, 13.02, 3.52],
			"rotation": {"angle": 0, "axis": "y", "origin": [-1, -1, -0.5]},
			"faces": {
				"north": {"uv": [3.375, 7, 3.5, 7.625], "texture": "#2"},
				"east": {"uv": [3.5, 7, 3.625, 7.625], "texture": "#2"},
				"south": {"uv": [3.625, 7, 3.75, 7.625], "texture": "#2"},
				"west": {"uv": [3.75, 7, 3.875, 7.625], "texture": "#2"},
				"up": {"uv": [6.125, 3.625, 6, 3.5], "texture": "#2"},
				"down": {"uv": [6.125, 4.25, 6, 4.375], "texture": "#2"}
			}
		},
		{
			"from": [2.98, 11.98, 2.48],
			"to": [4.02, 13.02, 3.52],
			"rotation": {"angle": 0, "axis": "y", "origin": [-1, -1, -0.5]},
			"faces": {
				"north": {"uv": [6, 4.375, 6.125, 4.5], "texture": "#2"},
				"east": {"uv": [6.125, 3.5, 6.25, 3.625], "texture": "#2"},
				"south": {"uv": [6.25, 3.5, 6.375, 3.625], "texture": "#2"},
				"west": {"uv": [3.25, 6.375, 3.375, 6.5], "texture": "#2"},
				"up": {"uv": [3.375, 6.625, 3.25, 6.5], "texture": "#2"},
				"down": {"uv": [7.125, 0.5, 7, 0.625], "texture": "#2"}
			}
		},
		{
			"from": [1.98, 12.98, 1.48],
			"to": [8.02, 15.02, 3.52],
			"rotation": {"angle": 0, "axis": "y", "origin": [-1, -1, -0.5]},
			"faces": {
				"north": {"uv": [6.875, 5.375, 7.625, 5.625], "texture": "#2"},
				"east": {"uv": [6.375, 7, 6.625, 7.25], "texture": "#2"},
				"south": {"uv": [7, 0, 7.75, 0.25], "texture": "#2"},
				"west": {"uv": [6.625, 7, 6.875, 7.25], "texture": "#2"},
				"up": {"uv": [7.75, 0.5, 7, 0.25], "texture": "#2"},
				"down": {"uv": [2, 7, 1.25, 7.25], "texture": "#2"}
			}
		}
	],
	"display": {
		"head": {
			"translation": [0, -2, 0],
			"scale": [1.7, 1.7, 1.7]
		}
	},
	"groups": [0, 1, 2, 3, 4, 5, 6, 7, 8, 9,
		{
			"name": "group",
			"origin": [0, -2, -0.5],
			"color": 0,
			"children": [10, 11, 12, 13, 14, 15, 16, 17, 18, 19]
		}
	]
}