{
	"credit": "Made with Blockbench",
	"texture_size": [64, 64],
	"textures": {
		"1": "custom_mobs/brute_head"
	},
	"elements": [
		{
			"from": [4, 5, 3],
			"to": [12, 13, 12],
			"rotation": {"angle": 0, "axis": "y", "origin": [3, 7, 1]},
			"faces": {
				"north": {"uv": [2.25, 2.25, 4.25, 4.25], "texture": "#1"},
				"east": {"uv": [0, 0, 2.25, 2], "texture": "#1"},
				"south": {"uv": [0, 4, 2, 6], "texture": "#1"},
				"west": {"uv": [0, 2, 2.25, 4], "texture": "#1"},
				"up": {"uv": [4.25, 2.25, 2.25, 0], "texture": "#1"},
				"down": {"uv": [9.75, 2.25, 7.75, 0], "texture": "#1"}
			}
		},
		{
			"name": "eye",
			"from": [5, 7, 3.75],
			"to": [11, 11, 3],
			"rotation": {"angle": 0, "axis": "y", "origin": [1, 7, -8]},
			"faces": {
				"north": {"uv": [6, 2.25, 7.5, 3.25], "texture": "#1"},
				"east": {"uv": [6.75, 6.75, 7, 7.75], "texture": "#1"},
				"west": {"uv": [7, 6.75, 7.25, 7.75], "texture": "#1"},
				"up": {"uv": [8.25, 6.5, 6.75, 6.25], "texture": "#1"},
				"down": {"uv": [8.25, 6.5, 6.75, 6.75], "texture": "#1"}
			}
		},
		{
			"from": [12, 7, 4],
			"to": [15, 14, 11],
			"rotation": {"angle": 0, "axis": "y", "origin": [11, 7, 0]},
			"faces": {
				"north": {"uv": [0.75, 6, 1.5, 7.75], "texture": "#1"},
				"east": {"uv": [4.25, 0, 6, 1.75], "texture": "#1"},
				"south": {"uv": [6, 4.25, 6.75, 6], "texture": "#1"},
				"west": {"uv": [4.25, 1.75, 6, 3.5], "texture": "#1"},
				"up": {"uv": [6.75, 7.75, 6, 6], "texture": "#1"},
				"down": {"uv": [2.25, 6.5, 1.5, 8.25], "texture": "#1"}
			}
		},
		{
			"from": [1, 5, 5],
			"to": [4, 14, 10],
			"rotation": {"angle": 0, "axis": "y", "origin": [0, 7, -3]},
			"faces": {
				"north": {"uv": [0, 6, 0.75, 8.25], "texture": "#1"},
				"east": {"uv": [2, 4.25, 3.25, 6.5], "texture": "#1"},
				"south": {"uv": [6, 0, 6.75, 2.25], "texture": "#1"},
				"west": {"uv": [3.25, 4.25, 4.5, 6.5], "texture": "#1"},
				"up": {"uv": [5.25, 7.75, 4.5, 6.5], "texture": "#1"},
				"down": {"uv": [6, 6.5, 5.25, 7.75], "texture": "#1"}
			}
		},
		{
			"from": [1, 8, 10],
			"to": [4, 14, 16],
			"rotation": {"angle": 0, "axis": "y", "origin": [0, 7, 2]},
			"faces": {
				"east": {"uv": [4.5, 3.5, 6, 5], "texture": "#1"},
				"south": {"uv": [2.25, 6.5, 3, 8], "texture": "#1"},
				"west": {"uv": [4.5, 5, 6, 6.5], "texture": "#1"},
				"up": {"uv": [3.75, 8, 3, 6.5], "texture": "#1"},
				"down": {"uv": [4.5, 6.5, 3.75, 8], "texture": "#1"}
			}
		},
		{
			"from": [12, 11, 11],
			"to": [15, 14, 15],
			"rotation": {"angle": 0, "axis": "y", "origin": [11, 7, 3]},
			"faces": {
				"east": {"uv": [6.75, 0, 7.75, 0.75], "texture": "#1"},
				"south": {"uv": [6.75, 1.5, 7.5, 2.25], "texture": "#1"},
				"west": {"uv": [6.75, 0.75, 7.75, 1.5], "texture": "#1"},
				"up": {"uv": [7.5, 5.25, 6.75, 4.25], "texture": "#1"},
				"down": {"uv": [7.5, 5.25, 6.75, 6.25], "texture": "#1"}
			}
		}
	],
	"display": {
		"head": {
			"translation": [0, 6.5, 0],
			"scale": [1.71, 1.71, 1.71]
		}
	}
}