{
	"credit": "Made with Blockbench",
	"texture_size": [64, 64],
	"textures": {
		"1": "custom_mobs/brute_leg"
	},
	"elements": [
		{
			"from": [7.9, 5.85567, 5.09553],
			"to": [13.1, 10.05567, 9.29553],
			"rotation": {"angle": 22.5, "axis": "x", "origin": [10, 7.45567, 7.19553]},
			"faces": {
				"north": {"uv": [7, 7.25, 5.75, 8.25], "texture": "#1"},
				"east": {"uv": [9.25, 8.25, 8.25, 9.25], "texture": "#1"},
				"south": {"uv": [3, 7.75, 1.75, 8.75], "texture": "#1"},
				"west": {"uv": [8.25, 8.25, 7.25, 9.25], "texture": "#1"},
				"up": {"uv": [7.75, 6.25, 9, 5.25], "texture": "#1"},
				"down": {"uv": [7.75, 6.25, 9, 7.25], "texture": "#1"}
			}
		},
		{
			"from": [9.5, 9, 3],
			"to": [16.5, 18, 12],
			"rotation": {"angle": 0, "axis": "y", "origin": [1.5, 9, 0]},
			"faces": {
				"north": {"uv": [1.75, 4.5, 0, 6.75], "texture": "#1"},
				"east": {"uv": [2.25, 2.25, 0, 4.5], "texture": "#1"},
				"south": {"uv": [5.75, 5, 4, 7.25], "texture": "#1"},
				"west": {"uv": [2.25, 0, 0, 2.25], "texture": "#1"},
				"up": {"uv": [1.75, 7.75, 3.5, 5.5], "texture": "#1"},
				"down": {"uv": [5.75, 0, 7.5, 2.25], "texture": "#1"}
			}
		},
		{
			"from": [8, -10, 2],
			"to": [15, 1, 4],
			"rotation": {"angle": 0, "axis": "y", "origin": [3, 2, -1]},
			"faces": {
				"north": {"uv": [4, 0, 2.25, 2.75], "texture": "#1"},
				"east": {"uv": [7.75, 5.25, 7.25, 8], "texture": "#1"},
				"south": {"uv": [4, 2.75, 2.25, 5.5], "texture": "#1"},
				"west": {"uv": [5.75, 7.25, 5.25, 10], "texture": "#1"},
				"up": {"uv": [9, 2, 10.75, 1.5], "texture": "#1"},
				"down": {"uv": [9, 2, 10.75, 2.5], "texture": "#1"}
			}
		},
		{
			"from": [9, -7, 4],
			"to": [14, -4, 8],
			"rotation": {"angle": 0, "axis": "y", "origin": [3, 2, 0]},
			"faces": {
				"north": {"uv": [2.5, 8.75, 1.25, 9.5], "texture": "#1"},
				"east": {"uv": [10, 5.25, 9, 6], "texture": "#1"},
				"south": {"uv": [3.75, 8.75, 2.5, 9.5], "texture": "#1"},
				"west": {"uv": [10, 4.5, 9, 5.25], "texture": "#1"},
				"up": {"uv": [7.75, 8.25, 9, 7.25], "texture": "#1"},
				"down": {"uv": [0, 8.25, 1.25, 9.25], "texture": "#1"}
			}
		},
		{
			"from": [8, -10, 4],
			"to": [15, -7, 10],
			"rotation": {"angle": 0, "axis": "y", "origin": [3, 2, 0]},
			"faces": {
				"north": {"uv": [9.25, 0, 7.5, 0.75], "texture": "#1"},
				"east": {"uv": [7.25, 8.25, 5.75, 9], "texture": "#1"},
				"south": {"uv": [9.25, 0.75, 7.5, 1.5], "texture": "#1"},
				"west": {"uv": [9, 1.5, 7.5, 2.25], "texture": "#1"},
				"up": {"uv": [0, 8.25, 1.75, 6.75], "texture": "#1"},
				"down": {"uv": [7.25, 2.25, 9, 3.75], "texture": "#1"}
			}
		},
		{
			"from": [8, -4, 4],
			"to": [15, 6, 10],
			"rotation": {"angle": 0, "axis": "y", "origin": [3, 2, -1]},
			"faces": {
				"north": {"uv": [5.75, 0, 4, 2.5], "texture": "#1"},
				"east": {"uv": [7.25, 4.75, 5.75, 7.25], "texture": "#1"},
				"south": {"uv": [5.75, 2.5, 4, 5], "texture": "#1"},
				"west": {"uv": [7.25, 2.25, 5.75, 4.75], "texture": "#1"},
				"up": {"uv": [3.5, 8.75, 5.25, 7.25], "texture": "#1"},
				"down": {"uv": [7.25, 3.75, 9, 5.25], "texture": "#1"}
			}
		},
		{
			"from": [13, 6, 4],
			"to": [15, 8, 10],
			"rotation": {"angle": 0, "axis": "y", "origin": [3, 6, -1]},
			"faces": {
				"north": {"uv": [2.25, 4.5, 1.75, 5], "texture": "#1"},
				"east": {"uv": [10.5, 2.5, 9, 3], "texture": "#1"},
				"south": {"uv": [2.25, 5, 1.75, 5.5], "texture": "#1"},
				"west": {"uv": [5.25, 8.75, 3.75, 9.25], "texture": "#1"},
				"up": {"uv": [3.5, 7, 4, 5.5], "texture": "#1"},
				"down": {"uv": [9, 3, 9.5, 4.5], "texture": "#1"}
			}
		}
	],
	"display": {
		"head": {
			"translation": [0, -12, 0],
			"scale": [1.7, 1.7, 1.7]
		}
	}
}