{
	"credit": "Made with Blockbench",
	"texture_size": [64, 64],
	"textures": {
		"1": "custom_mobs/brute_leg"
	},
	"elements": [
		{
			"from": [2.9, 5.85567, 5.09553],
			"to": [8.1, 10.05567, 9.29553],
			"rotation": {"angle": 22.5, "axis": "x", "origin": [6, 7.45567, 7.19553]},
			"faces": {
				"north": {"uv": [5.75, 7.25, 7, 8.25], "texture": "#1"},
				"east": {"uv": [7.25, 8.25, 8.25, 9.25], "texture": "#1"},
				"south": {"uv": [1.75, 7.75, 3, 8.75], "texture": "#1"},
				"west": {"uv": [8.25, 8.25, 9.25, 9.25], "texture": "#1"},
				"up": {"uv": [9, 6.25, 7.75, 5.25], "texture": "#1"},
				"down": {"uv": [9, 6.25, 7.75, 7.25], "texture": "#1"}
			}
		},
		{
			"from": [-0.5, 9, 3],
			"to": [6.5, 18, 12],
			"rotation": {"angle": 0, "axis": "y", "origin": [14.5, 9, 0]},
			"faces": {
				"north": {"uv": [0, 4.5, 1.75, 6.75], "texture": "#1"},
				"east": {"uv": [0, 0, 2.25, 2.25], "texture": "#1"},
				"south": {"uv": [4, 5, 5.75, 7.25], "texture": "#1"},
				"west": {"uv": [0, 2.25, 2.25, 4.5], "texture": "#1"},
				"up": {"uv": [3.5, 7.75, 1.75, 5.5], "texture": "#1"},
				"down": {"uv": [7.5, 0, 5.75, 2.25], "texture": "#1"}
			}
		},
		{
			"from": [1, -10, 2],
			"to": [8, 1, 4],
			"rotation": {"angle": 0, "axis": "y", "origin": [13, 2, -1]},
			"faces": {
				"north": {"uv": [2.25, 0, 4, 2.75], "texture": "#1"},
				"east": {"uv": [5.25, 7.25, 5.75, 10], "texture": "#1"},
				"south": {"uv": [2.25, 2.75, 4, 5.5], "texture": "#1"},
				"west": {"uv": [7.25, 5.25, 7.75, 8], "texture": "#1"},
				"up": {"uv": [10.75, 2, 9, 1.5], "texture": "#1"},
				"down": {"uv": [10.75, 2, 9, 2.5], "texture": "#1"}
			}
		},
		{
			"from": [2, -7, 4],
			"to": [7, -4, 8],
			"rotation": {"angle": 0, "axis": "y", "origin": [13, 2, 0]},
			"faces": {
				"north": {"uv": [1.25, 8.75, 2.5, 9.5], "texture": "#1"},
				"east": {"uv": [9, 4.5, 10, 5.25], "texture": "#1"},
				"south": {"uv": [2.5, 8.75, 3.75, 9.5], "texture": "#1"},
				"west": {"uv": [9, 5.25, 10, 6], "texture": "#1"},
				"up": {"uv": [9, 8.25, 7.75, 7.25], "texture": "#1"},
				"down": {"uv": [1.25, 8.25, 0, 9.25], "texture": "#1"}
			}
		},
		{
			"from": [1, -10, 4],
			"to": [8, -7, 10],
			"rotation": {"angle": 0, "axis": "y", "origin": [13, 2, 0]},
			"faces": {
				"north": {"uv": [7.5, 0, 9.25, 0.75], "texture": "#1"},
				"east": {"uv": [7.5, 1.5, 9, 2.25], "texture": "#1"},
				"south": {"uv": [7.5, 0.75, 9.25, 1.5], "texture": "#1"},
				"west": {"uv": [5.75, 8.25, 7.25, 9], "texture": "#1"},
				"up": {"uv": [1.75, 8.25, 0, 6.75], "texture": "#1"},
				"down": {"uv": [9, 2.25, 7.25, 3.75], "texture": "#1"}
			}
		},
		{
			"from": [1, -4, 4],
			"to": [8, 6, 10],
			"rotation": {"angle": 0, "axis": "y", "origin": [13, 2, -1]},
			"faces": {
				"north": {"uv": [4, 0, 5.75, 2.5], "texture": "#1"},
				"east": {"uv": [5.75, 2.25, 7.25, 4.75], "texture": "#1"},
				"south": {"uv": [4, 2.5, 5.75, 5], "texture": "#1"},
				"west": {"uv": [5.75, 4.75, 7.25, 7.25], "texture": "#1"},
				"up": {"uv": [5.25, 8.75, 3.5, 7.25], "texture": "#1"},
				"down": {"uv": [9, 3.75, 7.25, 5.25], "texture": "#1"}
			}
		},
		{
			"from": [1, 6, 4],
			"to": [3, 8, 10],
			"rotation": {"angle": 0, "axis": "y", "origin": [13, 6, -1]},
			"faces": {
				"north": {"uv": [1.75, 4.5, 2.25, 5], "texture": "#1"},
				"east": {"uv": [3.75, 8.75, 5.25, 9.25], "texture": "#1"},
				"south": {"uv": [1.75, 5, 2.25, 5.5], "texture": "#1"},
				"west": {"uv": [9, 2.5, 10.5, 3], "texture": "#1"},
				"up": {"uv": [4, 7, 3.5, 5.5], "texture": "#1"},
				"down": {"uv": [9.5, 3, 9, 4.5], "texture": "#1"}
			}
		}
	],
	"display": {
		"head": {
			"translation": [0, -12, 0],
			"scale": [1.7, 1.7, 1.7]
		}
	}
}