{
	"credit": "Made with Blockbench",
	"texture_size": [64, 64],
	"textures": {
		"1": "custom_mobs/brute_arm_dmg"
	},
	"elements": [
		{
			"from": [-2.02, 13.18, 8.48],
			"to": [7.02, 17.22, 19.52],
			"rotation": {"angle": -22.5, "axis": "x", "origin": [10, 3.2, 6.5]},
			"faces": {
				"north": {"uv": [10, 0, 7.75, 1], "texture": "#1"},
				"east": {"uv": [9.75, 7.5, 7, 8.5], "texture": "#1"},
				"south": {"uv": [10, 1, 7.75, 2], "texture": "#1"},
				"west": {"uv": [10, 3.5, 7.25, 4.5], "texture": "#1"},
				"up": {"uv": [0, 2.75, 2.25, 0], "texture": "#1"},
				"down": {"uv": [2.25, 0, 4.5, 2.75], "texture": "#1"}
			}
		},
		{
			"from": [0, 10, 4.5],
			"to": [8, 16, 10.5],
			"rotation": {"angle": 0, "axis": "y", "origin": [10, 4, -0.5]},
			"faces": {
				"north": {"uv": [5, 6.75, 3, 8.25], "texture": "#1"},
				"east": {"uv": [5.25, 8.25, 3.75, 9.75], "texture": "#1"},
				"south": {"uv": [7, 6.75, 5, 8.25], "texture": "#1"},
				"west": {"uv": [3.75, 8.25, 2.25, 9.75], "texture": "#1"},
				"up": {"uv": [7, 6, 9, 4.5], "texture": "#1"},
				"down": {"uv": [7, 6, 9, 7.5], "texture": "#1"}
			}
		},
		{
			"from": [0, 0, 5.5],
			"to": [4, 6, 9.5],
			"rotation": {"angle": 0, "axis": "y", "origin": [10, -6, -0.5]},
			"faces": {
				"north": {"uv": [10, 4.5, 9, 6], "texture": "#1"},
				"east": {"uv": [10.5, 2, 9.5, 3.5], "texture": "#1"},
				"south": {"uv": [10.25, 8.5, 9.25, 10], "texture": "#1"},
				"west": {"uv": [10, 6, 9, 7.5], "texture": "#1"},
				"up": {"uv": [9.75, 8.5, 10.75, 7.5], "texture": "#1"},
				"down": {"uv": [10, 0, 11, 1], "texture": "#1"}
			}
		},
		{
			"from": [-1, -2, 9.5],
			"to": [5, 8, 11.5],
			"rotation": {"angle": 0, "axis": "y", "origin": [10, -6, 3.5]},
			"faces": {
				"north": {"uv": [1.5, 5, 0, 7.5], "texture": "#1"},
				"east": {"uv": [0.5, 10, 0, 12.5], "texture": "#1"},
				"south": {"uv": [3, 5, 1.5, 7.5], "texture": "#1"},
				"west": {"uv": [9, 9.75, 8.5, 12.25], "texture": "#1"},
				"up": {"uv": [10, 6, 11.5, 5.5], "texture": "#1"},
				"down": {"uv": [10, 6, 11.5, 6.5], "texture": "#1"}
			}
		},
		{
			"from": [-1, 10, 10.5],
			"to": [4, 17, 13.5],
			"rotation": {"angle": 0, "axis": "y", "origin": [10, 4, 5.5]},
			"faces": {
				"north": {"uv": [6.5, 8.25, 5.25, 10], "texture": "#1"},
				"east": {"uv": [8.5, 9.75, 7.75, 11.5], "texture": "#1"},
				"south": {"uv": [7.75, 8.5, 6.5, 10.25], "texture": "#1"},
				"west": {"uv": [5.25, 9.75, 4.5, 11.5], "texture": "#1"},
				"up": {"uv": [10, 1.75, 11.25, 1], "texture": "#1"},
				"down": {"uv": [10, 3.5, 11.25, 4.25], "texture": "#1"}
			}
		},
		{
			"from": [1, 6, 6.5],
			"to": [3, 10, 12.5],
			"rotation": {"angle": 0, "axis": "y", "origin": [10, -3, 4.5]},
			"faces": {
				"north": {"uv": [2, 8.75, 1.5, 9.75], "texture": "#1"},
				"east": {"uv": [4.5, 9.75, 3, 10.75], "texture": "#1"},
				"south": {"uv": [10.5, 6.5, 10, 7.5], "texture": "#1"},
				"west": {"uv": [3, 9.75, 1.5, 10.75], "texture": "#1"},
				"up": {"uv": [5.25, 11.5, 5.75, 10], "texture": "#1"},
				"down": {"uv": [5.75, 10, 6.25, 11.5], "texture": "#1"}
			}
		},
		{
			"from": [-2, -9, 5.5],
			"to": [6, 0, 12.5],
			"rotation": {"angle": 0, "axis": "y", "origin": [10, -13, 3.5]},
			"faces": {
				"north": {"uv": [2, 2.75, 0, 5], "texture": "#1"},
				"east": {"uv": [6.25, 0, 4.5, 2.25], "texture": "#1"},
				"south": {"uv": [4, 2.75, 2, 5], "texture": "#1"},
				"west": {"uv": [5.75, 2.75, 4, 5], "texture": "#1"},
				"up": {"uv": [3, 6.75, 5, 5], "texture": "#1"},
				"down": {"uv": [5, 5, 7, 6.75], "texture": "#1"}
			}
		},
		{
			"from": [0, -9, 3.5],
			"to": [3, -4, 5.5],
			"rotation": {"angle": 0, "axis": "y", "origin": [-9, -13, 7.5]},
			"faces": {
				"north": {"uv": [10.75, 4.25, 10, 5.5], "texture": "#1"},
				"east": {"uv": [9.5, 10, 9, 11.25], "texture": "#1"},
				"south": {"uv": [1.25, 10, 0.5, 11.25], "texture": "#1"},
				"west": {"uv": [10, 10, 9.5, 11.25], "texture": "#1"},
				"up": {"uv": [5.25, 2.25, 4.5, 2.75], "texture": "#1"},
				"down": {"uv": [6.5, 5, 5.75, 4.5], "texture": "#1"}
			}
		},
		{
			"from": [0, -11, 4.5],
			"to": [6, -6, 13.5],
			"rotation": {"angle": -22.5, "axis": "z", "origin": [2.5, -8.5, 9]},
			"faces": {
				"north": {"uv": [7.75, 8.5, 9.25, 9.75], "texture": "#1"},
				"east": {"uv": [7.25, 2.25, 9.5, 3.5], "texture": "#1"},
				"south": {"uv": [0, 8.75, 1.5, 10], "texture": "#1"},
				"west": {"uv": [0, 7.5, 2.25, 8.75], "texture": "#1"},
				"up": {"uv": [7.25, 4.5, 5.75, 2.25], "texture": "#1"},
				"down": {"uv": [7.75, 0, 6.25, 2.25], "texture": "#1"}
			}
		}
	],
	"display": {
		"head": {
			"translation": [0, -10, 0],
			"scale": [1.7, 1.7, 1.7]
		}
	}
}