{
	"credit": "Made with Blockbench",
	"texture_size": [32, 32],
	"textures": {
		"0": "cnp:item/dlc/dlc0/23/1",
		"particle": "cnp:item/dlc/dlc0/23/1"
	},
	"elements": [
		{
			"from": [7, -1.5, 7],
			"to": [9, 8.5, 9],
			"rotation": {"angle": 0, "axis": "y", "origin": [7, -1.5, 7]},
			"faces": {
				"north": {"uv": [4, 4, 5, 9], "texture": "#0"},
				"east": {"uv": [5, 4, 6, 9], "texture": "#0"},
				"south": {"uv": [6, 4, 7, 9], "texture": "#0"},
				"west": {"uv": [7, 4, 8, 9], "texture": "#0"},
				"up": {"uv": [9, 7, 8, 6], "texture": "#0"},
				"down": {"uv": [9, 7, 8, 8], "texture": "#0"}
			}
		},
		{
			"from": [4, 8.5, 7],
			"to": [12, 16.5, 9],
			"rotation": {"angle": 0, "axis": "y", "origin": [4, 8.5, 7]},
			"faces": {
				"north": {"uv": [0, 0, 4, 4], "texture": "#0"},
				"east": {"uv": [0, 8, 1, 12], "texture": "#0"},
				"south": {"uv": [0, 4, 4, 8], "texture": "#0"},
				"west": {"uv": [1, 8, 2, 12], "texture": "#0"},
				"up": {"uv": [12, 5, 8, 4], "texture": "#0"},
				"down": {"uv": [12, 5, 8, 6], "texture": "#0"}
			}
		},
		{
			"from": [3, 3.5, 7],
			"to": [13, 5.5, 9],
			"rotation": {"angle": 0, "axis": "z", "origin": [7, 4.5, 8]},
			"faces": {
				"north": {"uv": [4, 0, 9, 1], "texture": "#0"},
				"east": {"uv": [2, 8, 3, 9], "texture": "#0"},
				"south": {"uv": [4, 1, 9, 2], "texture": "#0"},
				"west": {"uv": [3, 8, 4, 9], "texture": "#0"},
				"up": {"uv": [9, 3, 4, 2], "texture": "#0"},
				"down": {"uv": [9, 3, 4, 4], "texture": "#0"}
			}
		}
	],
	"display": {}
}