{
	"credit": "Made with Blockbench",
	"texture_size": [64, 32],
	"textures": {
		"0": "cnp:item/dlc/dlc0/14/cat",
		"particle": "cnp:item/dlc/dlc0/14/cat"
	},
	"elements": [
		{
			"from": [6, 8.75, 6],
			"to": [10, 11.75, 10],
			"rotation": {"angle": 0, "axis": "y", "origin": [6, 6, 6]},
			"faces": {
				"north": {"uv": [12, 0, 16, 5.5], "texture": "#0"},
				"east": {"uv": [8, 0, 12, 5.5], "texture": "#0"},
				"south": {"uv": [8, 0, 12, 5.5], "texture": "#0"},
				"west": {"uv": [8, 0, 12, 5.5], "texture": "#0"},
				"up": {"uv": [0, 8, 4, 16], "texture": "#0"},
				"down": {"uv": [4, 8, 8, 16], "texture": "#0"}
			}
		},
		{
			"from": [7.5, 11.25, 7.5],
			"to": [8.5, 12.25, 8.5],
			"rotation": {"angle": 0, "axis": "y", "origin": [7.5, 6.5, 7.5]},
			"faces": {
				"north": {"uv": [0.75, 1.5, 1.5, 3], "texture": "#0"},
				"east": {"uv": [0.75, 0, 1.5, 1.5], "texture": "#0"},
				"south": {"uv": [0, 1.5, 0.75, 3], "texture": "#0"},
				"west": {"uv": [6, 0, 6.75, 1.5], "texture": "#0"},
				"up": {"uv": [6.75, 0, 7.5, 1.5], "texture": "#0"},
				"down": {"uv": [0, 0, 0.75, 1.5], "texture": "#0"}
			}
		},
		{
			"from": [6.9, 8.8, 4.65],
			"to": [9.1, 11, 6.85],
			"rotation": {"angle": 0, "axis": "y", "origin": [7, 8, 8.75]},
			"faces": {
				"north": {"uv": [2, 4, 4, 8], "texture": "#0"},
				"east": {"uv": [0, 4, 2, 8], "texture": "#0"},
				"south": {"uv": [6, 4, 8, 8], "texture": "#0"},
				"west": {"uv": [4, 4, 6, 8], "texture": "#0"},
				"up": {"uv": [2, 0, 4, 4], "texture": "#0"},
				"down": {"uv": [8, 8, 6, 4], "texture": "#0"}
			}
		},
		{
			"from": [5.25, 8, 5.5],
			"to": [6.75, 9.5, 10.5],
			"rotation": {"angle": 0, "axis": "y", "origin": [7, 7, 6.5]},
			"faces": {
				"north": {"uv": [13.25, 8.5, 14.75, 11.5], "texture": "#0"},
				"east": {"uv": [13.25, 5.5, 8, 8.5], "texture": "#0"},
				"south": {"uv": [13.25, 8.5, 14.75, 11.5], "texture": "#0"},
				"west": {"uv": [8, 5.5, 13.25, 8.5], "texture": "#0"},
				"up": {"uv": [8, 11.5, 13.25, 14.5], "rotation": 90, "texture": "#0"},
				"down": {"uv": [8, 11.5, 13.25, 8.5], "rotation": 90, "texture": "#0"}
			}
		},
		{
			"from": [9.25, 8, 5.5],
			"to": [10.75, 9.5, 10.5],
			"rotation": {"angle": 0, "axis": "y", "origin": [9, 7, 6.5]},
			"faces": {
				"north": {"uv": [14.75, 8.5, 13.25, 11.5], "texture": "#0"},
				"east": {"uv": [13.25, 5.5, 8, 8.5], "texture": "#0"},
				"south": {"uv": [14.75, 8.5, 13.25, 11.5], "texture": "#0"},
				"west": {"uv": [8, 5.5, 13.25, 8.5], "texture": "#0"},
				"up": {"uv": [8, 14.5, 13.25, 11.5], "rotation": 90, "texture": "#0"},
				"down": {"uv": [8, 8.5, 13.25, 11.5], "rotation": 90, "texture": "#0"}
			}
		}
	],
	"display": {
		"ground": {
			"translation": [0, -1.5, 0]
		},
		"head": {
			"translation": [0, -31.5, 0.5],
			"scale": [4, 4, 4]
		}
	}
}