{
	"credit": "Made with Blockbench",
	"textures": {
		"0": "move/rainbow50",
		"1": "move/thunder_cloud",
		"particle": "move/rainbow50"
	},
	"elements": [
		{
			"from": [8.5, 2, 7.5],
			"to": [9.5, 12, 10.5],
			"rotation": { "angle": -22.5, "axis": "z", "origin": [8, 8, 8] },
			"faces": {
				"north": { "uv": [0, 0, 1, 10], "texture": "#0" },
				"east": { "uv": [0, 0, 3, 10], "texture": "#0" },
				"south": { "uv": [0, 0, 1, 10], "texture": "#0" },
				"west": { "uv": [0, 0, 3, 10], "texture": "#0" },
				"up": { "uv": [0, 0, 1, 3], "texture": "#0" },
				"down": { "uv": [0, 0, 1, 3], "texture": "#0" }
			}
		},
		{
			"from": [6.52832, 7.76005, 7],
			"to": [7.52832, 11.76005, 11],
			"rotation": { "angle": -45, "axis": "z", "origin": [8, 8, 8] },
			"faces": {
				"north": { "uv": [0, 0, 1, 4], "texture": "#0" },
				"east": { "uv": [0, 0, 4, 4], "texture": "#0" },
				"south": { "uv": [0, 0, 1, 4], "texture": "#0" },
				"west": { "uv": [0, 0, 4, 4], "texture": "#0" },
				"up": { "uv": [0, 0, 1, 4], "texture": "#0" },
				"down": { "uv": [0, 0, 1, 4], "texture": "#0" }
			}
		},
		{
			"from": [6.2039, 7.54328, 6.5],
			"to": [7.2039, 17.54328, 11.5],
			"rotation": { "angle": -22.5, "axis": "z", "origin": [8, 8, 8] },
			"faces": {
				"north": { "uv": [0, 0, 1, 10], "texture": "#0" },
				"east": { "uv": [0, 0, 5, 10], "texture": "#0" },
				"south": { "uv": [0, 0, 1, 10], "texture": "#0" },
				"west": { "uv": [0, 0, 5, 10], "texture": "#0" },
				"up": { "uv": [0, 0, 1, 5], "texture": "#0" },
				"down": { "uv": [4, 7, 9, 8], "rotation": 90, "texture": "#0" }
			}
		},
		{
			"from": [3.5, 0, 9.5],
			"to": [6.5, 2, 12.5],
			"faces": {
				"north": { "uv": [0, 0, 3, 2], "texture": "#1" },
				"east": { "uv": [0, 0, 3, 2], "texture": "#1" },
				"south": { "uv": [0, 0, 3, 2], "texture": "#1" },
				"west": { "uv": [0, 0, 3, 2], "texture": "#1" },
				"up": { "uv": [0, 0, 3, 3], "texture": "#1" },
				"down": { "uv": [0, 0, 3, 3], "texture": "#1" }
			}
		},
		{
			"from": [4.5, 1, 6.5],
			"to": [7.5, 3, 9.5],
			"faces": {
				"north": { "uv": [0, 0, 3, 2], "texture": "#1" },
				"east": { "uv": [0, 0, 3, 2], "texture": "#1" },
				"south": { "uv": [0, 0, 3, 2], "texture": "#1" },
				"west": { "uv": [0, 0, 3, 2], "texture": "#1" },
				"up": { "uv": [0, 0, 3, 3], "texture": "#1" },
				"down": { "uv": [0, 0, 3, 3], "texture": "#1" }
			}
		},
		{
			"from": [6.5, -1, 5.5],
			"to": [9.5, 1, 8.5],
			"faces": {
				"north": { "uv": [0, 0, 3, 2], "texture": "#1" },
				"east": { "uv": [0, 0, 3, 2], "texture": "#1" },
				"south": { "uv": [0, 0, 3, 2], "texture": "#1" },
				"west": { "uv": [0, 0, 3, 2], "texture": "#1" },
				"up": { "uv": [0, 0, 3, 3], "texture": "#1" },
				"down": { "uv": [0, 0, 3, 3], "texture": "#1" }
			}
		},
		{
			"from": [7.5, 0, 7.5],
			"to": [10.5, 2, 10.5],
			"faces": {
				"north": { "uv": [0, 0, 3, 2], "texture": "#1" },
				"east": { "uv": [0, 0, 3, 2], "texture": "#1" },
				"south": { "uv": [0, 0, 3, 2], "texture": "#1" },
				"west": { "uv": [0, 0, 3, 2], "texture": "#1" },
				"up": { "uv": [0, 0, 3, 3], "texture": "#1" },
				"down": { "uv": [0, 0, 3, 3], "texture": "#1" }
			}
		}
	],
	"display": {
		"thirdperson_righthand": {
			"translation": [0, 6, 0],
			"scale": [0.69, 0.69, 0.69]
		},
		"thirdperson_lefthand": {
			"translation": [0, 6, 0],
			"scale": [0.69, 0.69, 0.69]
		},
		"firstperson_righthand": {
			"rotation": [42, 5, 2],
			"translation": [0, 6.75, 4.25],
			"scale": [0.92, 0.92, 0.92]
		},
		"firstperson_lefthand": {
			"rotation": [42, 5, 2],
			"translation": [0, 6.75, 4.25],
			"scale": [0.92, 0.92, 0.92]
		},
		"ground": {
			"translation": [0, 8, 0]
		},
		"gui": {
			"rotation": [20, 25, -5],
			"translation": [0.25, -0.25, 0],
			"scale": [0.74, 0.74, 0.74]
		},
		"head": {
			"translation": [0, -32.5, 0],
			"scale": [1.5, 1.5, 1.5]
		},
		"fixed": {
			"rotation": [90, 0, 0],
			"translation": [0, 0, 8]
		}
	},
	"groups": [
		{
			"name": "group",
			"origin": [8, 8, 8],
			"children": []
		},
		0,
		1,
		2,
		3,
		4,
		5,
		6
	]
}
