{
	"credit": "Made with Blockbench",
	"texture_size": [64, 64],
	"textures": {
		"1": "custom_mobs/zombie_body"
	},
	"elements": [
		{
			"from": [3, 1.5, 6],
			"to": [11, 6.5, 10],
			"rotation": {"angle": 0, "axis": "y", "origin": [-1, 1.5, 0]},
			"faces": {
				"north": {"uv": [8, 0, 10, 1.25], "texture": "#1"},
				"east": {"uv": [10.75, 6, 11.75, 7.25], "texture": "#1"},
				"south": {"uv": [8, 1.25, 10, 2.5], "texture": "#1"},
				"west": {"uv": [5, 11, 6, 12.25], "texture": "#1"},
				"up": {"uv": [10.25, 4.75, 8.25, 3.75], "texture": "#1"},
				"down": {"uv": [10.75, 6.25, 8.75, 7.25], "texture": "#1"}
			}
		},
		{
			"from": [5, 5.5, 8],
			"to": [12, 10.5, 13],
			"rotation": {"angle": 0, "axis": "y", "origin": [-1, 1.5, 0]},
			"faces": {
				"north": {"uv": [8.25, 2.5, 10, 3.75], "texture": "#1"},
				"east": {"uv": [10, 1.25, 11.25, 2.5], "texture": "#1"},
				"south": {"uv": [3.75, 8.5, 5.5, 9.75], "texture": "#1"},
				"west": {"uv": [10, 2.5, 11.25, 3.75], "texture": "#1"},
				"up": {"uv": [7.25, 9.75, 5.5, 8.5], "texture": "#1"},
				"down": {"uv": [1.75, 8.75, 0, 10], "texture": "#1"}
			}
		},
		{
			"from": [6, 2.5, 12],
			"to": [11, 5.5, 13],
			"rotation": {"angle": 0, "axis": "y", "origin": [-1, -3.5, 0]},
			"faces": {
				"north": {"uv": [6, 4.75, 7.25, 5.5], "texture": "#1"},
				"east": {"uv": [8, 2.5, 8.25, 3.25], "texture": "#1"},
				"south": {"uv": [3.75, 7.75, 5, 8.5], "texture": "#1"},
				"west": {"uv": [10.25, 11, 10.5, 11.75], "texture": "#1"},
				"down": {"uv": [10.75, 6, 9.5, 6.25], "texture": "#1"}
			}
		},
		{
			"from": [1, 8.5, 6],
			"to": [15, 13.5, 10],
			"rotation": {"angle": 0, "axis": "y", "origin": [-1, 1.5, 0]},
			"faces": {
				"north": {"uv": [0, 4.5, 3.5, 5.75], "texture": "#1"},
				"east": {"uv": [6, 11, 7, 12.25], "texture": "#1"},
				"south": {"uv": [4.5, 0, 8, 1.25], "texture": "#1"},
				"west": {"uv": [8.25, 11, 9.25, 12.25], "texture": "#1"},
				"up": {"uv": [8, 2.25, 4.5, 1.25], "texture": "#1"},
				"down": {"uv": [8, 2.25, 4.5, 3.25], "texture": "#1"}
			}
		},
		{
			"from": [6.02, 6.32, 8.72],
			"to": [14.98, 15.28, 14.68],
			"rotation": {"angle": -45, "axis": "x", "origin": [8, 11.8, 10.7]},
			"faces": {
				"north": {"uv": [0, 0, 2.25, 2.25], "texture": "#1"},
				"east": {"uv": [4.5, 3.25, 6, 5.5], "texture": "#1"},
				"south": {"uv": [0, 2.25, 2.25, 4.5], "texture": "#1"},
				"west": {"uv": [3.5, 5.5, 5, 7.75], "texture": "#1"},
				"up": {"uv": [7.25, 7, 5, 5.5], "texture": "#1"},
				"down": {"uv": [2.25, 5.75, 0, 7.25], "texture": "#1"}
			}
		},
		{
			"from": [5, 13.22132, 5.73553],
			"to": [14, 19.22132, 14.73553],
			"rotation": {"angle": 0, "axis": "x", "origin": [10, 13.92132, 14.23553]},
			"faces": {
				"north": {"uv": [6, 3.25, 8.25, 4.75], "texture": "#1"},
				"east": {"uv": [5, 7, 7.25, 8.5], "texture": "#1"},
				"south": {"uv": [0, 7.25, 2.25, 8.75], "texture": "#1"},
				"west": {"uv": [7.25, 4.75, 9.5, 6.25], "texture": "#1"},
				"up": {"uv": [4.5, 2.25, 2.25, 0], "texture": "#1"},
				"down": {"uv": [4.5, 2.25, 2.25, 4.5], "texture": "#1"}
			}
		},
		{
			"from": [4.75, 13.97132, 5.48553],
			"to": [14.25, 19.47132, 14.98553],
			"rotation": {"angle": 0, "axis": "x", "origin": [10, 13.92132, 14.23553]},
			"faces": {
				"east": {"uv": [2.5, 14.5, 4.75, 15.75], "texture": "#1"},
				"south": {"uv": [0, 14.25, 2.25, 15.5], "texture": "#1"},
				"up": {"uv": [10.75, 16, 8.5, 13.75], "texture": "#1"},
				"down": {"uv": [4.5, 2.25, 2.25, 4.5], "texture": "#1"}
			}
		},
		{
			"from": [6.98, 0.73934, 17.38923],
			"to": [14.98, 10.73934, 17.38923],
			"rotation": {"angle": 0, "axis": "x", "origin": [10.98, 11.43934, 13.88923]},
			"faces": {
				"east": {"uv": [15, 0, 15, 2.5], "texture": "#1"},
				"south": {"uv": [14, 0, 16, 2.5], "texture": "#1"},
				"down": {"uv": [4.5, 2.25, 2.25, 4.5], "texture": "#1"}
			}
		},
		{
			"from": [2, 9.3, 8.7],
			"to": [6, 15.3, 14.7],
			"rotation": {"angle": -45, "axis": "x", "origin": [8, 11.8, 10.7]},
			"faces": {
				"north": {"uv": [1.25, 10.75, 2.25, 12.25], "texture": "#1"},
				"south": {"uv": [2.25, 10.75, 3.25, 12.25], "texture": "#1"},
				"west": {"uv": [7.25, 8, 8.75, 9.5], "texture": "#1"},
				"up": {"uv": [11.75, 10.25, 10.75, 8.75], "texture": "#1"},
				"down": {"uv": [11.75, 10.25, 10.75, 11.75], "texture": "#1"}
			}
		},
		{
			"from": [2.2, 8.5, 10],
			"to": [5.2, 12.5, 14],
			"rotation": {"angle": -22.5, "axis": "y", "origin": [4.25, 10.5, 14]},
			"faces": {
				"north": {"uv": [10.25, 3.75, 11, 4.75], "texture": "#1"},
				"east": {"uv": [3.5, 4.5, 4.5, 5.5], "texture": "#1"},
				"south": {"uv": [13, 8.5, 13.75, 9.5], "texture": "#1"},
				"west": {"uv": [12.25, 0, 13.25, 1], "texture": "#1"},
				"up": {"uv": [14, 1, 13.25, 0], "texture": "#1"},
				"down": {"uv": [1.5, 13.25, 0.75, 14.25], "texture": "#1"}
			}
		},
		{
			"from": [2.39134, 8.5, 14.03806],
			"to": [4.39134, 12.5, 18.03806],
			"rotation": {"angle": -22.5, "axis": "y", "origin": [4.44134, 10.5, 13.53806]},
			"faces": {
				"north": {"uv": [10.25, 8.75, 10.75, 9.75], "texture": "#1"},
				"east": {"uv": [1, 12.25, 2, 13.25], "texture": "#1"},
				"south": {"uv": [13.25, 10.5, 13.75, 11.5], "texture": "#1"},
				"west": {"uv": [2, 12.25, 3, 13.25], "texture": "#1"},
				"up": {"uv": [11.25, 14.25, 10.75, 13.25], "texture": "#1"},
				"down": {"uv": [11.75, 13.25, 11.25, 14.25], "texture": "#1"}
			}
		},
		{
			"from": [8.2, 3.6, 9.5],
			"to": [13.2, 8.6, 14.5],
			"rotation": {"angle": 22.5, "axis": "y", "origin": [10.5, 10, 12]},
			"faces": {
				"north": {"uv": [4.25, 9.75, 5.5, 11], "texture": "#1"},
				"east": {"uv": [5.5, 9.75, 6.75, 11], "texture": "#1"},
				"south": {"uv": [8.25, 9.75, 9.5, 11], "texture": "#1"},
				"west": {"uv": [9.5, 9.75, 10.75, 11], "texture": "#1"},
				"up": {"uv": [1.25, 11.25, 0, 10], "texture": "#1"},
				"down": {"uv": [11.25, 0, 10, 1.25], "texture": "#1"}
			}
		},
		{
			"from": [0.8, -0.4, 10.7],
			"to": [6.8, 6.6, 13.7],
			"rotation": {"angle": -22.5, "axis": "y", "origin": [3.5, 10, 12]},
			"faces": {
				"north": {"uv": [7.25, 6.25, 8.75, 8], "texture": "#1"},
				"east": {"uv": [11, 3.75, 11.75, 5.5], "texture": "#1"},
				"south": {"uv": [2.25, 7.75, 3.75, 9.5], "texture": "#1"},
				"west": {"uv": [4.25, 11, 5, 12.75], "texture": "#1"},
				"up": {"uv": [13.25, 11.75, 11.75, 11], "texture": "#1"},
				"down": {"uv": [13.25, 11.75, 11.75, 12.5], "texture": "#1"}
			}
		},
		{
			"from": [-2, 11.14645, 8.56066],
			"to": [2, 15.14645, 12.56066],
			"rotation": {"angle": -22.5, "axis": "x", "origin": [8, 12.64645, 11.06066]},
			"faces": {
				"north": {"uv": [12.25, 2.25, 13.25, 3.25], "texture": "#1"},
				"east": {"uv": [5, 12.25, 6, 13.25], "texture": "#1"},
				"south": {"uv": [6, 12.25, 7, 13.25], "texture": "#1"},
				"west": {"uv": [12.25, 7, 13.25, 8], "texture": "#1"},
				"up": {"uv": [9, 13.25, 8, 12.25], "texture": "#1"},
				"down": {"uv": [10, 12.25, 9, 13.25], "texture": "#1"}
			}
		},
		{
			"from": [-2, 11.14645, 12.56066],
			"to": [0, 15.14645, 15.56066],
			"rotation": {"angle": -22.5, "axis": "x", "origin": [8, 12.64645, 11.06066]},
			"faces": {
				"east": {"uv": [13.25, 1, 14, 2], "texture": "#1"},
				"south": {"uv": [13.25, 11.5, 13.75, 12.5], "texture": "#1"},
				"west": {"uv": [1.5, 13.25, 2.25, 14.25], "texture": "#1"},
				"up": {"uv": [2.25, 9.5, 1.75, 8.75], "texture": "#1"},
				"down": {"uv": [1.75, 10, 1.25, 10.75], "texture": "#1"}
			}
		},
		{
			"from": [16.4, 11.24174, 12.56432],
			"to": [18.4, 15.24174, 17.56432],
			"rotation": {"angle": 22.5, "axis": "y", "origin": [15.75, 14.39174, 13.31432]},
			"faces": {
				"east": {"uv": [11.75, 6, 13, 7], "texture": "#1"},
				"south": {"uv": [11.75, 13.25, 12.25, 14.25], "texture": "#1"},
				"west": {"uv": [11.75, 8.5, 13, 9.5], "texture": "#1"},
				"up": {"uv": [5.25, 14.5, 4.75, 13.25], "texture": "#1"},
				"down": {"uv": [5.75, 13.25, 5.25, 14.5], "texture": "#1"}
			}
		},
		{
			"from": [15.4, 11.24174, 8.56432],
			"to": [18.4, 16.24174, 12.56432],
			"rotation": {"angle": 22.5, "axis": "y", "origin": [15.75, 14.39174, 13.31432]},
			"faces": {
				"north": {"uv": [7, 12.5, 7.75, 13.75], "texture": "#1"},
				"east": {"uv": [11.75, 3.5, 12.75, 4.75], "texture": "#1"},
				"south": {"uv": [12.5, 12.5, 13.25, 13.75], "texture": "#1"},
				"west": {"uv": [11.75, 4.75, 12.75, 6], "texture": "#1"},
				"up": {"uv": [14, 3, 13.25, 2], "texture": "#1"},
				"down": {"uv": [3, 13.25, 2.25, 14.25], "texture": "#1"}
			}
		},
		{
			"from": [0.6, 13.3, 5.5],
			"to": [4.6, 15.3, 10.5],
			"rotation": {"angle": -22.5, "axis": "z", "origin": [2, 13.5, 7.5]},
			"faces": {
				"north": {"uv": [13.25, 4, 14.25, 4.5], "texture": "#1"},
				"east": {"uv": [2.25, 7.25, 3.5, 7.75], "texture": "#1"},
				"south": {"uv": [13.25, 4.5, 14.25, 5], "texture": "#1"},
				"west": {"uv": [3, 13.25, 4.25, 13.75], "texture": "#1"},
				"up": {"uv": [10.25, 12.25, 9.25, 11], "texture": "#1"},
				"down": {"uv": [1, 11.25, 0, 12.5], "texture": "#1"}
			}
		},
		{
			"from": [10.4, 13.3, 6],
			"to": [14.4, 15.3, 11],
			"rotation": {"angle": 22.5, "axis": "z", "origin": [13, 13.5, 8]},
			"faces": {
				"north": {"uv": [5.75, 13.25, 6.75, 13.75], "texture": "#1"},
				"east": {"uv": [13.25, 3, 14.5, 3.5], "texture": "#1"},
				"south": {"uv": [13.25, 6.75, 14.25, 7.25], "texture": "#1"},
				"west": {"uv": [13.25, 3.5, 14.5, 4], "texture": "#1"},
				"down": {"uv": [12.25, 0, 11.25, 1.25], "texture": "#1"}
			}
		},
		{
			"from": [3.5, 6.5, 6],
			"to": [10.5, 8.5, 9],
			"rotation": {"angle": 0, "axis": "y", "origin": [-1.5, 1.5, 0]},
			"faces": {
				"north": {"uv": [12.25, 8, 14, 8.5], "texture": "#1"},
				"south": {"uv": [3, 12.75, 4.75, 13.25], "texture": "#1"},
				"west": {"uv": [11, 5.5, 11.75, 6], "texture": "#1"}
			}
		},
		{
			"from": [4, -1.5, 5],
			"to": [8, 5.5, 7],
			"rotation": {"angle": 0, "axis": "x", "origin": [7, 1.5, 6]},
			"faces": {
				"north": {"uv": [7.25, 9.5, 8.25, 11.25], "texture": "#1"},
				"east": {"uv": [12.75, 3.25, 13.25, 5], "texture": "#1"},
				"south": {"uv": [3.25, 9.75, 4.25, 11.5], "texture": "#1"},
				"west": {"uv": [13, 5, 13.5, 6.75], "texture": "#1"},
				"up": {"uv": [14.25, 7.75, 13.25, 7.25], "texture": "#1"},
				"down": {"uv": [8.75, 13.25, 7.75, 13.75], "texture": "#1"}
			}
		},
		{
			"from": [7, 6.5, 3.2],
			"to": [13, 11.5, 6.2],
			"rotation": {"angle": -22.5, "axis": "y", "origin": [6, 9.5, 5]},
			"faces": {
				"north": {"uv": [8.75, 7.25, 10.25, 8.5], "texture": "#1"},
				"east": {"uv": [0, 12.5, 0.75, 13.75], "texture": "#1"},
				"south": {"uv": [8.75, 8.5, 10.25, 9.75], "texture": "#1"},
				"west": {"uv": [12.5, 1, 13.25, 2.25], "texture": "#1"},
				"down": {"uv": [13.25, 9.5, 11.75, 10.25], "texture": "#1"}
			}
		},
		{
			"from": [7, 11.5, 3.2],
			"to": [13, 14.5, 8.2],
			"rotation": {"angle": -22.5, "axis": "y", "origin": [6, 9.5, 5]},
			"faces": {
				"north": {"uv": [10.25, 11.75, 11.75, 12.5], "texture": "#1"},
				"east": {"uv": [10, 12.5, 11.25, 13.25], "texture": "#1"},
				"south": {"uv": [11.75, 10.25, 13.25, 11], "texture": "#1"},
				"west": {"uv": [11.25, 12.5, 12.5, 13.25], "texture": "#1"},
				"up": {"uv": [3.25, 10.75, 1.75, 9.5], "texture": "#1"},
				"down": {"uv": [11, 4.75, 9.5, 6], "texture": "#1"}
			}
		},
		{
			"from": [8, 0.5, 5],
			"to": [12, 5.5, 7],
			"rotation": {"angle": 0, "axis": "x", "origin": [7, 1.5, 6]},
			"faces": {
				"north": {"uv": [11.25, 2.25, 12.25, 3.5], "texture": "#1"},
				"east": {"uv": [6.75, 9.75, 7.25, 11], "texture": "#1"},
				"south": {"uv": [7, 11.25, 8, 12.5], "texture": "#1"},
				"up": {"uv": [9.75, 13.75, 8.75, 13.25], "texture": "#1"},
				"down": {"uv": [14.25, 9.5, 13.25, 10], "texture": "#1"}
			}
		},
		{
			"from": [3.61271, 6.5, 3.7197],
			"to": [7.61271, 11.5, 5.7197],
			"rotation": {"angle": 0, "axis": "x", "origin": [2.61271, 8.5, 4.7197]},
			"faces": {
				"north": {"uv": [11.25, 7.25, 12.25, 8.5], "texture": "#1"},
				"south": {"uv": [3.25, 11.5, 4.25, 12.75], "texture": "#1"},
				"west": {"uv": [4.25, 13.25, 4.75, 14.5], "texture": "#1"},
				"up": {"uv": [10.75, 13.75, 9.75, 13.25], "texture": "#1"},
				"down": {"uv": [14.25, 10, 13.25, 10.5], "texture": "#1"}
			}
		},
		{
			"from": [4.61271, 7.5, 4.7197],
			"to": [6.61271, 10.5, 3.7197],
			"rotation": {"angle": 0, "axis": "x", "origin": [2.61271, 8.5, 2.7197]},
			"faces": {
				"east": {"uv": [10.5, 11, 10.75, 11.75], "texture": "#1"},
				"west": {"uv": [1, 11.25, 1.25, 12], "texture": "#1"},
				"up": {"uv": [3.75, 9.75, 3.25, 9.5], "texture": "#1"},
				"down": {"uv": [8.75, 9.5, 8.25, 9.75], "texture": "#1"}
			}
		}
	],
	"display": {
		"head": {
			"translation": [0, -2, 0],
			"scale": [1.7, 1.7, 1.7]
		}
	}
}