{
	"credit": "Made with Blockbench",
	"texture_size": [32, 32],
	"textures": {
		"2": "custom_mobs/zombie_right_leg_dmg",
		"particle": "custom_mobs/zombie_right_leg_dmg"
	},
	"elements": [
		{
			"from": [4.02, 8.97567, 5.21553],
			"to": [8.98, 12.93567, 9.17553],
			"rotation": {"angle": 22.5, "axis": "x", "origin": [7, 10.45567, 7.19553]},
			"faces": {
				"north": {"uv": [5, 9, 7.5, 11], "texture": "#2"},
				"east": {"uv": [3, 9.5, 5, 11.5], "texture": "#2"},
				"south": {"uv": [10, 4, 12.5, 6], "texture": "#2"},
				"west": {"uv": [10, 10, 12, 12], "texture": "#2"},
				"up": {"uv": [12.5, 8, 10, 6], "texture": "#2"},
				"down": {"uv": [10, 10, 7.5, 12], "texture": "#2"}
			}
		},
		{
			"from": [2.5, 12, 4],
			"to": [7.5, 18, 11],
			"rotation": {"angle": 0, "axis": "y", "origin": [15.5, 12, 0]},
			"faces": {
				"north": {"uv": [5, 6, 7.5, 9], "texture": "#2"},
				"east": {"uv": [0, 0, 3.5, 3], "texture": "#2"},
				"south": {"uv": [6.5, 0, 9, 3], "texture": "#2"},
				"west": {"uv": [0, 3, 3.5, 6], "texture": "#2"},
				"up": {"uv": [2.5, 9.5, 0, 6], "texture": "#2"},
				"down": {"uv": [5, 6, 2.5, 9.5], "texture": "#2"}
			}
		},
		{
			"from": [3, 5, 4],
			"to": [9, 9, 10],
			"rotation": {"angle": 0, "axis": "y", "origin": [14, 5, -1]},
			"faces": {
				"north": {"uv": [7.5, 8, 10.5, 10], "texture": "#2"},
				"east": {"uv": [9, 0, 12, 2], "texture": "#2"},
				"south": {"uv": [9, 2, 12, 4], "texture": "#2"},
				"west": {"uv": [0, 9.5, 3, 11.5], "texture": "#2"},
				"up": {"uv": [6.5, 3, 3.5, 0], "texture": "#2"},
				"down": {"uv": [6.5, 3, 3.5, 6], "texture": "#2"}
			}
		},
		{
			"from": [5, 0, 5],
			"to": [8, 5, 10],
			"rotation": {"angle": 0, "axis": "y", "origin": [14, 0, -1]},
			"faces": {
				"north": {"uv": [12, 0, 13.5, 2.5], "texture": "#2"},
				"east": {"uv": [6.5, 3, 9, 5.5], "texture": "#2"},
				"south": {"uv": [7, 12, 8.5, 14.5], "texture": "#2"},
				"west": {"uv": [7.5, 5.5, 10, 8], "texture": "#2"},
				"up": {"uv": [10, 14.5, 8.5, 12], "texture": "#2"},
				"down": {"uv": [11.5, 12, 10, 14.5], "texture": "#2"}
			}
		},
		{
			"from": [4, 0, 3],
			"to": [8, 4, 5],
			"rotation": {"angle": 0, "axis": "y", "origin": [14, 0, -3]},
			"faces": {
				"north": {"uv": [10.5, 8, 12.5, 10], "texture": "#2"},
				"east": {"uv": [4, 11.5, 5, 13.5], "texture": "#2"},
				"south": {"uv": [5, 11, 7, 13], "texture": "#2"},
				"west": {"uv": [12, 10, 13, 12], "texture": "#2"},
				"up": {"uv": [14, 3.5, 12, 2.5], "texture": "#2"},
				"down": {"uv": [13.5, 12, 11.5, 13], "texture": "#2"}
			}
		},
		{
			"from": [4, 0, 5],
			"to": [5, 4, 9],
			"rotation": {"angle": 0, "axis": "y", "origin": [14, 0, -1]},
			"faces": {
				"north": {"uv": [12.5, 5.5, 13, 7.5], "texture": "#2"},
				"east": {"uv": [0, 11.5, 2, 13.5], "texture": "#2"},
				"south": {"uv": [12.5, 7.5, 13, 9.5], "texture": "#2"},
				"west": {"uv": [2, 11.5, 4, 13.5], "texture": "#2"},
				"up": {"uv": [5.5, 15, 5, 13], "texture": "#2"},
				"down": {"uv": [6, 13, 5.5, 15], "texture": "#2"}
			}
		},
		{
			"from": [3, 9, 4],
			"to": [4, 11, 8],
			"rotation": {"angle": 0, "axis": "y", "origin": [14, 9, -1]},
			"faces": {
				"north": {"uv": [9, 4, 9.5, 5], "texture": "#2"},
				"east": {"uv": [12.5, 3.5, 14.5, 4.5], "texture": "#2"},
				"south": {"uv": [9.5, 4, 10, 5], "texture": "#2"},
				"west": {"uv": [12.5, 4.5, 14.5, 5.5], "texture": "#2"},
				"up": {"uv": [13.5, 7.5, 13, 5.5], "texture": "#2"},
				"down": {"uv": [6.5, 13, 6, 15], "texture": "#2"}
			}
		}
	],
	"display": {
		"head": {
			"translation": [0, -12, 0],
			"scale": [1.7, 1.7, 1.7]
		}
	}
}