{
	"type": "minecraft:crafting_shaped",
	"category": "misc",
	"group": "focal:backpack",
	"pattern": ["wlw", "lcl", "wlw"],
	"key": {
		"w": {
			"item": "minecraft:purple_wool"
		},
		"l": {
			"item": "minecraft:leather"
		},
		"c": {
			"item": "minecraft:chest"
		}
	},
	"result": {
		"id": "minecraft:warped_fungus_on_a_stick",
		"count": 1,
		"components": {
			"minecraft:item_name": "{\"translate\": \"item.backpack\",\"fallback\":\"Backpack\",\"bold\": false,\"italic\": false}",
			"minecraft:lore": [
				"{\"text\": \"\",\"color\": \"white\",\"bold\": false,\"italic\": false,\"extra\": [{\"translate\": \"item.backpack.lore\",\"fallback\":\"Left: \",\"with\": [{\"text\": \"\uF000\",\"color\": \"white\",\"font\": \"focal:backpack\"}],\"color\": \"red\"},{ \"text\": \"27/27\", \"color\": \"gray\" }]}"
			],
			"minecraft:custom_data": {
				"FocalData": { "id": "backpack", "data": { "StoreItems": [] } }
			},
			"minecraft:custom_model_data": 15
		}
	}
}
