{
	"credit": "Made with Blockbench",
	"texture_size": [32, 32],
	"textures": {
		"0": "cnp:item/dlc/dlc0/19/gun",
		"particle": "cnp:item/dlc/dlc0/19/gun"
	},
	"elements": [
		{
			"from": [7.4, 8.00589, 5.25095],
			"to": [8.6, 9.00589, 8.25095],
			"rotation": {"angle": 0, "axis": "y", "origin": [8, 6.79564, 8.43013]},
			"faces": {
				"north": {"uv": [9, 7, 9.625, 7.5], "texture": "#0"},
				"east": {"uv": [6.5, 7.5, 8, 8], "texture": "#0"},
				"south": {"uv": [6.5, 9.5, 7.125, 10], "texture": "#0"},
				"west": {"uv": [7.5, 7, 9, 7.5], "texture": "#0"},
				"up": {"uv": [0.625, 8, 0, 6.5], "texture": "#0"},
				"down": {"uv": [1.625, 6.5, 1, 8], "texture": "#0"}
			}
		},
		{
			"from": [7.4, 8.70589, 1.05095],
			"to": [8.6, 10.50589, 5.05095],
			"rotation": {"angle": 0, "axis": "y", "origin": [8, 6.79564, 8.43013]},
			"faces": {
				"north": {"uv": [6, 8.5, 6.625, 9.375], "texture": "#0"},
				"east": {"uv": [2, 3, 4, 3.875], "texture": "#0"},
				"south": {"uv": [7, 8.5, 7.625, 9.375], "texture": "#0"},
				"west": {"uv": [2, 4, 4, 4.875], "texture": "#0"},
				"up": {"uv": [4.125, 7, 3.5, 5], "texture": "#0"},
				"down": {"uv": [5.625, 3.5, 5, 5.5], "texture": "#0"}
			}
		},
		{
			"from": [7.2, 8.40589, 0.15095],
			"to": [8.8, 10.80589, 4.85095],
			"rotation": {"angle": 0, "axis": "y", "origin": [8, 6.79564, 8.43013]},
			"faces": {
				"north": {"uv": [2, 6.5, 2.75, 7.75], "texture": "#0"},
				"east": {"uv": [0, 0, 2.375, 1.25], "texture": "#0"},
				"south": {"uv": [6.5, 2, 7.25, 3.25], "texture": "#0"},
				"west": {"uv": [0, 1.5, 2.375, 2.75], "texture": "#0"},
				"up": {"uv": [0.75, 5.375, 0, 3], "texture": "#0"},
				"down": {"uv": [1.75, 3, 1, 5.375], "texture": "#0"}
			}
		},
		{
			"from": [8.8, 8.40589, 0.15095],
			"to": [7.2, 10.80589, 4.85095],
			"rotation": {"angle": 0, "axis": "y", "origin": [8, 6.79564, 8.43013]},
			"faces": {
				"north": {"uv": [2, 6.5, 2.75, 7.75], "texture": "#0"},
				"east": {"uv": [0, 0, 2.375, 1.25], "texture": "#0"},
				"south": {"uv": [6.5, 2, 7.25, 3.25], "texture": "#0"},
				"west": {"uv": [0, 1.5, 2.375, 2.75], "texture": "#0"},
				"up": {"uv": [0.75, 5.375, 0, 3], "texture": "#0"},
				"down": {"uv": [1.75, 3, 1, 5.375], "texture": "#0"}
			}
		},
		{
			"from": [7.88, 9.46796, 10.69465],
			"to": [8.12, 9.84796, 11.57465],
			"rotation": {"angle": -22.5, "axis": "x", "origin": [8, 6.79564, 8.43013]},
			"faces": {
				"north": {"uv": [8, 10.5, 8.125, 10.75], "texture": "#0"},
				"east": {"uv": [1, 10.5, 1.5, 10.75], "texture": "#0"},
				"south": {"uv": [10.5, 8, 10.625, 8.25], "texture": "#0"},
				"west": {"uv": [10.5, 1, 11, 1.25], "texture": "#0"},
				"up": {"uv": [6.125, 11, 6, 10.5], "texture": "#0"},
				"down": {"uv": [10.625, 6, 10.5, 6.5], "texture": "#0"}
			}
		},
		{
			"from": [7.88, 8.87804, 5.91159],
			"to": [8.12, 10.15804, 7.19159],
			"rotation": {"angle": 45, "axis": "x", "origin": [8, 6.79564, 8.43013]},
			"faces": {
				"north": {"uv": [10.5, 2, 10.625, 2.625], "texture": "#0"},
				"east": {"uv": [9, 9, 9.625, 9.625], "texture": "#0"},
				"south": {"uv": [3, 10.5, 3.125, 11.125], "texture": "#0"},
				"west": {"uv": [9.5, 3, 10.125, 3.625], "texture": "#0"},
				"up": {"uv": [10.625, 3.625, 10.5, 3], "texture": "#0"},
				"down": {"uv": [4.125, 10.5, 4, 11.125], "texture": "#0"}
			}
		},
		{
			"from": [7.88, 10.809, 0.38683],
			"to": [8.12, 11.109, 1.66683],
			"rotation": {"angle": 0, "axis": "x", "origin": [8, 6.79564, 8.43013]},
			"faces": {
				"north": {"uv": [8.5, 10.5, 8.625, 10.625], "texture": "#0"},
				"east": {"uv": [10.5, 4, 11.125, 4.125], "texture": "#0"},
				"south": {"uv": [10.5, 8.5, 10.625, 8.625], "texture": "#0"},
				"west": {"uv": [10.5, 4.5, 11.125, 4.625], "texture": "#0"},
				"up": {"uv": [10.625, 5.625, 10.5, 5], "texture": "#0"},
				"down": {"uv": [5.625, 10.5, 5.5, 11.125], "texture": "#0"}
			}
		},
		{
			"from": [7.88, 11.68422, 1.83873],
			"to": [8.12, 12.58422, 2.11873],
			"rotation": {"angle": -22.5, "axis": "x", "origin": [8, 6.79564, 8.43013]},
			"faces": {
				"north": {"uv": [6.5, 10.5, 6.625, 11], "texture": "#0"},
				"east": {"uv": [10.5, 6.5, 10.625, 7], "texture": "#0"},
				"south": {"uv": [7, 10.5, 7.125, 11], "texture": "#0"},
				"west": {"uv": [7.5, 10.5, 7.625, 11], "texture": "#0"},
				"up": {"uv": [9.125, 10.625, 9, 10.5], "texture": "#0"},
				"down": {"uv": [10.625, 9, 10.5, 9.125], "texture": "#0"}
			}
		},
		{
			"from": [7.25, 8.50589, 4.95095],
			"to": [8.75, 10.70589, 8.75095],
			"rotation": {"angle": 0, "axis": "y", "origin": [8, 6.79564, 8.43013]},
			"faces": {
				"north": {"uv": [6.5, 4.5, 7.25, 5.625], "texture": "#0"},
				"east": {"uv": [2.5, 0, 4.375, 1.125], "texture": "#0"},
				"south": {"uv": [6.5, 6, 7.25, 7.125], "texture": "#0"},
				"west": {"uv": [2.5, 1.5, 4.375, 2.625], "texture": "#0"},
				"up": {"uv": [4.75, 4.875, 4, 3], "texture": "#0"},
				"down": {"uv": [5.25, 0, 4.5, 1.875], "texture": "#0"}
			}
		},
		{
			"from": [6.38008, 7.71556, 0.04814],
			"to": [7.08008, 8.41556, 3.21064],
			"rotation": {"angle": -45, "axis": "z", "origin": [8, 6.79564, 8.43013]},
			"faces": {
				"north": {"uv": [7, 10, 7.375, 10.375], "texture": "#0"},
				"east": {"uv": [6.5, 8, 8.125, 8.375], "texture": "#0"},
				"south": {"uv": [10, 8, 10.375, 8.375], "texture": "#0"},
				"west": {"uv": [8, 7.5, 9.625, 7.875], "texture": "#0"},
				"up": {"uv": [3.375, 9.625, 3, 8], "texture": "#0"},
				"down": {"uv": [3.875, 8, 3.5, 9.625], "texture": "#0"}
			}
		},
		{
			"from": [9.79541, 8.59105, -0.50186],
			"to": [10.49541, 9.29105, 2.46064],
			"rotation": {"angle": 45, "axis": "z", "origin": [8, 6.79564, 8.43013]},
			"faces": {
				"north": {"uv": [10, 8.5, 10.375, 8.875], "texture": "#0"},
				"east": {"uv": [8.5, 0, 10, 0.375], "texture": "#0"},
				"south": {"uv": [9, 10, 9.375, 10.375], "texture": "#0"},
				"west": {"uv": [8.5, 0.5, 10, 0.875], "texture": "#0"},
				"up": {"uv": [4.375, 9.5, 4, 8], "texture": "#0"},
				"down": {"uv": [8.875, 1, 8.5, 2.5], "texture": "#0"}
			}
		},
		{
			"from": [7.8125, 6.79964, 5.42595],
			"to": [8.1875, 8.17464, 7.65095],
			"rotation": {"angle": 0, "axis": "y", "origin": [8, 6.79564, 8.43013]},
			"faces": {
				"north": {"uv": [4.5, 10, 4.75, 10.75], "texture": "#0"},
				"east": {"uv": [7, 1, 8.125, 1.75], "texture": "#0"},
				"south": {"uv": [5, 10, 5.25, 10.75], "texture": "#0"},
				"west": {"uv": [3, 7, 4.125, 7.75], "texture": "#0"},
				"up": {"uv": [2.25, 11.125, 2, 10], "texture": "#0"},
				"down": {"uv": [2.75, 10, 2.5, 11.125], "texture": "#0"}
			}
		},
		{
			"from": [7.15, 8.83675, 7.2446],
			"to": [8.85, 10.63675, 9.0446],
			"rotation": {"angle": -22.5, "axis": "x", "origin": [8, 6.79564, 8.43013]},
			"faces": {
				"north": {"uv": [7.5, 0, 8.375, 0.875], "texture": "#0"},
				"east": {"uv": [7.5, 2, 8.375, 2.875], "texture": "#0"},
				"south": {"uv": [7.5, 3, 8.375, 3.875], "texture": "#0"},
				"west": {"uv": [7.5, 4, 8.375, 4.875], "texture": "#0"},
				"up": {"uv": [8.375, 5.875, 7.5, 5], "texture": "#0"},
				"down": {"uv": [8.375, 6, 7.5, 6.875], "texture": "#0"}
			}
		},
		{
			"from": [7.5, 8.35373, 9.33228],
			"to": [8.5, 8.95373, 10.53228],
			"rotation": {"angle": -22.5, "axis": "x", "origin": [8, 6.79564, 8.43013]},
			"faces": {
				"north": {"uv": [1.5, 10.5, 2, 10.75], "texture": "#0"},
				"east": {"uv": [10, 7, 10.625, 7.25], "texture": "#0"},
				"south": {"uv": [10.5, 1.5, 11, 1.75], "texture": "#0"},
				"west": {"uv": [10, 7.5, 10.625, 7.75], "texture": "#0"},
				"up": {"uv": [8, 10.125, 7.5, 9.5], "texture": "#0"},
				"down": {"uv": [10.5, 0, 10, 0.625], "texture": "#0"}
			}
		},
		{
			"from": [7.5, 8.02828, 10.26661],
			"to": [8.5, 9.02828, 10.96661],
			"rotation": {"angle": -45, "axis": "x", "origin": [8, 6.79564, 8.43013]},
			"faces": {
				"north": {"uv": [9.5, 8.5, 10, 9], "texture": "#0"},
				"east": {"uv": [10, 5, 10.375, 5.5], "texture": "#0"},
				"south": {"uv": [3, 10, 3.5, 10.5], "texture": "#0"},
				"west": {"uv": [5.5, 10, 5.875, 10.5], "texture": "#0"},
				"up": {"uv": [10.5, 5.875, 10, 5.5], "texture": "#0"},
				"down": {"uv": [7, 10, 6.5, 10.375], "texture": "#0"}
			}
		},
		{
			"from": [7.6, 9.80589, 6.15095],
			"to": [8.4, 11.00589, 8.95095],
			"rotation": {"angle": 0, "axis": "y", "origin": [8, 6.79564, 8.43013]},
			"faces": {
				"north": {"uv": [3.5, 10, 3.875, 10.625], "texture": "#0"},
				"east": {"uv": [0, 5.5, 1.875, 6.125], "texture": "#0"},
				"south": {"uv": [10, 4, 10.375, 4.625], "texture": "#0"},
				"west": {"uv": [5.5, 0, 7.375, 0.625], "texture": "#0"},
				"up": {"uv": [2.375, 9.875, 2, 8], "texture": "#0"},
				"down": {"uv": [2.875, 8, 2.5, 9.875], "texture": "#0"}
			}
		},
		{
			"from": [7.5, 6.84202, 7.59837],
			"to": [8.5, 8.74202, 8.97337],
			"rotation": {"angle": -22.5, "axis": "x", "origin": [8, 6.79564, 8.43013]},
			"faces": {
				"north": {"uv": [4.5, 2, 5, 3], "texture": "#0"},
				"east": {"uv": [0, 8, 0.75, 9], "texture": "#0"},
				"south": {"uv": [6, 4.5, 6.5, 5.5], "texture": "#0"},
				"west": {"uv": [1, 8, 1.75, 9], "texture": "#0"},
				"up": {"uv": [4.5, 10.25, 4, 9.5], "texture": "#0"},
				"down": {"uv": [10, 4, 9.5, 4.75], "texture": "#0"}
			}
		},
		{
			"from": [7.5, 4.74479, 7.64111],
			"to": [8.5, 6.91979, 8.61611],
			"rotation": {"angle": 0, "axis": "x", "origin": [8, 6.79564, 8.43013]},
			"faces": {
				"north": {"uv": [8.5, 2.5, 9, 3.625], "texture": "#0"},
				"east": {"uv": [8.5, 4, 9, 5.125], "texture": "#0"},
				"south": {"uv": [4.5, 8.5, 5, 9.625], "texture": "#0"},
				"west": {"uv": [5, 8.5, 5.5, 9.625], "texture": "#0"},
				"up": {"uv": [5, 5.5, 4.5, 5], "texture": "#0"},
				"down": {"uv": [3.5, 6.5, 3, 7], "texture": "#0"}
			}
		},
		{
			"from": [7.5, 4.85802, 7.80356],
			"to": [8.5, 7.03302, 9.17856],
			"rotation": {"angle": -22.5, "axis": "x", "origin": [8, 6.79564, 8.43013]},
			"faces": {
				"north": {"uv": [5.5, 8.5, 6, 9.625], "texture": "#0"},
				"east": {"uv": [4.5, 7, 5.25, 8.125], "texture": "#0"},
				"south": {"uv": [8.5, 5.5, 9, 6.625], "texture": "#0"},
				"west": {"uv": [5.5, 7, 6.25, 8.125], "texture": "#0"},
				"up": {"uv": [10, 5.75, 9.5, 5], "texture": "#0"},
				"down": {"uv": [6.5, 9.5, 6, 10.25], "texture": "#0"}
			}
		},
		{
			"from": [7.45, 5.14516, 7.78562],
			"to": [8.55, 6.88516, 8.56562],
			"rotation": {"angle": 0, "axis": "x", "origin": [8, 6.79564, 8.43013]},
			"faces": {
				"north": {"uv": [5.125, 11.625, 5.625, 12.75], "texture": "#0"},
				"east": {"uv": [5.125, 13.125, 5.625, 14.25], "texture": "#0"},
				"south": {"uv": [2.25, 14, 2.75, 15.125], "texture": "#0"},
				"west": {"uv": [2.75, 14, 3.25, 15.125], "texture": "#0"},
				"up": {"uv": [1.875, 13.5, 1.375, 13], "texture": "#0"},
				"down": {"uv": [1.25, 12, 0.75, 12.5], "texture": "#0"}
			}
		},
		{
			"from": [7.45, 6.82877, 7.74869],
			"to": [8.55, 8.34877, 8.84869],
			"rotation": {"angle": -22.5, "axis": "x", "origin": [8, 6.79564, 8.43013]},
			"faces": {
				"north": {"uv": [3, 11.125, 3.5, 12.125], "texture": "#0"},
				"east": {"uv": [0, 13.75, 0.75, 14.75], "texture": "#0"},
				"south": {"uv": [3.75, 11.125, 4.25, 12.125], "texture": "#0"},
				"west": {"uv": [1, 13.75, 1.75, 14.75], "texture": "#0"},
				"up": {"uv": [2.25, 15.75, 1.75, 15], "texture": "#0"},
				"down": {"uv": [6.25, 13, 5.75, 13.75], "texture": "#0"}
			}
		},
		{
			"from": [7.45, 5.24157, 7.91284],
			"to": [8.55, 6.98157, 9.01284],
			"rotation": {"angle": -22.5, "axis": "x", "origin": [8, 6.79564, 8.43013]},
			"faces": {
				"north": {"uv": [3.25, 14, 3.75, 15.125], "texture": "#0"},
				"east": {"uv": [2.25, 12.5, 3, 13.625], "texture": "#0"},
				"south": {"uv": [5.125, 14.625, 5.625, 15.75], "texture": "#0"},
				"west": {"uv": [3.25, 12.5, 4, 13.625], "texture": "#0"},
				"up": {"uv": [6.625, 14.875, 6.125, 14.125], "texture": "#0"},
				"down": {"uv": [4.25, 15, 3.75, 15.75], "texture": "#0"}
			}
		},
		{
			"from": [8.15276, 6.94841, 3.08845],
			"to": [10.32776, 9.12341, 5.16345],
			"rotation": {"angle": 45, "axis": "z", "origin": [8, 6.79564, 8.43013]},
			"faces": {
				"north": {"uv": [2, 5, 3.125, 6.125], "texture": "#0"},
				"east": {"uv": [4.5, 5.5, 5.5, 6.625], "texture": "#0"},
				"south": {"uv": [5, 2, 6.125, 3.125], "texture": "#0"},
				"west": {"uv": [5.5, 5.5, 6.5, 6.625], "texture": "#0"},
				"up": {"uv": [6.625, 2, 5.5, 1], "texture": "#0"},
				"down": {"uv": [7.125, 3.5, 6, 4.5], "texture": "#0"}
			}
		},
		{
			"from": [5.82224, 7.09841, 3.06345],
			"to": [6.57224, 7.84841, 5.2197],
			"rotation": {"angle": -45, "axis": "z", "origin": [8, 6.79564, 8.43013]},
			"faces": {
				"north": {"uv": [0.5, 10.5, 0.875, 10.875], "texture": "#0"},
				"east": {"uv": [9, 6, 10.125, 6.375], "texture": "#0"},
				"south": {"uv": [10.5, 0.5, 10.875, 0.875], "texture": "#0"},
				"west": {"uv": [9, 6.5, 10.125, 6.875], "texture": "#0"},
				"up": {"uv": [8.375, 10.125, 8, 9], "texture": "#0"},
				"down": {"uv": [8.875, 9, 8.5, 10.125], "texture": "#0"}
			}
		},
		{
			"from": [9.42776, 7.09841, 3.06345],
			"to": [10.17776, 7.84841, 5.2197],
			"rotation": {"angle": 45, "axis": "z", "origin": [8, 6.79564, 8.43013]},
			"faces": {
				"north": {"uv": [0.875, 10.5, 0.5, 10.875], "texture": "#0"},
				"east": {"uv": [10.125, 6.5, 9, 6.875], "texture": "#0"},
				"south": {"uv": [10.875, 0.5, 10.5, 0.875], "texture": "#0"},
				"west": {"uv": [10.125, 6, 9, 6.375], "texture": "#0"},
				"up": {"uv": [8, 10.125, 8.375, 9], "texture": "#0"},
				"down": {"uv": [8.5, 9, 8.875, 10.125], "texture": "#0"}
			}
		},
		{
			"from": [9.42776, 8.22341, 3.06345],
			"to": [10.17776, 8.97341, 5.2197],
			"rotation": {"angle": 45, "axis": "z", "origin": [8, 6.79564, 8.43013]},
			"faces": {
				"north": {"uv": [0.875, 10.5, 0.5, 10.875], "rotation": 90, "texture": "#0"},
				"east": {"uv": [8.5, 9, 8.875, 10.125], "rotation": 270, "texture": "#0"},
				"south": {"uv": [10.875, 0.5, 10.5, 0.875], "rotation": 270, "texture": "#0"},
				"west": {"uv": [8, 10.125, 8.375, 9], "rotation": 270, "texture": "#0"},
				"up": {"uv": [10.125, 6.5, 9, 6.875], "rotation": 270, "texture": "#0"},
				"down": {"uv": [10.125, 6, 9, 6.375], "rotation": 270, "texture": "#0"}
			}
		},
		{
			"from": [8.30276, 7.09841, 3.06345],
			"to": [9.05276, 7.84841, 5.2197],
			"rotation": {"angle": 45, "axis": "z", "origin": [8, 6.79564, 8.43013]},
			"faces": {
				"north": {"uv": [0.5, 10.5, 0.875, 10.875], "texture": "#0"},
				"east": {"uv": [9, 6, 10.125, 6.375], "texture": "#0"},
				"south": {"uv": [10.5, 0.5, 10.875, 0.875], "texture": "#0"},
				"west": {"uv": [9, 6.5, 10.125, 6.875], "texture": "#0"},
				"up": {"uv": [8.375, 10.125, 8, 9], "texture": "#0"},
				"down": {"uv": [8.875, 9, 8.5, 10.125], "texture": "#0"}
			}
		}
	],
	"display": {
		"thirdperson_righthand": {
			"translation": [0, 0.5, -2],
			"scale": [1.2, 1.2, 1.2]
		},
		"thirdperson_lefthand": {
			"translation": [0, 0.25, -2]
		},
		"firstperson_righthand": {
			"translation": [2.5, 1.25, 0.75],
			"scale": [1.25, 1.25, 0.75]
		},
		"firstperson_lefthand": {
			"translation": [2.5, 1.25, 0.75],
			"scale": [1.25, 1.25, 0.75]
		},
		"ground": {
			"scale": [0, 0, 0]
		},
		"gui": {
			"rotation": [27, 134, -30],
			"translation": [6, 2.5, -1.5],
			"scale": [0, 0, 0]
		},
		"head": {
			"scale": [0, 0, 0]
		},
		"fixed": {
			"scale": [0, 0, 0]
		}
	},
	"groups": [
		{
			"name": "group",
			"origin": [8, 9.507, 7.88],
			"color": 0,
			"children": [
				0,
				1,
				2,
				3,
				4,
				5,
				6,
				7,
				8,
				9,
				10,
				11,
				12,
				13,
				14,
				15,
				{
					"name": "i",
					"origin": [8.575, 5.71121, 13.35524],
					"color": 0,
					"children": [16, 17, 18, 19, 20, 21]
				},
				{
					"name": "group",
					"origin": [8, 9.04964, 6.43595],
					"color": 0,
					"children": [22, 23, 24, 25, 26]
				}
			]
		}
	]
}