{
	"credit": "Made with Blockbench",
	"texture_size": [64, 64],
	"textures": {
		"0": "block/spawner_base",
		"particle": "block/spawner_base"
	},
	"elements": [
		{
			"from": [1.98, -0.02, 1.98],
			"to": [14.02, 3.02, 14.02],
			"rotation": {"angle": 0, "axis": "y", "origin": [2, 0, 2]},
			"faces": {
				"north": {"uv": [3, 4, 6, 4.75], "texture": "#0"},
				"east": {"uv": [3, 4.75, 6, 5.5], "texture": "#0"},
				"south": {"uv": [5, 0, 8, 0.75], "texture": "#0"},
				"west": {"uv": [5, 0.75, 8, 1.5], "texture": "#0"},
				"up": {"uv": [3, 3, 0, 0], "texture": "#0"},
				"down": {"uv": [3, 3, 0, 6], "texture": "#0"}
			}
		},
		{
			"from": [4, 3, 4],
			"to": [12, 5, 12],
			"rotation": {"angle": 0, "axis": "y", "origin": [2, 3, 2]},
			"faces": {
				"north": {"uv": [6.25, 1.5, 8.25, 2], "texture": "#0"},
				"east": {"uv": [6.25, 2, 8.25, 2.5], "texture": "#0"},
				"south": {"uv": [6.25, 2.5, 8.25, 3], "texture": "#0"},
				"west": {"uv": [6.25, 3, 8.25, 3.5], "texture": "#0"},
				"up": {"uv": [5, 2, 3, 0], "texture": "#0"},
				"down": {"uv": [5, 2, 3, 4], "texture": "#0"}
			}
		},
		{
			"from": [5.5, 0, -2.5],
			"to": [10.5, 2, 2.5],
			"rotation": {"angle": 45, "axis": "y", "origin": [8, 0.5, 8]},
			"faces": {
				"north": {"uv": [7.75, 5, 9, 5.5], "texture": "#0"},
				"east": {"uv": [7.75, 5.5, 9, 6], "texture": "#0"},
				"south": {"uv": [7.75, 6, 9, 6.5], "texture": "#0"},
				"west": {"uv": [7.75, 6.5, 9, 7], "texture": "#0"},
				"up": {"uv": [6.25, 2.75, 5, 1.5], "texture": "#0"},
				"down": {"uv": [6.25, 2.75, 5, 4], "texture": "#0"}
			}
		},
		{
			"from": [5.5, 0, -2.5],
			"to": [10.5, 2, 2.5],
			"rotation": {"angle": -45, "axis": "y", "origin": [8, 0.5, 8]},
			"faces": {
				"north": {"uv": [7.75, 7, 9, 7.5], "texture": "#0"},
				"east": {"uv": [7.75, 7.5, 9, 8], "texture": "#0"},
				"south": {"uv": [0, 8, 1.25, 8.5], "texture": "#0"},
				"west": {"uv": [8, 0, 9.25, 0.5], "texture": "#0"},
				"up": {"uv": [4.25, 6.75, 3, 5.5], "texture": "#0"},
				"down": {"uv": [5.5, 5.5, 4.25, 6.75], "texture": "#0"}
			}
		},
		{
			"from": [5.5, 0, 13.5],
			"to": [10.5, 2, 18.5],
			"rotation": {"angle": 45, "axis": "y", "origin": [8, 0.5, 8]},
			"faces": {
				"north": {"uv": [8.25, 1.5, 9.5, 2], "texture": "#0"},
				"east": {"uv": [8.25, 2, 9.5, 2.5], "texture": "#0"},
				"south": {"uv": [2.5, 8.25, 3.75, 8.75], "texture": "#0"},
				"west": {"uv": [8.25, 2.5, 9.5, 3], "texture": "#0"},
				"up": {"uv": [2.5, 7.25, 1.25, 6], "texture": "#0"},
				"down": {"uv": [7.25, 4, 6, 5.25], "texture": "#0"}
			}
		},
		{
			"from": [6.5, 3, 10.5],
			"to": [9.5, 6, 14.5],
			"rotation": {"angle": 45, "axis": "y", "origin": [8, 0.5, 8]},
			"faces": {
				"north": {"uv": [5, 7.75, 5.75, 8.5], "texture": "#0"},
				"east": {"uv": [2.5, 6.75, 3.5, 7.5], "texture": "#0"},
				"south": {"uv": [8.25, 3, 9, 3.75], "texture": "#0"},
				"west": {"uv": [3.5, 6.75, 4.5, 7.5], "texture": "#0"},
				"up": {"uv": [5.25, 7.75, 4.5, 6.75], "texture": "#0"},
				"down": {"uv": [6, 6.75, 5.25, 7.75], "texture": "#0"}
			}
		},
		{
			"from": [6.5, 3, 1.5],
			"to": [9.5, 6, 5.5],
			"rotation": {"angle": 45, "axis": "y", "origin": [8, 0.5, 8]},
			"faces": {
				"north": {"uv": [8.25, 3.75, 9, 4.5], "texture": "#0"},
				"east": {"uv": [6.75, 5.25, 7.75, 6], "texture": "#0"},
				"south": {"uv": [5.75, 8.25, 6.5, 9], "texture": "#0"},
				"west": {"uv": [6, 6.75, 7, 7.5], "texture": "#0"},
				"up": {"uv": [7.75, 7, 7, 6], "texture": "#0"},
				"down": {"uv": [7.75, 7, 7, 8], "texture": "#0"}
			}
		},
		{
			"from": [10.5, 3, 6.5],
			"to": [14.5, 6, 9.5],
			"rotation": {"angle": 45, "axis": "y", "origin": [8, 0.5, 8]},
			"faces": {
				"north": {"uv": [2, 7.5, 3, 8.25], "texture": "#0"},
				"east": {"uv": [3.75, 8.5, 4.5, 9.25], "texture": "#0"},
				"south": {"uv": [3, 7.5, 4, 8.25], "texture": "#0"},
				"west": {"uv": [4.5, 8.5, 5.25, 9.25], "texture": "#0"},
				"up": {"uv": [7, 8.25, 6, 7.5], "texture": "#0"},
				"down": {"uv": [5, 7.75, 4, 8.5], "texture": "#0"}
			}
		},
		{
			"from": [14.5, 5, 6.5],
			"to": [17.5, 6, 9.5],
			"rotation": {"angle": 45, "axis": "y", "origin": [8, 0.5, 8]},
			"faces": {
				"north": {"uv": [6, 5.25, 6.75, 5.5], "texture": "#0"},
				"east": {"uv": [6.25, 3.5, 7, 3.75], "texture": "#0"},
				"south": {"uv": [6.25, 3.75, 7, 4], "texture": "#0"},
				"west": {"uv": [1.25, 8, 2, 8.25], "texture": "#0"},
				"up": {"uv": [7.25, 9.25, 6.5, 8.5], "texture": "#0"},
				"down": {"uv": [8, 8.5, 7.25, 9.25], "texture": "#0"}
			}
		},
		{
			"from": [-1.5, 5, 6.5],
			"to": [1.5, 6, 9.5],
			"rotation": {"angle": 45, "axis": "y", "origin": [8, 0.5, 8]},
			"faces": {
				"north": {"uv": [8.25, 4.5, 9, 4.75], "texture": "#0"},
				"east": {"uv": [8.25, 4.75, 9, 5], "texture": "#0"},
				"south": {"uv": [9, 3, 9.75, 3.25], "texture": "#0"},
				"west": {"uv": [9, 3.25, 9.75, 3.5], "texture": "#0"},
				"up": {"uv": [1.5, 9.5, 0.75, 8.75], "texture": "#0"},
				"down": {"uv": [2.25, 8.75, 1.5, 9.5], "texture": "#0"}
			}
		},
		{
			"from": [6.5, 5, 14.5],
			"to": [9.5, 6, 17.5],
			"rotation": {"angle": 45, "axis": "y", "origin": [8, 0.5, 8]},
			"faces": {
				"north": {"uv": [9, 4.5, 9.75, 4.75], "texture": "#0"},
				"east": {"uv": [9, 4.75, 9.75, 5], "texture": "#0"},
				"south": {"uv": [9, 5, 9.75, 5.25], "texture": "#0"},
				"west": {"uv": [5.25, 9, 6, 9.25], "texture": "#0"},
				"up": {"uv": [8.75, 9.5, 8, 8.75], "texture": "#0"},
				"down": {"uv": [9.5, 8.75, 8.75, 9.5], "texture": "#0"}
			}
		},
		{
			"from": [6.5, 5, -1.5],
			"to": [9.5, 6, 1.5],
			"rotation": {"angle": 45, "axis": "y", "origin": [8, 0.5, 8]},
			"faces": {
				"north": {"uv": [9, 3.5, 9.75, 3.75], "texture": "#0"},
				"east": {"uv": [9, 3.75, 9.75, 4], "texture": "#0"},
				"south": {"uv": [9, 4, 9.75, 4.25], "texture": "#0"},
				"west": {"uv": [9, 4.25, 9.75, 4.5], "texture": "#0"},
				"up": {"uv": [3, 9.5, 2.25, 8.75], "texture": "#0"},
				"down": {"uv": [3.75, 8.75, 3, 9.5], "texture": "#0"}
			}
		},
		{
			"from": [1.5, 3, 6.5],
			"to": [5.5, 6, 9.5],
			"rotation": {"angle": 45, "axis": "y", "origin": [8, 0.5, 8]},
			"faces": {
				"north": {"uv": [0, 7.25, 1, 8], "texture": "#0"},
				"east": {"uv": [8.25, 8, 9, 8.75], "texture": "#0"},
				"south": {"uv": [1, 7.25, 2, 8], "texture": "#0"},
				"west": {"uv": [0, 8.5, 0.75, 9.25], "texture": "#0"},
				"up": {"uv": [8.25, 4.25, 7.25, 3.5], "texture": "#0"},
				"down": {"uv": [8.25, 4.25, 7.25, 5], "texture": "#0"}
			}
		},
		{
			"from": [5.5, 0, 13.5],
			"to": [10.5, 2, 18.5],
			"rotation": {"angle": -45, "axis": "y", "origin": [8, 0.5, 8]},
			"faces": {
				"north": {"uv": [8, 0.5, 9.25, 1], "texture": "#0"},
				"east": {"uv": [8, 1, 9.25, 1.5], "texture": "#0"},
				"south": {"uv": [7, 8, 8.25, 8.5], "texture": "#0"},
				"west": {"uv": [1.25, 8.25, 2.5, 8.75], "texture": "#0"},
				"up": {"uv": [6.75, 6.75, 5.5, 5.5], "texture": "#0"},
				"down": {"uv": [1.25, 6, 0, 7.25], "texture": "#0"}
			}
		}
	],
	"display": {
		"head": {
			"translation": [0, -8, 0],
			"scale": [1.7, 1.7, 1.7]
		}
	}
}