{
	"credit": "Made with Blockbench",
	"textures": {
		"0": "block/spawner_core",
		"particle": "block/spawner_core"
	},
	"elements": [
		{
			"from": [5.5, 0, 6.75],
			"to": [10.5, 5, 10.75],
			"rotation": {"angle": 0, "axis": "y", "origin": [8.5, 0.5, 8.75]},
			"faces": {
				"north": {"uv": [0, 0, 5, 5], "texture": "#0"},
				"east": {"uv": [5, 0, 9, 5], "texture": "#0"},
				"south": {"uv": [0, 5, 5, 10], "texture": "#0"},
				"west": {"uv": [5, 5, 9, 10], "texture": "#0"},
				"up": {"uv": [14, 4, 9, 0], "texture": "#0"},
				"down": {"uv": [14, 4, 9, 8], "texture": "#0"}
			}
		},
		{
			"from": [5.5, -1, 6.75],
			"to": [10.5, 0, 7.75],
			"rotation": {"angle": 0, "axis": "y", "origin": [8.5, 0.5, 8.75]},
			"faces": {
				"north": {"uv": [9, 8, 14, 9], "texture": "#0"},
				"east": {"uv": [10, 10, 11, 11], "texture": "#0"},
				"south": {"uv": [9, 9, 14, 10], "texture": "#0"},
				"west": {"uv": [0, 11, 1, 12], "texture": "#0"},
				"up": {"uv": [5, 11, 0, 10], "texture": "#0"},
				"down": {"uv": [10, 10, 5, 11], "texture": "#0"}
			}
		}
	],
	"display": {
		"head": {
			"scale": [1.7, 1.7, 1.7]
		}
	}
}