{
	"credit": "Made with Blockbench",
	"texture_size": [32, 32],
	"textures": {
		"0": "cnp:item/dlc/dlc0/9/fd",
		"particle": "cnp:item/dlc/dlc0/9/fd"
	},
	"elements": [
		{
			"from": [7, 8, 4],
			"to": [9, 8, 12],
			"rotation": {"angle": 0, "axis": "y", "origin": [8, 8, 8]},
			"faces": {
				"north": {"uv": [0, 0, 2, 0], "texture": "#0"},
				"east": {"uv": [0, 0, 6, 0], "texture": "#0"},
				"south": {"uv": [0, 0, 2, 0], "texture": "#0"},
				"west": {"uv": [0, 0, 6, 0], "texture": "#0"},
				"up": {"uv": [0, 0, 3, 12], "texture": "#0"},
				"down": {"uv": [0, 12, 3, 0], "texture": "#0"}
			}
		}
	],
	"display": {
		"thirdperson_righthand": {
			"rotation": [71, 0, 90],
			"translation": [0, 1, -0.75]
		},
		"thirdperson_lefthand": {
			"rotation": [71, 0, -90],
			"translation": [0, 1, -0.75]
		},
		"firstperson_righthand": {
			"rotation": [71, 0, 90],
			"translation": [0, 3.5, 0],
			"scale": [1.5, 1.5, 1.5]
		},
		"firstperson_lefthand": {
			"rotation": [71, 0, -90],
			"translation": [0, 3.5, 0],
			"scale": [1.5, 1.5, 1.5]
		},
		"ground": {
			"translation": [0, -3.25, 0]
		},
		"gui": {
			"rotation": [90, 46, 0],
			"scale": [2, 2, 2]
		},
		"head": {
			"rotation": [0, 0, 90],
			"translation": [0, 1, 0],
			"scale": [3, 3, 3]
		},
		"fixed": {
			"rotation": [90, 46, 0],
			"scale": [1.5, 1.5, 1.5]
		}
	}
}