[
	{
		"function": "minecraft:set_lore",
		"entity": "this",
		"lore": [
			{
				"text": "",
				"color": "white",
				"bold": false,
				"italic": false,
				"extra": [
					{
						"translate": "item.backpack.lore",
						"fallback": "Left: ",
						"with": [
							{
								"text": "\uF000",
								"font": "focal:backpack",
								"color": "white"
							}
						],
						"color": "red"
					},
					{
						"score": {
							"name": "-leftSlot",
							"objective": "focal.pack.store"
						},
						"color": "gray"
					},
					{
						"text": "/27",
						"color": "gray"
					}
				]
			}
		],
		"mode": "replace_all"
	}
]
