{
	"credit": "Made with Blockbench",
	"texture_size": [8, 8],
	"textures": {
		"1": "cnp:item/dj/hp",
		"particle": "cnp:item/dj/2"
	},
	"elements": [
		{
			"from": [6, 4, 8],
			"to": [10, 12, 8],
			"rotation": {"angle": 22.5, "axis": "z", "origin": [8, 8, 8]},
			"faces": {
				"north": {"uv": [8, 0, 16, 16], "texture": "#1"},
				"east": {"uv": [8, 0, 8, 16], "texture": "#1"},
				"south": {"uv": [8, 0, 16, 16], "texture": "#1"},
				"west": {"uv": [8, 0, 8, 16], "texture": "#1"},
				"up": {"uv": [16, 0, 8, 0], "texture": "#1"},
				"down": {"uv": [16, 0, 8, 0], "texture": "#1"}
			}
		}
	],
	"display": {
		"ground": {
			"translation": [0, 5, 0],
			"scale": [1.5, 1.5, 1.5]
		}
	}
}