{
	"credit": "Made with Blockbench",
	"texture_size": [32, 32],
	"textures": {
		"1": "cnp:item/dj/lv"
	},
	"elements": [
		{
			"from": [3, 3, 7.475],
			"to": [13, 13, 7.475],
			"rotation": {"angle": 0, "axis": "y", "origin": [3, 3, 10]},
			"faces": {
				"north": {"uv": [0, 0, 15, 16], "texture": "#1"},
				"east": {"uv": [0, 0, 16, 16], "texture": "#1"},
				"south": {"uv": [0.55474, 15.59124, 0.55474, 15.59124], "texture": "#1"},
				"west": {"uv": [0, 0, 16, 16], "texture": "#1"},
				"up": {"uv": [0, 0, 16, 16], "texture": "#1"},
				"down": {"uv": [0, 0, 16, 16], "texture": "#1"}
			}
		},
		{
			"from": [3, 3, 8.525],
			"to": [13, 13, 8.525],
			"rotation": {"angle": 0, "axis": "y", "origin": [3, 3, 6]},
			"faces": {
				"north": {"uv": [0.55474, 15.56204, 0.55474, 15.56204], "texture": "#1"},
				"east": {"uv": [16, 0, 0, 16], "texture": "#1"},
				"south": {"uv": [15, 0, 0, 16], "texture": "#1"},
				"west": {"uv": [16, 0, 0, 16], "texture": "#1"},
				"up": {"uv": [0, 16, 16, 0], "texture": "#1"},
				"down": {"uv": [0, 16, 16, 0], "texture": "#1"}
			}
		},
		{
			"from": [3, 7, 7.5],
			"to": [13, 9, 8.5],
			"rotation": {"angle": 0, "axis": "y", "origin": [3, 7, 7.5]},
			"faces": {
				"north": {"uv": [15.64599, 15.11314, 15.89599, 15.36314], "texture": "#1"},
				"east": {"uv": [15.64599, 15.11314, 15.89599, 15.36314], "texture": "#1"},
				"south": {"uv": [15.64599, 15.11314, 15.89599, 15.36314], "texture": "#1"},
				"west": {"uv": [15.64599, 15.11314, 15.89599, 15.36314], "texture": "#1"},
				"up": {"uv": [15.64599, 15.11314, 15.89599, 15.36314], "texture": "#1"},
				"down": {"uv": [15.64599, 15.11314, 15.89599, 15.36314], "texture": "#1"}
			}
		},
		{
			"from": [4.17157, 4.17157, 7.5],
			"to": [14.17157, 6.17157, 8.5],
			"rotation": {"angle": 45, "axis": "z", "origin": [5.17157, 5.17157, 8.5]},
			"faces": {
				"north": {"uv": [15.64599, 15.11314, 15.89599, 15.36314], "texture": "#1"},
				"east": {"uv": [15.64599, 15.11314, 15.89599, 15.36314], "texture": "#1"},
				"south": {"uv": [15.64599, 15.11314, 15.89599, 15.36314], "texture": "#1"},
				"west": {"uv": [15.64599, 15.11314, 15.89599, 15.36314], "texture": "#1"},
				"up": {"uv": [15.64599, 15.11314, 15.89599, 15.36314], "texture": "#1"},
				"down": {"uv": [15.64599, 15.11314, 15.89599, 15.36314], "texture": "#1"}
			}
		},
		{
			"from": [7, 3, 7.5],
			"to": [9, 13, 8.5],
			"rotation": {"angle": -22.5, "axis": "z", "origin": [8, 8, 8.5]},
			"faces": {
				"north": {"uv": [15.64599, 15.11314, 15.89599, 15.36314], "texture": "#1"},
				"east": {"uv": [15.64599, 15.11314, 15.89599, 15.36314], "texture": "#1"},
				"south": {"uv": [15.64599, 15.11314, 15.89599, 15.36314], "texture": "#1"},
				"west": {"uv": [15.64599, 15.11314, 15.89599, 15.36314], "texture": "#1"},
				"up": {"uv": [15.64599, 15.11314, 15.89599, 15.36314], "texture": "#1"},
				"down": {"uv": [15.64599, 15.11314, 15.89599, 15.36314], "texture": "#1"}
			}
		},
		{
			"from": [7, 3, 7.5],
			"to": [9, 13, 8.5],
			"rotation": {"angle": 0, "axis": "z", "origin": [8, 8, 8.5]},
			"faces": {
				"north": {"uv": [15.64599, 15.11314, 15.89599, 15.36314], "texture": "#1"},
				"east": {"uv": [15.64599, 15.11314, 15.89599, 15.36314], "texture": "#1"},
				"south": {"uv": [15.64599, 15.11314, 15.89599, 15.36314], "texture": "#1"},
				"west": {"uv": [15.64599, 15.11314, 15.89599, 15.36314], "texture": "#1"},
				"up": {"uv": [15.64599, 15.11314, 15.89599, 15.36314], "texture": "#1"},
				"down": {"uv": [15.64599, 15.11314, 15.89599, 15.36314], "texture": "#1"}
			}
		},
		{
			"from": [7, 3, 7.5],
			"to": [9, 13, 8.5],
			"rotation": {"angle": 22.5, "axis": "z", "origin": [8, 8, 8.5]},
			"faces": {
				"north": {"uv": [15.64599, 15.11314, 15.89599, 15.36314], "texture": "#1"},
				"east": {"uv": [15.64599, 15.11314, 15.89599, 15.36314], "texture": "#1"},
				"south": {"uv": [15.64599, 15.11314, 15.89599, 15.36314], "texture": "#1"},
				"west": {"uv": [15.64599, 15.11314, 15.89599, 15.36314], "texture": "#1"},
				"up": {"uv": [15.64599, 15.11314, 15.89599, 15.36314], "texture": "#1"},
				"down": {"uv": [15.64599, 15.11314, 15.89599, 15.36314], "texture": "#1"}
			}
		},
		{
			"from": [7, 3, 7.5],
			"to": [9, 13, 8.5],
			"rotation": {"angle": 45, "axis": "z", "origin": [8, 8, 8.5]},
			"faces": {
				"north": {"uv": [15.64599, 15.11314, 15.89599, 15.36314], "texture": "#1"},
				"east": {"uv": [15.64599, 15.11314, 15.89599, 15.36314], "texture": "#1"},
				"south": {"uv": [15.64599, 15.11314, 15.89599, 15.36314], "texture": "#1"},
				"west": {"uv": [15.64599, 15.11314, 15.89599, 15.36314], "texture": "#1"},
				"up": {"uv": [15.64599, 15.11314, 15.89599, 15.36314], "texture": "#1"},
				"down": {"uv": [15.64599, 15.11314, 15.89599, 15.36314], "texture": "#1"}
			}
		},
		{
			"from": [3, 7, 7.5],
			"to": [13, 9, 8.5],
			"rotation": {"angle": -22.5, "axis": "z", "origin": [8, 8, 8.5]},
			"faces": {
				"north": {"uv": [15.64599, 15.11314, 15.89599, 15.36314], "texture": "#1"},
				"east": {"uv": [15.64599, 15.11314, 15.89599, 15.36314], "texture": "#1"},
				"south": {"uv": [15.64599, 15.11314, 15.89599, 15.36314], "texture": "#1"},
				"west": {"uv": [15.64599, 15.11314, 15.89599, 15.36314], "texture": "#1"},
				"up": {"uv": [15.64599, 15.11314, 15.89599, 15.36314], "texture": "#1"},
				"down": {"uv": [15.64599, 15.11314, 15.89599, 15.36314], "texture": "#1"}
			}
		},
		{
			"from": [3.30448, 5.46927, 7.5],
			"to": [13.30448, 7.46927, 8.5],
			"rotation": {"angle": 22.5, "axis": "z", "origin": [4.30448, 6.46927, 8.5]},
			"faces": {
				"north": {"uv": [15.64599, 15.11314, 15.89599, 15.36314], "texture": "#1"},
				"east": {"uv": [15.64599, 15.11314, 15.89599, 15.36314], "texture": "#1"},
				"south": {"uv": [15.64599, 15.11314, 15.89599, 15.36314], "texture": "#1"},
				"west": {"uv": [15.64599, 15.11314, 15.89599, 15.36314], "texture": "#1"},
				"up": {"uv": [15.64599, 15.11314, 15.89599, 15.36314], "texture": "#1"},
				"down": {"uv": [15.64599, 15.11314, 15.89599, 15.36314], "texture": "#1"}
			}
		},
		{
			"from": [2.7, 6.94, 7.42],
			"to": [3.5, 9.06, 8.58],
			"rotation": {"angle": 0, "axis": "y", "origin": [2.7, 6.94, 7.48]},
			"faces": {
				"north": {"uv": [15.17518, 15.61679, 15.42518, 15.86679], "texture": "#1"},
				"east": {"uv": [15.17518, 15.61679, 15.42518, 15.86679], "texture": "#1"},
				"south": {"uv": [15.17518, 15.61679, 15.42518, 15.86679], "texture": "#1"},
				"west": {"uv": [15.17518, 15.61679, 15.42518, 15.86679], "texture": "#1"},
				"up": {"uv": [15.17518, 15.61679, 15.42518, 15.86679], "texture": "#1"},
				"down": {"uv": [15.17518, 15.61679, 15.42518, 15.86679], "texture": "#1"}
			}
		},
		{
			"from": [12.5, 6.94, 7.42],
			"to": [13.3, 9.06, 8.58],
			"rotation": {"angle": 0, "axis": "y", "origin": [13.3, 6.94, 7.48]},
			"faces": {
				"north": {"uv": [15.17518, 15.61679, 15.42518, 15.86679], "texture": "#1"},
				"east": {"uv": [15.17518, 15.61679, 15.42518, 15.86679], "texture": "#1"},
				"south": {"uv": [15.17518, 15.61679, 15.42518, 15.86679], "texture": "#1"},
				"west": {"uv": [15.17518, 15.61679, 15.42518, 15.86679], "texture": "#1"},
				"up": {"uv": [15.17518, 15.61679, 15.42518, 15.86679], "texture": "#1"},
				"down": {"uv": [15.17518, 15.61679, 15.42518, 15.86679], "texture": "#1"}
			}
		},
		{
			"from": [12.5, 6.94, 7.47],
			"to": [13.3, 9.06, 8.53],
			"rotation": {"angle": 22.5, "axis": "z", "origin": [8, 8, 8]},
			"faces": {
				"north": {"uv": [15.20803, 15.18248, 15.35766, 15.33212], "texture": "#1"},
				"east": {"uv": [15.20803, 15.18248, 15.35766, 15.33212], "texture": "#1"},
				"south": {"uv": [15.20803, 15.18248, 15.35766, 15.33212], "texture": "#1"},
				"west": {"uv": [15.20803, 15.18248, 15.35766, 15.33212], "texture": "#1"},
				"up": {"uv": [15.20803, 15.18248, 15.35766, 15.33212], "texture": "#1"},
				"down": {"uv": [15.20803, 15.18248, 15.35766, 15.33212], "texture": "#1"}
			}
		},
		{
			"from": [2.7, 6.94, 7.47],
			"to": [3.5, 9.06, 8.53],
			"rotation": {"angle": 22.5, "axis": "z", "origin": [8, 8, 8]},
			"faces": {
				"north": {"uv": [15.20803, 15.18248, 15.35766, 15.33212], "texture": "#1"},
				"east": {"uv": [15.20803, 15.18248, 15.35766, 15.33212], "texture": "#1"},
				"south": {"uv": [15.20803, 15.18248, 15.35766, 15.33212], "texture": "#1"},
				"west": {"uv": [15.20803, 15.18248, 15.35766, 15.33212], "texture": "#1"},
				"up": {"uv": [15.20803, 15.18248, 15.35766, 15.33212], "texture": "#1"},
				"down": {"uv": [15.20803, 15.18248, 15.35766, 15.33212], "texture": "#1"}
			}
		},
		{
			"from": [12.5, 6.94, 7.42],
			"to": [13.3, 9.06, 8.58],
			"rotation": {"angle": 45, "axis": "z", "origin": [8, 8, 7.95]},
			"faces": {
				"north": {"uv": [15.17518, 15.61679, 15.42518, 15.86679], "texture": "#1"},
				"east": {"uv": [15.17518, 15.61679, 15.42518, 15.86679], "texture": "#1"},
				"south": {"uv": [15.17518, 15.61679, 15.42518, 15.86679], "texture": "#1"},
				"west": {"uv": [15.17518, 15.61679, 15.42518, 15.86679], "texture": "#1"},
				"up": {"uv": [15.17518, 15.61679, 15.42518, 15.86679], "texture": "#1"},
				"down": {"uv": [15.17518, 15.61679, 15.42518, 15.86679], "texture": "#1"}
			}
		},
		{
			"from": [2.7, 6.94, 7.42],
			"to": [3.5, 9.06, 8.58],
			"rotation": {"angle": 45, "axis": "z", "origin": [8, 8, 7.95]},
			"faces": {
				"north": {"uv": [15.17518, 15.61679, 15.42518, 15.86679], "texture": "#1"},
				"east": {"uv": [15.17518, 15.61679, 15.42518, 15.86679], "texture": "#1"},
				"south": {"uv": [15.17518, 15.61679, 15.42518, 15.86679], "texture": "#1"},
				"west": {"uv": [15.17518, 15.61679, 15.42518, 15.86679], "texture": "#1"},
				"up": {"uv": [15.17518, 15.61679, 15.42518, 15.86679], "texture": "#1"},
				"down": {"uv": [15.17518, 15.61679, 15.42518, 15.86679], "texture": "#1"}
			}
		},
		{
			"from": [6.94, 12.5, 7.47],
			"to": [9.06, 13.3, 8.53],
			"rotation": {"angle": -22.5, "axis": "z", "origin": [8, 8, 8]},
			"faces": {
				"north": {"uv": [15.20803, 15.18248, 15.35766, 15.33212], "texture": "#1"},
				"east": {"uv": [15.20803, 15.18248, 15.35766, 15.33212], "texture": "#1"},
				"south": {"uv": [15.20803, 15.18248, 15.35766, 15.33212], "texture": "#1"},
				"west": {"uv": [15.20803, 15.18248, 15.35766, 15.33212], "texture": "#1"},
				"up": {"uv": [15.20803, 15.18248, 15.35766, 15.33212], "texture": "#1"},
				"down": {"uv": [15.20803, 15.18248, 15.35766, 15.33212], "texture": "#1"}
			}
		},
		{
			"from": [6.94, 2.7, 7.47],
			"to": [9.06, 3.5, 8.53],
			"rotation": {"angle": -22.5, "axis": "z", "origin": [8, 8, 8]},
			"faces": {
				"north": {"uv": [15.20803, 15.18248, 15.35766, 15.33212], "texture": "#1"},
				"east": {"uv": [15.20803, 15.18248, 15.35766, 15.33212], "texture": "#1"},
				"south": {"uv": [15.20803, 15.18248, 15.35766, 15.33212], "texture": "#1"},
				"west": {"uv": [15.20803, 15.18248, 15.35766, 15.33212], "texture": "#1"},
				"up": {"uv": [15.20803, 15.18248, 15.35766, 15.33212], "texture": "#1"},
				"down": {"uv": [15.20803, 15.18248, 15.35766, 15.33212], "texture": "#1"}
			}
		},
		{
			"from": [6.94, 12.5, 7.42],
			"to": [9.06, 13.3, 8.58],
			"rotation": {"angle": 0, "axis": "z", "origin": [8, 8, 7.95]},
			"faces": {
				"north": {"uv": [15.17518, 15.61679, 15.42518, 15.86679], "texture": "#1"},
				"east": {"uv": [15.17518, 15.61679, 15.42518, 15.86679], "texture": "#1"},
				"south": {"uv": [15.17518, 15.61679, 15.42518, 15.86679], "texture": "#1"},
				"west": {"uv": [15.17518, 15.61679, 15.42518, 15.86679], "texture": "#1"},
				"up": {"uv": [15.17518, 15.61679, 15.42518, 15.86679], "texture": "#1"},
				"down": {"uv": [15.17518, 15.61679, 15.42518, 15.86679], "texture": "#1"}
			}
		},
		{
			"from": [6.94, 2.7, 7.42],
			"to": [9.06, 3.5, 8.58],
			"rotation": {"angle": 0, "axis": "z", "origin": [8, 8, 7.95]},
			"faces": {
				"north": {"uv": [15.17518, 15.61679, 15.42518, 15.86679], "texture": "#1"},
				"east": {"uv": [15.17518, 15.61679, 15.42518, 15.86679], "texture": "#1"},
				"south": {"uv": [15.17518, 15.61679, 15.42518, 15.86679], "texture": "#1"},
				"west": {"uv": [15.17518, 15.61679, 15.42518, 15.86679], "texture": "#1"},
				"up": {"uv": [15.17518, 15.61679, 15.42518, 15.86679], "texture": "#1"},
				"down": {"uv": [15.17518, 15.61679, 15.42518, 15.86679], "texture": "#1"}
			}
		},
		{
			"from": [6.94, 12.5, 7.47],
			"to": [9.06, 13.3, 8.53],
			"rotation": {"angle": 22.5, "axis": "z", "origin": [8, 8, 8]},
			"faces": {
				"north": {"uv": [15.20803, 15.18248, 15.35766, 15.33212], "texture": "#1"},
				"east": {"uv": [15.20803, 15.18248, 15.35766, 15.33212], "texture": "#1"},
				"south": {"uv": [15.20803, 15.18248, 15.35766, 15.33212], "texture": "#1"},
				"west": {"uv": [15.20803, 15.18248, 15.35766, 15.33212], "texture": "#1"},
				"up": {"uv": [15.20803, 15.18248, 15.35766, 15.33212], "texture": "#1"},
				"down": {"uv": [15.20803, 15.18248, 15.35766, 15.33212], "texture": "#1"}
			}
		},
		{
			"from": [6.94, 2.7, 7.47],
			"to": [9.06, 3.5, 8.53],
			"rotation": {"angle": 22.5, "axis": "z", "origin": [8, 8, 8]},
			"faces": {
				"north": {"uv": [15.20803, 15.18248, 15.35766, 15.33212], "texture": "#1"},
				"east": {"uv": [15.20803, 15.18248, 15.35766, 15.33212], "texture": "#1"},
				"south": {"uv": [15.20803, 15.18248, 15.35766, 15.33212], "texture": "#1"},
				"west": {"uv": [15.20803, 15.18248, 15.35766, 15.33212], "texture": "#1"},
				"up": {"uv": [15.20803, 15.18248, 15.35766, 15.33212], "texture": "#1"},
				"down": {"uv": [15.20803, 15.18248, 15.35766, 15.33212], "texture": "#1"}
			}
		},
		{
			"from": [6.94, 12.5, 7.42],
			"to": [9.06, 13.3, 8.58],
			"rotation": {"angle": 45, "axis": "z", "origin": [8, 8, 7.95]},
			"faces": {
				"north": {"uv": [15.17518, 15.61679, 15.42518, 15.86679], "texture": "#1"},
				"east": {"uv": [15.17518, 15.61679, 15.42518, 15.86679], "texture": "#1"},
				"south": {"uv": [15.17518, 15.61679, 15.42518, 15.86679], "texture": "#1"},
				"west": {"uv": [15.17518, 15.61679, 15.42518, 15.86679], "texture": "#1"},
				"up": {"uv": [15.17518, 15.61679, 15.42518, 15.86679], "texture": "#1"},
				"down": {"uv": [15.17518, 15.61679, 15.42518, 15.86679], "texture": "#1"}
			}
		},
		{
			"from": [6.94, 2.7, 7.42],
			"to": [9.06, 3.5, 8.58],
			"rotation": {"angle": 45, "axis": "z", "origin": [8, 8, 7.95]},
			"faces": {
				"north": {"uv": [15.17518, 15.61679, 15.42518, 15.86679], "texture": "#1"},
				"east": {"uv": [15.17518, 15.61679, 15.42518, 15.86679], "texture": "#1"},
				"south": {"uv": [15.17518, 15.61679, 15.42518, 15.86679], "texture": "#1"},
				"west": {"uv": [15.17518, 15.61679, 15.42518, 15.86679], "texture": "#1"},
				"up": {"uv": [15.17518, 15.61679, 15.42518, 15.86679], "texture": "#1"},
				"down": {"uv": [15.17518, 15.61679, 15.42518, 15.86679], "texture": "#1"}
			}
		},
		{
			"from": [2.7, 6.94, 7.47],
			"to": [3.5, 9.06, 8.53],
			"rotation": {"angle": -22.5, "axis": "z", "origin": [8, 8, 8]},
			"faces": {
				"north": {"uv": [15.20803, 15.18248, 15.35766, 15.33212], "texture": "#1"},
				"east": {"uv": [15.20803, 15.18248, 15.35766, 15.33212], "texture": "#1"},
				"south": {"uv": [15.20803, 15.18248, 15.35766, 15.33212], "texture": "#1"},
				"west": {"uv": [15.20803, 15.18248, 15.35766, 15.33212], "texture": "#1"},
				"up": {"uv": [15.20803, 15.18248, 15.35766, 15.33212], "texture": "#1"},
				"down": {"uv": [15.20803, 15.18248, 15.35766, 15.33212], "texture": "#1"}
			}
		},
		{
			"from": [12.5, 6.94, 7.47],
			"to": [13.3, 9.06, 8.53],
			"rotation": {"angle": -22.5, "axis": "z", "origin": [8, 8, 8]},
			"faces": {
				"north": {"uv": [15.20803, 15.18248, 15.35766, 15.33212], "texture": "#1"},
				"east": {"uv": [15.20803, 15.18248, 15.35766, 15.33212], "texture": "#1"},
				"south": {"uv": [15.20803, 15.18248, 15.35766, 15.33212], "texture": "#1"},
				"west": {"uv": [15.20803, 15.18248, 15.35766, 15.33212], "texture": "#1"},
				"up": {"uv": [15.20803, 15.18248, 15.35766, 15.33212], "texture": "#1"},
				"down": {"uv": [15.20803, 15.18248, 15.35766, 15.33212], "texture": "#1"}
			}
		}
	],
	"display": {
		"thirdperson_righthand": {
			"scale": [0.5, 0.5, 0.5]
		},
		"ground": {
			"translation": [0, 5, 0],
			"scale": [1, 1, 2]
		},
		"head": {
			"rotation": [90, 0, 0],
			"translation": [0, 1.5, 0],
			"scale": [0.4, 0.4, 1]
		}
	},
	"groups": [
		0,
		1,
		{
			"name": "group",
			"origin": [4.30448, 6.46927, 8.5],
			"color": 0,
			"nbt": "{}",
			"children": [2, 3, 4, 5, 6, 7, 8, 9]
		},
		{
			"name": "group",
			"origin": [2.7, 6.94, 7.53],
			"color": 0,
			"nbt": "{}",
			"children": [10, 11, 12, 13, 14, 15, 16, 17, 18, 19, 20, 21, 22, 23, 24, 25]
		}
	]
}