{
	"credit": "Made with Blockbench",
	"parent": "block/block",
	"ambientocclusion": false,
	"texture_size": [64, 64],
	"textures": {
		"0": "block/arrow_sign",
		"particle": "block/grass_compiled_col"
	},
	"elements": [
		{
			"from": [7, -16, 7],
			"to": [9, 14, 9],
			"rotation": {"angle": 0, "axis": "y", "origin": [1, 0, 0]},
			"faces": {
				"north": {"uv": [5, 0, 5.5, 7.5], "texture": "#0"},
				"east": {"uv": [0, 5.5, 0.5, 13], "texture": "#0"},
				"south": {"uv": [5.5, 0, 6, 7.5], "texture": "#0"},
				"west": {"uv": [0.5, 5.5, 1, 13], "texture": "#0"},
				"up": {"uv": [2.5, 6, 2, 5.5], "texture": "#0"},
				"down": {"uv": [3, 5.5, 2.5, 6], "texture": "#0"}
			}
		},
		{
			"from": [-2, 2, 6],
			"to": [18, 13, 8],
			"rotation": {"angle": 0, "axis": "y", "origin": [15, 0, 0]},
			"faces": {
				"north": {"uv": [0, 0, 5, 2.75], "texture": "#0"},
				"east": {"uv": [2, 5.5, 1.5, 8.25], "texture": "#0"},
				"south": {"uv": [0, 2.75, 5, 5.5], "texture": "#0"},
				"west": {"uv": [1.5, 5.5, 1, 8.25], "texture": "#0"},
				"up": {"uv": [6, 0.5, 11, 0], "texture": "#0"},
				"down": {"uv": [6, 0.5, 11, 1], "texture": "#0"}
			}
		}
	],
	"display": {}
}