{
	"credit": "Made with Blockbench",
	"texture_size": [64, 64],
	"textures": {
		"1": "block/big_lever",
		"particle": "block/start_text"
	},
	"elements": [
		{
			"from": [4, -10, 2],
			"to": [12, 1, 14],
			"rotation": {"angle": 0, "axis": "y", "origin": [0, -10, 0]},
			"faces": {
				"north": {"uv": [7.5, 6, 9.5, 8.75], "texture": "#1"},
				"east": {"uv": [4.5, 3, 7.5, 5.75], "texture": "#1"},
				"south": {"uv": [0, 8.25, 2, 11], "texture": "#1"},
				"west": {"uv": [0, 5.5, 3, 8.25], "texture": "#1"},
				"up": {"uv": [9.5, 6, 7.5, 3], "texture": "#1"}
			}
		},
		{
			"from": [2, -8, 5],
			"to": [4, -2, 11],
			"rotation": {"angle": 0, "axis": "y", "origin": [0, -10, 0]},
			"faces": {
				"north": {"uv": [6.5, 12, 7, 13.5], "texture": "#1"},
				"south": {"uv": [12, 10.75, 12.5, 12.25], "texture": "#1"},
				"west": {"uv": [10, 9.75, 11.5, 11.25], "texture": "#1"},
				"up": {"uv": [12.5, 13.75, 12, 12.25], "texture": "#1"},
				"down": {"uv": [13, 0, 12.5, 1.5], "texture": "#1"}
			}
		},
		{
			"from": [1, -10, 12],
			"to": [6, 3, 16],
			"rotation": {"angle": 0, "axis": "y", "origin": [0, -10, 0]},
			"faces": {
				"north": {"uv": [2, 8.75, 3.25, 12], "texture": "#1"},
				"east": {"uv": [9.5, 3, 10.5, 6.25], "texture": "#1"},
				"south": {"uv": [3.25, 8.75, 4.5, 12], "texture": "#1"},
				"west": {"uv": [7, 9.75, 8, 13], "texture": "#1"},
				"up": {"uv": [12.5, 1, 11.25, 0], "texture": "#1"}
			}
		},
		{
			"from": [0, 1, 12],
			"to": [4, 4, 17],
			"rotation": {"angle": 0, "axis": "y", "origin": [0, -10, 0]},
			"faces": {
				"north": {"uv": [12.5, 8.25, 13.5, 9], "texture": "#1"},
				"east": {"uv": [3.5, 12, 4.75, 12.75], "texture": "#1"},
				"south": {"uv": [12.5, 9, 13.5, 9.75], "texture": "#1"},
				"west": {"uv": [4.75, 12, 6, 12.75], "texture": "#1"},
				"up": {"uv": [12.5, 5.25, 11.5, 4], "texture": "#1"},
				"down": {"uv": [12.5, 9.5, 11.5, 10.75], "texture": "#1"}
			}
		},
		{
			"from": [0, 1, -1],
			"to": [4, 4, 4],
			"rotation": {"angle": 0, "axis": "y", "origin": [0, -10, 16]},
			"faces": {
				"north": {"uv": [12.25, 2, 13.25, 2.75], "texture": "#1"},
				"east": {"uv": [1, 12, 2.25, 12.75], "texture": "#1"},
				"south": {"uv": [12.5, 4, 13.5, 4.75], "texture": "#1"},
				"west": {"uv": [2.25, 12, 3.5, 12.75], "texture": "#1"},
				"up": {"uv": [11, 12.5, 10, 11.25], "texture": "#1"},
				"down": {"uv": [12, 11.25, 11, 12.5], "texture": "#1"}
			}
		},
		{
			"from": [1, -1, 4],
			"to": [6, 3, 12],
			"rotation": {"angle": 0, "axis": "y", "origin": [0, -10, 0]},
			"faces": {
				"east": {"uv": [10.5, 8.5, 12.5, 9.5], "texture": "#1"},
				"west": {"uv": [0, 11, 2, 12], "texture": "#1"},
				"up": {"uv": [10.75, 8.25, 9.5, 6.25], "texture": "#1"},
				"down": {"uv": [11.25, 0, 10, 2], "texture": "#1"}
			}
		},
		{
			"from": [1, -10, 0],
			"to": [6, 3, 4],
			"rotation": {"angle": 0, "axis": "y", "origin": [0, -10, 0]},
			"faces": {
				"north": {"uv": [4.5, 8.75, 5.75, 12], "texture": "#1"},
				"east": {"uv": [8, 9.75, 9, 13], "texture": "#1"},
				"south": {"uv": [5.75, 8.75, 7, 12], "texture": "#1"},
				"west": {"uv": [9, 9.75, 10, 13], "texture": "#1"},
				"up": {"uv": [12.5, 2, 11.25, 1], "texture": "#1"}
			}
		},
		{
			"from": [12, 1, 12],
			"to": [16, 4, 17],
			"rotation": {"angle": 0, "axis": "y", "origin": [16, -10, 0]},
			"faces": {
				"north": {"uv": [13.5, 8.25, 12.5, 9], "texture": "#1"},
				"east": {"uv": [6, 12, 4.75, 12.75], "texture": "#1"},
				"south": {"uv": [13.5, 9, 12.5, 9.75], "texture": "#1"},
				"west": {"uv": [4.75, 12, 3.5, 12.75], "texture": "#1"},
				"up": {"uv": [11.5, 5.25, 12.5, 4], "texture": "#1"},
				"down": {"uv": [11.5, 9.5, 12.5, 10.75], "texture": "#1"}
			}
		},
		{
			"from": [10, -10, 12],
			"to": [15, 3, 16],
			"rotation": {"angle": 0, "axis": "y", "origin": [16, -10, 0]},
			"faces": {
				"north": {"uv": [3.25, 8.75, 2, 12], "texture": "#1"},
				"east": {"uv": [8, 9.75, 7, 13], "texture": "#1"},
				"south": {"uv": [4.5, 8.75, 3.25, 12], "texture": "#1"},
				"west": {"uv": [10.5, 3, 9.5, 6.25], "texture": "#1"},
				"up": {"uv": [11.25, 1, 12.5, 0], "texture": "#1"}
			}
		},
		{
			"from": [10, -1, 4],
			"to": [15, 3, 12],
			"rotation": {"angle": 0, "axis": "y", "origin": [16, -10, 0]},
			"faces": {
				"east": {"uv": [2, 11, 0, 12], "texture": "#1"},
				"west": {"uv": [12.5, 8.5, 10.5, 9.5], "texture": "#1"},
				"up": {"uv": [9.5, 8.25, 10.75, 6.25], "texture": "#1"},
				"down": {"uv": [10, 0, 11.25, 2], "texture": "#1"}
			}
		},
		{
			"from": [12, 1, -1],
			"to": [16, 4, 4],
			"rotation": {"angle": 0, "axis": "y", "origin": [16, -10, 16]},
			"faces": {
				"north": {"uv": [13.25, 2, 12.25, 2.75], "texture": "#1"},
				"east": {"uv": [3.5, 12, 2.25, 12.75], "texture": "#1"},
				"south": {"uv": [13.5, 4, 12.5, 4.75], "texture": "#1"},
				"west": {"uv": [2.25, 12, 1, 12.75], "texture": "#1"},
				"up": {"uv": [10, 12.5, 11, 11.25], "texture": "#1"},
				"down": {"uv": [11, 11.25, 12, 12.5], "texture": "#1"}
			}
		},
		{
			"from": [10, -10, 0],
			"to": [15, 3, 4],
			"rotation": {"angle": 0, "axis": "y", "origin": [16, -10, 0]},
			"faces": {
				"north": {"uv": [5.75, 8.75, 4.5, 12], "texture": "#1"},
				"east": {"uv": [10, 9.75, 9, 13], "texture": "#1"},
				"south": {"uv": [7, 8.75, 5.75, 12], "texture": "#1"},
				"west": {"uv": [9, 9.75, 8, 13], "texture": "#1"},
				"up": {"uv": [11.25, 2, 12.5, 1], "texture": "#1"}
			}
		},
		{
			"from": [12, -8, 5],
			"to": [14, -2, 11],
			"rotation": {"angle": 0, "axis": "y", "origin": [16, -10, 0]},
			"faces": {
				"north": {"uv": [7, 12, 6.5, 13.5], "texture": "#1"},
				"east": {"uv": [11.5, 9.75, 10, 11.25], "texture": "#1"},
				"south": {"uv": [12.5, 10.75, 12, 12.25], "texture": "#1"},
				"up": {"uv": [12, 13.75, 12.5, 12.25], "texture": "#1"},
				"down": {"uv": [12.5, 0, 13, 1.5], "texture": "#1"}
			}
		},
		{
			"from": [-1, -16, -3],
			"to": [17, -10, 19],
			"faces": {
				"north": {"uv": [3, 5.75, 7.5, 7.25], "texture": "#1"},
				"east": {"uv": [4.5, 0, 10, 1.5], "texture": "#1"},
				"south": {"uv": [3, 7.25, 7.5, 8.75], "texture": "#1"},
				"west": {"uv": [4.5, 1.5, 10, 3], "texture": "#1"},
				"up": {"uv": [4.5, 5.5, 0, 0], "texture": "#1"}
			}
		},
		{
			"from": [-2, -15, 1],
			"to": [-1, -11, 15],
			"faces": {
				"north": {"uv": [11.5, 12.5, 11.75, 13.5], "texture": "#1"},
				"south": {"uv": [11.75, 12.5, 12, 13.5], "texture": "#1"},
				"west": {"uv": [7, 8.75, 10.5, 9.75], "texture": "#1"},
				"up": {"uv": [6.25, 15.5, 6, 12], "texture": "#1"},
				"down": {"uv": [6.5, 12, 6.25, 15.5], "texture": "#1"}
			}
		},
		{
			"from": [17, -15, 1],
			"to": [18, -11, 15],
			"rotation": {"angle": 0, "axis": "y", "origin": [16, 0, 0]},
			"faces": {
				"north": {"uv": [11.75, 12.5, 11.5, 13.5], "texture": "#1"},
				"east": {"uv": [10.5, 8.75, 7, 9.75], "texture": "#1"},
				"south": {"uv": [12, 12.5, 11.75, 13.5], "texture": "#1"},
				"up": {"uv": [6, 15.5, 6.25, 12], "texture": "#1"},
				"down": {"uv": [6.25, 12, 6.5, 15.5], "texture": "#1"}
			}
		}
	]
}