{
	"credit": "Made with Blockbench",
	"texture_size": [64, 64],
	"textures": {
		"1": "block/copper_wall_cubes",
		"particle": "block/copper_wall_cubes"
	},
	"elements": [
		{
			"from": [-3, 10, 14],
			"to": [6, 20, 16],
			"faces": {
				"north": {"uv": [0, 2.5, 2.25, 5], "texture": "#1"},
				"east": {"uv": [1.5, 6.5, 2, 9], "texture": "#1"},
				"south": {"uv": [2.25, 2.5, 4.5, 5], "texture": "#1"},
				"west": {"uv": [2, 6.5, 2.5, 9], "texture": "#1"},
				"up": {"uv": [8.5, 2.5, 6.25, 2], "texture": "#1"},
				"down": {"uv": [8.5, 2.5, 6.25, 3], "texture": "#1"}
			}
		},
		{
			"from": [4, -1, 12],
			"to": [13, 9, 16],
			"faces": {
				"north": {"uv": [0, 0, 2.25, 2.5], "texture": "#1"},
				"east": {"uv": [6, 4, 7, 6.5], "texture": "#1"},
				"south": {"uv": [2.25, 0, 4.5, 2.5], "texture": "#1"},
				"west": {"uv": [5, 6, 6, 8.5], "texture": "#1"},
				"up": {"uv": [8.5, 1, 6.25, 0], "texture": "#1"},
				"down": {"uv": [8.5, 1, 6.25, 2], "texture": "#1"}
			}
		},
		{
			"from": [-3, -4, 10],
			"to": [4, 4, 16],
			"faces": {
				"north": {"uv": [4.5, 0, 6.25, 2], "texture": "#1"},
				"east": {"uv": [4.5, 4, 6, 6], "texture": "#1"},
				"south": {"uv": [4.5, 2, 6.25, 4], "texture": "#1"},
				"west": {"uv": [0, 5, 1.5, 7], "texture": "#1"},
				"up": {"uv": [3.25, 6.5, 1.5, 5], "texture": "#1"},
				"down": {"uv": [5, 6, 3.25, 7.5], "texture": "#1"}
			}
		}
	]
}