{
	"credit": "Made with Blockbench",
	"texture_size": [32, 32],
	"textures": {
		"0": "block/copper_platform1",
		"particle": "block/copper_platform1"
	},
	"elements": [
		{
			"from": [-1, 0, 0],
			"to": [6, 1, 16],
			"rotation": {"angle": 0, "axis": "y", "origin": [-1, 0, 0]},
			"faces": {
				"north": {"uv": [3.5, 10, 7, 10.5], "texture": "#0"},
				"east": {"uv": [3.5, 8, 11.5, 8.5], "texture": "#0"},
				"south": {"uv": [7, 10, 10.5, 10.5], "texture": "#0"},
				"west": {"uv": [3.5, 8.5, 11.5, 9], "texture": "#0"},
				"up": {"uv": [3.5, 8, 0, 0], "texture": "#0"},
				"down": {"uv": [3.5, 8, 11.5, 8.5], "rotation": 90, "texture": "#0"}
			}
		},
		{
			"from": [10, 0, 0],
			"to": [17, 1, 16],
			"rotation": {"angle": 0, "axis": "y", "origin": [11, 0, 0]},
			"faces": {
				"north": {"uv": [10.5, 0, 14, 0.5], "texture": "#0"},
				"east": {"uv": [3.5, 9, 11.5, 9.5], "texture": "#0"},
				"south": {"uv": [10.5, 0.5, 14, 1], "texture": "#0"},
				"west": {"uv": [3.5, 9.5, 11.5, 10], "texture": "#0"},
				"up": {"uv": [10.5, 8, 7, 0], "texture": "#0"},
				"down": {"uv": [3.5, 9, 11.5, 9.5], "rotation": 90, "texture": "#0"}
			}
		}
	]
}