{
	"credit": "Made with Blockbench",
	"texture_size": [32, 32],
	"textures": {
		"0": "block/floor_tiles1",
		"particle": "block/floor_tiles1"
	},
	"elements": [
		{
			"from": [-1, 0, -1],
			"to": [3, 1, 3],
			"faces": {
				"north": {"uv": [3, 2.5, 5, 3], "texture": "#0"},
				"east": {"uv": [6.5, 7, 8.5, 7.5], "texture": "#0"},
				"south": {"uv": [7, 6.5, 9, 7], "texture": "#0"},
				"west": {"uv": [0, 7.5, 2, 8], "texture": "#0"},
				"up": {"uv": [7, 4.5, 5, 2.5], "texture": "#0"}
			}
		},
		{
			"from": [3, 0, 11],
			"to": [7, 1, 15],
			"faces": {
				"north": {"uv": [2, 7.5, 4, 8], "texture": "#0"},
				"east": {"uv": [4, 7.5, 6, 8], "texture": "#0"},
				"south": {"uv": [6, 7.5, 8, 8], "texture": "#0"},
				"west": {"uv": [0, 8, 2, 8.5], "texture": "#0"},
				"up": {"uv": [7, 6.5, 5, 4.5], "texture": "#0"}
			}
		},
		{
			"from": [17, 0, -1],
			"to": [20, 1, 2],
			"faces": {
				"north": {"uv": [2, 8, 3.5, 8.5], "texture": "#0"},
				"east": {"uv": [3.5, 8, 5, 8.5], "texture": "#0"},
				"south": {"uv": [5, 8, 6.5, 8.5], "texture": "#0"},
				"west": {"uv": [6.5, 8, 8, 8.5], "texture": "#0"},
				"up": {"uv": [7, 1.5, 5.5, 0], "texture": "#0"}
			}
		},
		{
			"from": [-6, 0, 7],
			"to": [-3, 1, 10],
			"faces": {
				"north": {"uv": [8, 7.5, 9.5, 8], "texture": "#0"},
				"east": {"uv": [8, 8, 9.5, 8.5], "texture": "#0"},
				"south": {"uv": [0, 8.5, 1.5, 9], "texture": "#0"},
				"west": {"uv": [1.5, 8.5, 3, 9], "texture": "#0"},
				"up": {"uv": [4, 7, 2.5, 5.5], "texture": "#0"}
			}
		},
		{
			"from": [-2, 0, -10],
			"to": [1, 1, -7],
			"faces": {
				"north": {"uv": [8.5, 1.5, 10, 2], "texture": "#0"},
				"east": {"uv": [8.5, 2, 10, 2.5], "texture": "#0"},
				"south": {"uv": [3, 8.5, 4.5, 9], "texture": "#0"},
				"west": {"uv": [4.5, 8.5, 6, 9], "texture": "#0"},
				"up": {"uv": [1.5, 7.5, 0, 6], "texture": "#0"}
			}
		},
		{
			"from": [5, 0, 16],
			"to": [10, 1, 22],
			"faces": {
				"north": {"uv": [4, 7, 6.5, 7.5], "texture": "#0"},
				"east": {"uv": [7, 0.5, 10, 1], "texture": "#0"},
				"south": {"uv": [7, 4, 9.5, 4.5], "texture": "#0"},
				"west": {"uv": [7, 1, 10, 1.5], "texture": "#0"},
				"up": {"uv": [2.5, 6, 0, 3], "texture": "#0"}
			}
		},
		{
			"from": [9, 0, 7],
			"to": [14, 1, 12],
			"faces": {
				"north": {"uv": [1.5, 7, 4, 7.5], "texture": "#0"},
				"east": {"uv": [7, 2.5, 9.5, 3], "texture": "#0"},
				"south": {"uv": [7, 3, 9.5, 3.5], "texture": "#0"},
				"west": {"uv": [7, 3.5, 9.5, 4], "texture": "#0"},
				"up": {"uv": [5.5, 2.5, 3, 0], "texture": "#0"}
			}
		},
		{
			"from": [4, 0, -4],
			"to": [9, 1, 1],
			"faces": {
				"north": {"uv": [7, 4.5, 9.5, 5], "texture": "#0"},
				"east": {"uv": [7, 5, 9.5, 5.5], "texture": "#0"},
				"south": {"uv": [7, 5.5, 9.5, 6], "texture": "#0"},
				"west": {"uv": [7, 6, 9.5, 6.5], "texture": "#0"},
				"up": {"uv": [5, 5.5, 2.5, 3], "texture": "#0"}
			}
		},
		{
			"from": [12, 0, 13],
			"to": [18, 1, 19],
			"faces": {
				"north": {"uv": [5.5, 1.5, 8.5, 2], "texture": "#0"},
				"east": {"uv": [5.5, 2, 8.5, 2.5], "texture": "#0"},
				"south": {"uv": [4, 6.5, 7, 7], "texture": "#0"},
				"west": {"uv": [7, 0, 10, 0.5], "texture": "#0"},
				"up": {"uv": [3, 3, 0, 0], "texture": "#0"}
			}
		}
	]
}