{
	"credit": "Made with Blockbench",
	"parent": "block/block",
	"textures": {
		"0": "block/grass_compiled",
		"particle": "block/grass_compiled"
	},
	"elements": [
		{
			"from": [7, -2.29835, 4.72549],
			"to": [16, 5.70165, 5.72549],
			"shade": false,
			"rotation": {"angle": 22.5, "axis": "x", "origin": [8, 10.63814, 6.875]},
			"faces": {
				"north": {"uv": [0, 8, 9, 16], "texture": "#0", "tintindex": 0}
			}
		},
		{
			"from": [0, -2.22223, 7.50818],
			"to": [9, 5.77777, 8.50818],
			"shade": false,
			"rotation": {"angle": 22.5, "axis": "x", "origin": [8, 11.63814, 9.275]},
			"faces": {
				"north": {"uv": [0, 0, 9, 8], "texture": "#0", "tintindex": 0}
			}
		},
		{
			"from": [6, -3.94626, 10.82084],
			"to": [15, 4.05374, 11.82084],
			"shade": false,
			"rotation": {"angle": -22.5, "axis": "x", "origin": [7, 7.23814, 8.675]},
			"faces": {
				"south": {"uv": [0, 0, 9, 8], "texture": "#0", "tintindex": 0}
			}
		},
		{
			"from": [0, -3.33521, 7.94891],
			"to": [9, 4.66479, 8.94891],
			"shade": false,
			"rotation": {"angle": -22.5, "axis": "x", "origin": [8, 10.23814, 7.875]},
			"faces": {
				"south": {"uv": [0, 8, 9, 16], "texture": "#0", "tintindex": 0}
			}
		},
		{
			"from": [5.25889, -3.3635, 6.8],
			"to": [6.25889, 4.6365, 15.8],
			"shade": false,
			"rotation": {"angle": -22.5, "axis": "z", "origin": [6.6, 9.23814, 7.675]},
			"faces": {
				"west": {"uv": [0, 0, 9, 8], "texture": "#0", "tintindex": 0}
			}
		},
		{
			"from": [8.60694, -3.23514, 0],
			"to": [9.60694, 4.76486, 9],
			"shade": false,
			"rotation": {"angle": -22.5, "axis": "z", "origin": [8.8, 12.13814, 7.875]},
			"faces": {
				"west": {"uv": [0, 8, 9, 16], "texture": "#0", "tintindex": 0}
			}
		},
		{
			"from": [10.23455, -1.80469, 7],
			"to": [11.23455, 6.19531, 16],
			"shade": false,
			"rotation": {"angle": 22.5, "axis": "z", "origin": [11.2, 11.33814, 7.875]},
			"faces": {
				"east": {"uv": [0, 0, 9, 8], "texture": "#0", "tintindex": 0}
			}
		},
		{
			"from": [8.84767, -1.8223, -0.3],
			"to": [9.84767, 6.1777, 8.7],
			"shade": false,
			"rotation": {"angle": 22.5, "axis": "z", "origin": [7.2, 10.23814, 7.575]},
			"faces": {
				"east": {"uv": [0, 8, 9, 16], "texture": "#0", "tintindex": 0}
			}
		},
		{
			"from": [8, 0, 0],
			"to": [8, 7, 16],
			"shade": false,
			"rotation": {"angle": 45, "axis": "y", "origin": [8, 3.5, 8]},
			"faces": {
				"east": {"uv": [9, 0, 16, 16], "rotation": 90, "texture": "#0", "tintindex": 0},
				"west": {"uv": [9, 0, 16, 16], "rotation": 90, "texture": "#0", "tintindex": 0}
			}
		},
		{
			"from": [0, 0, 8],
			"to": [16, 7, 8],
			"shade": false,
			"rotation": {"angle": 45, "axis": "y", "origin": [8, 3.5, 8]},
			"faces": {
				"north": {"uv": [9, 0, 16, 16], "rotation": 90, "texture": "#0", "tintindex": 0},
				"south": {"uv": [9, 0, 16, 16], "rotation": 90, "texture": "#0", "tintindex": 0}
			}
		}
	]
}