{
	"credit": "Made with Blockbench",
	"ambientocclusion": false,
	"textures": {
		"1": "block/iron_bar_material",
		"particle": "block/iron_bar_material"
	},
	"elements": [
		{
			"from": [6, 8, 0],
			"to": [10, 12, 8],
			"rotation": {"angle": 0, "axis": "y", "origin": [8, 9, 8]},
			"faces": {
				"north": {"uv": [4, 0, 0, 4], "texture": "#1"},
				"east": {"uv": [13, 4, 5, 8], "texture": "#1"},
				"south": {"uv": [4, 0, 0, 4], "texture": "#1"},
				"west": {"uv": [13, 0, 5, 4], "texture": "#1"},
				"up": {"uv": [8, 8, 0, 12], "rotation": 90, "texture": "#1"},
				"down": {"uv": [8, 12, 0, 16], "rotation": 90, "texture": "#1"}
			}
		}
	]
}