{
	"credit": "Made with Blockbench",
	"textures": {
		"0": "block/iron_floor_grid",
		"particle": "block/iron_floor_grid"
	},
	"elements": [
		{
			"from": [0, 14.75, 13.5],
			"to": [16, 15.75, 14.5],
			"rotation": {"angle": 0, "axis": "y", "origin": [8, 14.75, 13.5]},
			"faces": {
				"north": {"uv": [0, 0, 16, 1], "rotation": 180, "texture": "#0"},
				"east": {"uv": [0, 0, 1, 1], "texture": "#0"},
				"south": {"uv": [0, 0, 16, 1], "texture": "#0"},
				"west": {"uv": [0, 0, 1, 1], "texture": "#0"},
				"up": {"uv": [0, 0, 16, 1], "texture": "#0"},
				"down": {"uv": [0, 0, 16, 1], "texture": "#0"}
			}
		},
		{
			"from": [0, 14.75, 5.5],
			"to": [16, 15.75, 6.5],
			"rotation": {"angle": 0, "axis": "y", "origin": [8, 14.75, 5.5]},
			"faces": {
				"north": {"uv": [0, 0, 16, 1], "rotation": 180, "texture": "#0"},
				"east": {"uv": [0, 0, 1, 1], "texture": "#0"},
				"south": {"uv": [0, 0, 16, 1], "texture": "#0"},
				"west": {"uv": [0, 0, 1, 1], "texture": "#0"},
				"up": {"uv": [0, 0, 16, 1], "texture": "#0"},
				"down": {"uv": [0, 0, 16, 1], "texture": "#0"}
			}
		},
		{
			"from": [8, 14.25, 8],
			"to": [12, 16.25, 12],
			"rotation": {"angle": 0, "axis": "y", "origin": [10, 15.25, 10]},
			"faces": {
				"north": {"uv": [4, 4, 8, 6], "texture": "#0"},
				"east": {"uv": [0, 4, 4, 6], "texture": "#0"},
				"south": {"uv": [4, 4, 8, 6], "texture": "#0"},
				"west": {"uv": [0, 4, 4, 6], "texture": "#0"},
				"up": {"uv": [0, 6, 4, 10], "rotation": 90, "texture": "#0"},
				"down": {"uv": [0, 10, 4, 14], "rotation": 270, "texture": "#0"}
			}
		},
		{
			"from": [0, 14.75, 9.5],
			"to": [16, 15.75, 10.5],
			"rotation": {"angle": 0, "axis": "y", "origin": [8, 14.75, 9.5]},
			"faces": {
				"north": {"uv": [0, 1, 16, 2], "rotation": 180, "texture": "#0"},
				"east": {"uv": [0, 0, 1, 1], "texture": "#0"},
				"south": {"uv": [0, 1, 16, 2], "texture": "#0"},
				"west": {"uv": [0, 0, 1, 1], "texture": "#0"},
				"up": {"uv": [0, 1, 16, 2], "texture": "#0"},
				"down": {"uv": [0, 1, 16, 2], "texture": "#0"}
			}
		},
		{
			"from": [0, 14.75, 1.5],
			"to": [16, 15.75, 2.5],
			"rotation": {"angle": 0, "axis": "y", "origin": [8, 14.75, 1.5]},
			"faces": {
				"north": {"uv": [0, 1, 16, 2], "rotation": 180, "texture": "#0"},
				"east": {"uv": [0, 0, 1, 1], "texture": "#0"},
				"south": {"uv": [0, 1, 16, 2], "texture": "#0"},
				"west": {"uv": [0, 0, 1, 1], "texture": "#0"},
				"up": {"uv": [0, 1, 16, 2], "texture": "#0"},
				"down": {"uv": [0, 1, 16, 2], "texture": "#0"}
			}
		},
		{
			"from": [1.5, 14.5, 0],
			"to": [2.5, 15.5, 16],
			"rotation": {"angle": 0, "axis": "y", "origin": [2.5, 14.5, 8]},
			"faces": {
				"north": {"uv": [0, 2, 1, 3], "texture": "#0"},
				"east": {"uv": [0, 2, 16, 3], "rotation": 180, "texture": "#0"},
				"south": {"uv": [0, 2, 1, 3], "texture": "#0"},
				"west": {"uv": [0, 2, 16, 3], "texture": "#0"},
				"up": {"uv": [0, 2, 16, 3], "rotation": 90, "texture": "#0"},
				"down": {"uv": [0, 2, 16, 3], "rotation": 90, "texture": "#0"}
			}
		},
		{
			"from": [9.5, 14.5, 0],
			"to": [10.5, 15.5, 16],
			"rotation": {"angle": 0, "axis": "y", "origin": [10.5, 14.5, 8]},
			"faces": {
				"north": {"uv": [0, 2, 1, 3], "texture": "#0"},
				"east": {"uv": [0, 2, 16, 3], "rotation": 180, "texture": "#0"},
				"south": {"uv": [0, 2, 1, 3], "texture": "#0"},
				"west": {"uv": [0, 2, 16, 3], "texture": "#0"},
				"up": {"uv": [0, 2, 16, 3], "rotation": 90, "texture": "#0"},
				"down": {"uv": [0, 2, 16, 3], "rotation": 270, "texture": "#0"}
			}
		},
		{
			"from": [5.5, 14.5, 0],
			"to": [6.5, 15.5, 16],
			"rotation": {"angle": 0, "axis": "y", "origin": [6.5, 14.5, 8]},
			"faces": {
				"north": {"uv": [0, 3, 1, 4], "texture": "#0"},
				"east": {"uv": [0, 3, 16, 4], "rotation": 180, "texture": "#0"},
				"south": {"uv": [15, 3, 16, 4], "texture": "#0"},
				"west": {"uv": [0, 3, 16, 4], "texture": "#0"},
				"up": {"uv": [0, 3, 16, 4], "rotation": 90, "texture": "#0"},
				"down": {"uv": [0, 3, 16, 4], "rotation": 270, "texture": "#0"}
			}
		},
		{
			"from": [13.5, 14.5, 0],
			"to": [14.5, 15.5, 16],
			"rotation": {"angle": 0, "axis": "y", "origin": [14.5, 14.5, 8]},
			"faces": {
				"north": {"uv": [0, 3, 1, 4], "texture": "#0"},
				"east": {"uv": [0, 3, 16, 4], "rotation": 180, "texture": "#0"},
				"south": {"uv": [15, 3, 16, 4], "texture": "#0"},
				"west": {"uv": [0, 3, 16, 4], "texture": "#0"},
				"up": {"uv": [0, 3, 16, 4], "rotation": 90, "texture": "#0"},
				"down": {"uv": [0, 3, 16, 4], "rotation": 270, "texture": "#0"}
			}
		}
	]
}