{
	"credit": "Made with Blockbench",
	"ambientocclusion": false,
	"textures": {
		"0": "block/iron_bar_material",
		"particle": "block/iron_bar_material"
	},
	"elements": [
		{
			"from": [6, 8, 8],
			"to": [10, 12, 14],
			"rotation": {"angle": 0, "axis": "y", "origin": [8, 9, 8]},
			"faces": {
				"east": {"uv": [0, 0, 6, 4], "texture": "#0"},
				"south": {"uv": [10, 4, 14, 8], "texture": "#0"},
				"west": {"uv": [4, 4, 10, 8], "texture": "#0"},
				"up": {"uv": [6, 8, 0, 12], "rotation": 90, "texture": "#0"},
				"down": {"uv": [6, 12, 0, 16], "rotation": 90, "texture": "#0"}
			}
		}
	]
}