{
	"credit": "Made with Blockbench",
	"texture_size": [32, 32],
	"textures": {
		"0": "block/ladder_material",
		"particle": "block/oak_log"
	},
	"elements": [
		{
			"from": [13, 0, 13],
			"to": [15, 16, 16],
			"rotation": {"angle": 0, "axis": "y", "origin": [16, 0, 0]},
			"faces": {
				"north": {"uv": [6, 0, 7, 8], "texture": "#0"},
				"east": {"uv": [0, 0, 1.5, 8], "texture": "#0"},
				"south": {"uv": [7, 0, 8, 8], "texture": "#0", "cullface": "south"},
				"west": {"uv": [1.5, 0, 3, 8], "texture": "#0"},
				"up": {"uv": [10, 6.5, 9, 5], "texture": "#0", "cullface": "up"},
				"down": {"uv": [7, 9, 6, 10.5], "texture": "#0", "cullface": "down"}
			}
		},
		{
			"from": [1, 0, 13],
			"to": [3, 16, 16],
			"rotation": {"angle": 0, "axis": "y", "origin": [16, 0, 0]},
			"faces": {
				"north": {"uv": [0, 8, 1, 16], "texture": "#0"},
				"east": {"uv": [3, 0, 4.5, 8], "texture": "#0"},
				"south": {"uv": [8, 0, 9, 8], "texture": "#0", "cullface": "south"},
				"west": {"uv": [4.5, 0, 6, 8], "texture": "#0"},
				"up": {"uv": [10, 8, 9, 6.5], "texture": "#0", "cullface": "up"},
				"down": {"uv": [8, 9, 7, 10.5], "texture": "#0", "cullface": "down"}
			}
		},
		{
			"from": [0, 11, 14],
			"to": [1, 13, 15],
			"rotation": {"angle": 0, "axis": "y", "origin": [16, 0, 0]},
			"faces": {
				"north": {"uv": [8, 9, 8.5, 10], "texture": "#0"},
				"south": {"uv": [8.5, 9, 9, 10], "texture": "#0"},
				"west": {"uv": [9, 9, 9.5, 10], "texture": "#0", "cullface": "west"},
				"up": {"uv": [5.5, 10.5, 5, 10], "texture": "#0"},
				"down": {"uv": [10.5, 5, 10, 5.5], "texture": "#0"}
			}
		},
		{
			"from": [0, 3, 14],
			"to": [1, 5, 15],
			"rotation": {"angle": 0, "axis": "y", "origin": [16, 0, 0]},
			"faces": {
				"north": {"uv": [9.5, 9, 10, 10], "texture": "#0"},
				"south": {"uv": [1, 10, 1.5, 11], "texture": "#0"},
				"west": {"uv": [1.5, 10, 2, 11], "texture": "#0", "cullface": "west"},
				"up": {"uv": [6, 10.5, 5.5, 10], "texture": "#0"},
				"down": {"uv": [10.5, 5.5, 10, 6], "texture": "#0"}
			}
		},
		{
			"from": [15, 3, 14],
			"to": [16, 5, 15],
			"rotation": {"angle": 0, "axis": "y", "origin": [16, 0, 0]},
			"faces": {
				"north": {"uv": [2, 10, 2.5, 11], "texture": "#0"},
				"east": {"uv": [2.5, 10, 3, 11], "texture": "#0", "cullface": "east"},
				"south": {"uv": [3, 10, 3.5, 11], "texture": "#0"},
				"up": {"uv": [10.5, 6.5, 10, 6], "texture": "#0"},
				"down": {"uv": [10.5, 6.5, 10, 7], "texture": "#0"}
			}
		},
		{
			"from": [15, 11, 14],
			"to": [16, 13, 15],
			"rotation": {"angle": 0, "axis": "y", "origin": [16, 0, 0]},
			"faces": {
				"north": {"uv": [3.5, 10, 4, 11], "texture": "#0"},
				"east": {"uv": [4, 10, 4.5, 11], "texture": "#0", "cullface": "east"},
				"south": {"uv": [4.5, 10, 5, 11], "texture": "#0"},
				"up": {"uv": [10.5, 7.5, 10, 7], "texture": "#0"},
				"down": {"uv": [10.5, 7.5, 10, 8], "texture": "#0"}
			}
		},
		{
			"from": [3, 3, 13.5],
			"to": [13, 5, 15.5],
			"rotation": {"angle": 0, "axis": "y", "origin": [16, 0, 0.5]},
			"faces": {
				"north": {"uv": [1, 8, 6, 9], "texture": "#0"},
				"south": {"uv": [6, 8, 11, 9], "texture": "#0"},
				"up": {"uv": [14, 1, 9, 0], "texture": "#0"},
				"down": {"uv": [6, 9, 1, 10], "texture": "#0"}
			}
		},
		{
			"from": [3, 11, 13.5],
			"to": [13, 13, 15.5],
			"rotation": {"angle": 0, "axis": "y", "origin": [16, 0, 0.5]},
			"faces": {
				"north": {"uv": [9, 1, 14, 2], "texture": "#0"},
				"south": {"uv": [9, 2, 14, 3], "texture": "#0"},
				"up": {"uv": [14, 4, 9, 3], "texture": "#0"},
				"down": {"uv": [14, 4, 9, 5], "texture": "#0"}
			}
		}
	]
}