{
	"credit": "Made with Blockbench",
	"texture_size": [64, 64],
	"textures": {
		"1": "block/large_rocks",
		"particle": "block/large_rocks"
	},
	"elements": [
		{
			"from": [0, 0, -4],
			"to": [14, 4, 18],
			"rotation": {"angle": 0, "axis": "y", "origin": [5, 0, 0]},
			"faces": {
				"north": {"uv": [7, 1, 10.5, 2], "texture": "#1"},
				"east": {"uv": [4.5, 5.5, 10, 6.5], "texture": "#1"},
				"south": {"uv": [7, 2, 10.5, 3], "texture": "#1"},
				"west": {"uv": [4.5, 6.5, 10, 7.5], "texture": "#1"},
				"up": {"uv": [3.5, 5.5, 0, 0], "texture": "#1"},
				"down": {"uv": [7, 0, 3.5, 5.5], "texture": "#1"}
			}
		},
		{
			"from": [-3, 0, 3],
			"to": [0, 4, 18],
			"rotation": {"angle": 0, "axis": "y", "origin": [5, 0, 0]},
			"faces": {
				"north": {"uv": [3.75, 8, 4.5, 9], "texture": "#1"},
				"south": {"uv": [4.75, 9.5, 5.5, 10.5], "texture": "#1"},
				"west": {"uv": [7, 0, 10.75, 1], "texture": "#1"},
				"up": {"uv": [0.75, 11.75, 0, 8], "texture": "#1"},
				"down": {"uv": [1.5, 8, 0.75, 11.75], "texture": "#1"}
			}
		},
		{
			"from": [14, 0, 9],
			"to": [19, 4, 18],
			"rotation": {"angle": 0, "axis": "y", "origin": [5, 0, 0]},
			"faces": {
				"north": {"uv": [8.5, 8.25, 9.75, 9.25], "texture": "#1"},
				"east": {"uv": [1.5, 8, 3.75, 9], "texture": "#1"},
				"south": {"uv": [1.5, 9, 2.75, 10], "texture": "#1"},
				"up": {"uv": [7.25, 9.75, 6, 7.5], "texture": "#1"},
				"down": {"uv": [8.5, 7.5, 7.25, 9.75], "texture": "#1"}
			}
		},
		{
			"from": [21, 0, 13],
			"to": [27, 2, 21],
			"rotation": {"angle": 22.5, "axis": "y", "origin": [23.5, 1.5, 14]},
			"faces": {
				"north": {"uv": [7, 5, 8.5, 5.5], "texture": "#1"},
				"east": {"uv": [8.5, 9.25, 10.5, 9.75], "texture": "#1"},
				"south": {"uv": [2.75, 9, 4.25, 9.5], "texture": "#1"},
				"west": {"uv": [2.75, 9.5, 4.75, 10], "texture": "#1"},
				"up": {"uv": [8.5, 5, 7, 3], "texture": "#1"},
				"down": {"uv": [6, 7.5, 4.5, 9.5], "texture": "#1"}
			}
		},
		{
			"from": [17, 0, -4],
			"to": [26, 3, 6],
			"rotation": {"angle": -22.5, "axis": "y", "origin": [19.5, 1.5, 1]},
			"faces": {
				"north": {"uv": [8.5, 4.5, 10.75, 5.25], "texture": "#1"},
				"east": {"uv": [8.5, 3, 11, 3.75], "texture": "#1"},
				"south": {"uv": [8.5, 7.5, 10.75, 8.25], "texture": "#1"},
				"west": {"uv": [8.5, 3.75, 11, 4.5], "texture": "#1"},
				"up": {"uv": [2.25, 8, 0, 5.5], "texture": "#1"},
				"down": {"uv": [4.5, 5.5, 2.25, 8], "texture": "#1"}
			}
		}
	]
}