{
	"credit": "Made with Blockbench",
	"texture_size": [64, 64],
	"textures": {
		"0": "block/lightstone_tiles2",
		"particle": "block/lightstone_tiles2"
	},
	"elements": [
		{
			"from": [0, -0.075, 0],
			"to": [10, 0.925, 21],
			"rotation": {"angle": 0, "axis": "y", "origin": [0, -0.075, 13]},
			"faces": {
				"north": {"uv": [1, 6.25, 3.5, 6.5], "texture": "#0"},
				"east": {"uv": [6.5, 0, 11.75, 0.25], "texture": "#0"},
				"south": {"uv": [6.5, 0.5, 9, 0.75], "texture": "#0"},
				"west": {"uv": [6.5, 0.25, 11.75, 0.5], "texture": "#0"},
				"up": {"uv": [2.5, 5.25, 0, 0], "texture": "#0"},
				"down": {"uv": [5, 0, 2.5, 5.25], "texture": "#0"}
			}
		},
		{
			"from": [-2, -0.075, 0],
			"to": [0, 0.925, 12],
			"rotation": {"angle": 0, "axis": "y", "origin": [-10, -0.075, 13]},
			"faces": {
				"north": {"uv": [4.25, 5.25, 4.75, 5.5], "texture": "#0"},
				"east": {"uv": [1, 5.75, 4, 6], "texture": "#0"},
				"south": {"uv": [4.25, 5.5, 4.75, 5.75], "texture": "#0"},
				"west": {"uv": [1, 6, 4, 6.25], "texture": "#0"},
				"up": {"uv": [0.5, 8.25, 0, 5.25], "texture": "#0"},
				"down": {"uv": [1, 5.25, 0.5, 8.25], "texture": "#0"}
			}
		},
		{
			"from": [10, -0.075, 5],
			"to": [16, 0.925, 18],
			"rotation": {"angle": 0, "axis": "y", "origin": [10, -0.075, 13]},
			"faces": {
				"north": {"uv": [3.5, 6.25, 5, 6.5], "texture": "#0"},
				"east": {"uv": [1, 5.25, 4.25, 5.5], "texture": "#0"},
				"south": {"uv": [6.5, 0.75, 8, 1], "texture": "#0"},
				"west": {"uv": [1, 5.5, 4.25, 5.75], "texture": "#0"},
				"up": {"uv": [6.5, 3.25, 5, 0], "texture": "#0"},
				"down": {"uv": [6.5, 3.25, 5, 6.5], "texture": "#0"}
			}
		}
	]
}