{
	"credit": "Made with Blockbench",
	"texture_size": [64, 64],
	"textures": {
		"1": "block/lightstone_tiles1",
		"particle": "block/lightstone_tiles1"
	},
	"elements": [
		{
			"from": [0, 0, -1],
			"to": [16, 2, 5],
			"faces": {
				"north": {"uv": [3.5, 6.25, 7.5, 6.75], "texture": "#1"},
				"east": {"uv": [1.5, 3.75, 3, 4.25], "texture": "#1"},
				"south": {"uv": [3.5, 6.75, 7.5, 7.25], "texture": "#1"},
				"west": {"uv": [2.25, 8, 3.75, 8.5], "texture": "#1"},
				"up": {"uv": [7.5, 3, 3.5, 1.5], "texture": "#1"}
			}
		},
		{
			"from": [-4, 0, -7],
			"to": [7, 1, -1],
			"rotation": {"angle": 0, "axis": "y", "origin": [0, 0, -6]},
			"faces": {
				"north": {"uv": [8.25, 8.5, 11, 8.75], "texture": "#1"},
				"east": {"uv": [2.25, 8.75, 3.75, 9], "texture": "#1"},
				"south": {"uv": [8.75, 0, 11.5, 0.25], "texture": "#1"},
				"up": {"uv": [7.25, 5.75, 4.5, 4.25], "texture": "#1"}
			}
		},
		{
			"from": [0, 0, -11],
			"to": [7, 1, -7],
			"rotation": {"angle": 0, "axis": "y", "origin": [0, 0, -12]},
			"faces": {
				"north": {"uv": [8.75, 2, 10.5, 2.25], "texture": "#1"},
				"east": {"uv": [6.75, 8.75, 7.75, 9], "texture": "#1"},
				"west": {"uv": [8.75, 6.75, 9.75, 7], "texture": "#1"},
				"up": {"uv": [9, 5.75, 7.25, 4.75], "texture": "#1"}
			}
		},
		{
			"from": [-10, 0, -7],
			"to": [-4, 1, 27],
			"rotation": {"angle": 0, "axis": "y", "origin": [-11, 0, -6]},
			"faces": {
				"north": {"uv": [8.75, 2.25, 10.25, 2.5], "texture": "#1"},
				"east": {"uv": [3.5, 5.75, 12, 6], "texture": "#1"},
				"south": {"uv": [8.75, 2.5, 10.25, 2.75], "texture": "#1"},
				"west": {"uv": [3.5, 6, 12, 6.25], "texture": "#1"},
				"up": {"uv": [1.5, 8.5, 0, 0], "texture": "#1"}
			}
		},
		{
			"from": [-4, 0, 21],
			"to": [8, 1, 27],
			"rotation": {"angle": 0, "axis": "y", "origin": [-5, 0, -6]},
			"faces": {
				"north": {"uv": [2.25, 8.5, 5.25, 8.75], "texture": "#1"},
				"east": {"uv": [8.75, 2.75, 10.25, 3], "texture": "#1"},
				"south": {"uv": [5.25, 8.5, 8.25, 8.75], "texture": "#1"},
				"up": {"uv": [4.5, 5.75, 1.5, 4.25], "texture": "#1"}
			}
		},
		{
			"from": [10, 0, 19],
			"to": [27, 1, 25],
			"rotation": {"angle": 0, "axis": "y", "origin": [9, 0, -8]},
			"faces": {
				"north": {"uv": [7.5, 3.75, 11.75, 4], "texture": "#1"},
				"east": {"uv": [3.75, 8.75, 5.25, 9], "texture": "#1"},
				"south": {"uv": [7.5, 4, 11.75, 4.25], "texture": "#1"},
				"west": {"uv": [5.25, 8.75, 6.75, 9], "texture": "#1"},
				"up": {"uv": [7.75, 1.5, 3.5, 0], "texture": "#1"}
			}
		},
		{
			"from": [19, 0, 4],
			"to": [27, 1, 19],
			"rotation": {"angle": 0, "axis": "y", "origin": [9, 0, -14]},
			"faces": {
				"north": {"uv": [8.75, 0.75, 10.75, 1], "texture": "#1"},
				"east": {"uv": [2.25, 7.75, 6, 8], "texture": "#1"},
				"west": {"uv": [6, 7.75, 9.75, 8], "texture": "#1"},
				"up": {"uv": [3.5, 3.75, 1.5, 0], "texture": "#1"}
			}
		},
		{
			"from": [19, 0, -7],
			"to": [27, 1, 1],
			"rotation": {"angle": 0, "axis": "y", "origin": [9, 0, -21]},
			"faces": {
				"north": {"uv": [8.75, 1, 10.75, 1.25], "texture": "#1"},
				"east": {"uv": [8.75, 1.25, 10.75, 1.5], "texture": "#1"},
				"south": {"uv": [8.75, 1.5, 10.75, 1.75], "texture": "#1"},
				"west": {"uv": [8.75, 1.75, 10.75, 2], "texture": "#1"},
				"up": {"uv": [3.5, 7.75, 1.5, 5.75], "texture": "#1"}
			}
		},
		{
			"from": [16, 0, 6],
			"to": [19, 1, 13],
			"rotation": {"angle": 0, "axis": "y", "origin": [6, 0, -14]},
			"faces": {
				"north": {"uv": [8.75, 7.5, 9.5, 7.75], "texture": "#1"},
				"south": {"uv": [7.75, 8.75, 8.5, 9], "texture": "#1"},
				"up": {"uv": [2.25, 9.5, 1.5, 7.75], "texture": "#1"}
			}
		},
		{
			"from": [10, 0, 16],
			"to": [16, 1, 19],
			"rotation": {"angle": 0, "axis": "y", "origin": [9, 0, -12]},
			"faces": {
				"east": {"uv": [8.75, 7, 9.5, 7.25], "texture": "#1"},
				"west": {"uv": [8.75, 7.25, 9.5, 7.5], "texture": "#1"},
				"up": {"uv": [9, 3.75, 7.5, 3], "texture": "#1"}
			}
		},
		{
			"from": [0, 0, 11],
			"to": [16, 2, 16],
			"rotation": {"angle": 0, "axis": "y", "origin": [0, 0, 12]},
			"faces": {
				"north": {"uv": [3.5, 7.25, 7.5, 7.75], "texture": "#1"},
				"east": {"uv": [0, 8.5, 1.25, 9], "texture": "#1"},
				"south": {"uv": [7.25, 4.25, 11.25, 4.75], "texture": "#1"},
				"west": {"uv": [8.75, 0.25, 10, 0.75], "texture": "#1"},
				"up": {"uv": [7.5, 4.25, 3.5, 3], "texture": "#1"}
			}
		},
		{
			"from": [0, 0, 5],
			"to": [5, 2, 11],
			"rotation": {"angle": 0, "axis": "y", "origin": [0, 0, 8]},
			"faces": {
				"east": {"uv": [3.75, 8, 5.25, 8.5], "texture": "#1"},
				"west": {"uv": [5.25, 8, 6.75, 8.5], "texture": "#1"},
				"up": {"uv": [8.75, 3, 7.5, 1.5], "texture": "#1"}
			}
		},
		{
			"from": [-4, 0, 5],
			"to": [0, 1, 11],
			"rotation": {"angle": 0, "axis": "y", "origin": [-4, 0, 8]},
			"faces": {
				"north": {"uv": [8.75, 6.25, 9.75, 6.5], "texture": "#1"},
				"south": {"uv": [8.75, 6.5, 9.75, 6.75], "texture": "#1"},
				"up": {"uv": [8.75, 1.5, 7.75, 0], "texture": "#1"}
			}
		},
		{
			"from": [11, 0, 5],
			"to": [16, 2, 11],
			"rotation": {"angle": 0, "axis": "y", "origin": [12, 0, 8]},
			"faces": {
				"east": {"uv": [6.75, 8, 8.25, 8.5], "texture": "#1"},
				"west": {"uv": [8.25, 8, 9.75, 8.5], "texture": "#1"},
				"up": {"uv": [8.75, 7.75, 7.5, 6.25], "texture": "#1"}
			}
		}
	]
}