{
	"credit": "Made with Blockbench",
	"texture_size": [32, 32],
	"textures": {
		"0": "block/lightstone_tiles3",
		"particle": "block/lightstone_tiles3"
	},
	"elements": [
		{
			"from": [0, -0.05, 0],
			"to": [7, 0.95, 13],
			"rotation": {"angle": 0, "axis": "y", "origin": [0, -0.05, 0]},
			"faces": {
				"north": {"uv": [5, 7, 8.5, 7.5], "texture": "#0"},
				"east": {"uv": [5, 6.5, 11.5, 7], "texture": "#0"},
				"south": {"uv": [5, 7.5, 8.5, 8], "texture": "#0"},
				"west": {"uv": [7, 0, 13.5, 0.5], "texture": "#0"},
				"up": {"uv": [3.5, 6.5, 0, 0], "texture": "#0"},
				"down": {"uv": [7, 0, 3.5, 6.5], "texture": "#0"}
			}
		},
		{
			"from": [7, -0.05, 5],
			"to": [9, 0.95, 10],
			"rotation": {"angle": 0, "axis": "y", "origin": [7, -0.05, 0]},
			"faces": {
				"north": {"uv": [8, 3.5, 9, 4], "texture": "#0"},
				"east": {"uv": [8, 1.5, 10.5, 2], "texture": "#0"},
				"south": {"uv": [8, 4, 9, 4.5], "texture": "#0"},
				"west": {"uv": [8, 2, 10.5, 2.5], "texture": "#0"},
				"up": {"uv": [8, 4, 7, 1.5], "texture": "#0"},
				"down": {"uv": [8, 4, 7, 6.5], "texture": "#0"}
			}
		},
		{
			"from": [9, -0.05, 3],
			"to": [14, 0.95, 15],
			"rotation": {"angle": 0, "axis": "y", "origin": [9, -0.05, 0]},
			"faces": {
				"north": {"uv": [8, 2.5, 10.5, 3], "texture": "#0"},
				"east": {"uv": [7, 0.5, 13, 1], "texture": "#0"},
				"south": {"uv": [8, 3, 10.5, 3.5], "texture": "#0"},
				"west": {"uv": [7, 1, 13, 1.5], "texture": "#0"},
				"up": {"uv": [2.5, 12.5, 0, 6.5], "texture": "#0"},
				"down": {"uv": [5, 6.5, 2.5, 12.5], "texture": "#0"}
			}
		}
	]
}