{
	"credit": "Made with Blockbench",
	"ambientocclusion": false,
	"textures": {
		"0": "block/moss_overlay_top",
		"1": "block/moss_overlay_side",
		"particle": "block/moss_overlay_top"
	},
	"elements": [
		{
			"from": [-0.275, -6.275, -0.275],
			"to": [16.225, 0.225, 16.225],
			"rotation": {"angle": 0, "axis": "y", "origin": [-0.025, -1.025, -0.025]},
			"faces": {
				"north": {"uv": [0, 0, 16, 6], "texture": "#1"},
				"east": {"uv": [0, 0, 16, 6], "texture": "#1"},
				"south": {"uv": [0, 0, 16, 6], "texture": "#1"},
				"west": {"uv": [0, 0, 16, 6], "texture": "#1"},
				"up": {"uv": [0, 0, 16, 16], "texture": "#0"}
			}
		}
	]
}