{
	"credit": "Made with Blockbench",
	"textures": {
		"0": "block/grass_nulltint",
		"particle": "block/grass_nulltint"
	},
	"elements": [
		{
			"from": [0, -0.6, 2],
			"to": [16, 2.4, 2],
			"shade": false,
			"rotation": {"angle": 22.5, "axis": "x", "origin": [8, 0.2, 2]},
			"faces": {
				"north": {"uv": [0, 0, 16, 3], "texture": "#0"}
			}
		},
		{
			"from": [0, -0.6, 14],
			"to": [16, 2.4, 14],
			"shade": false,
			"rotation": {"angle": -22.5, "axis": "x", "origin": [8, 0.2, 14]},
			"faces": {
				"south": {"uv": [0, 0, 16, 3], "texture": "#0"}
			}
		},
		{
			"from": [13.37191, -2.46419, 0],
			"to": [13.37191, 0.53581, 16],
			"shade": false,
			"rotation": {"angle": 22.5, "axis": "z", "origin": [9, 0.84672, 8]},
			"faces": {
				"east": {"uv": [0, 0, 16, 3], "texture": "#0"}
			}
		},
		{
			"from": [1.62809, -2.46419, 0],
			"to": [1.62809, 0.53581, 16],
			"shade": false,
			"rotation": {"angle": -22.5, "axis": "z", "origin": [6, 0.84672, 8]},
			"faces": {
				"west": {"uv": [0, 0, 16, 3], "texture": "#0"}
			}
		},
		{
			"from": [0, 0, 8],
			"to": [16, 4, 8],
			"shade": false,
			"rotation": {"angle": 45, "axis": "y", "origin": [8, 0.5, 8]},
			"faces": {
				"north": {"uv": [0, 3, 16, 7], "texture": "#0"},
				"south": {"uv": [16, 3, 0, 7], "texture": "#0"}
			}
		},
		{
			"from": [8, 0, 0],
			"to": [8, 4, 16],
			"shade": false,
			"rotation": {"angle": 45, "axis": "y", "origin": [8, 0.5, 8]},
			"faces": {
				"east": {"uv": [0, 3, 16, 7], "texture": "#0"},
				"west": {"uv": [16, 3, 0, 7], "texture": "#0"}
			}
		}
	]
}