{
	"credit": "Made with Blockbench",
	"texture_size": [32, 32],
	"textures": {
		"1": "block/orange_wall_frame",
		"particle": "block/orange_wall_frame"
	},
	"elements": [
		{
			"from": [0, 0, 14],
			"to": [4, 16, 16],
			"rotation": {"angle": 0, "axis": "y", "origin": [16, 0, 0]},
			"faces": {
				"north": {"uv": [5, 0, 3, 8], "texture": "#1"},
				"east": {"uv": [7, 0, 6, 8], "texture": "#1"},
				"west": {"uv": [6, 0, 5, 8], "texture": "#1"},
				"up": {"uv": [2, 9, 4, 8], "texture": "#1"},
				"down": {"uv": [8, 3, 10, 4], "texture": "#1"}
			}
		},
		{
			"from": [-2, 0, 14],
			"to": [0, 16, 20],
			"rotation": {"angle": 0, "axis": "y", "origin": [16, 0, 0]},
			"faces": {
				"north": {"uv": [8, 0, 7, 8], "texture": "#1"},
				"south": {"uv": [1, 8, 0, 16], "texture": "#1"},
				"west": {"uv": [3, 0, 0, 8], "texture": "#1"},
				"up": {"uv": [8, 3, 9, 0], "texture": "#1"},
				"down": {"uv": [1, 8, 2, 11], "texture": "#1"}
			}
		}
	]
}