{
	"credit": "Made with Blockbench",
	"texture_size": [64, 64],
	"textures": {
		"1": "block/orange_wall_frame",
		"2": "block/wall_square_decoration",
		"particle": "block/orange_wall_frame"
	},
	"elements": [
		{
			"from": [0, 0, 14],
			"to": [4, 16, 16],
			"rotation": {"angle": 0, "axis": "y", "origin": [16, 0, 0]},
			"faces": {
				"north": {"uv": [5, 0, 3, 8], "texture": "#1"},
				"east": {"uv": [7, 0, 6, 8], "texture": "#1"},
				"west": {"uv": [6, 0, 5, 8], "texture": "#1"},
				"up": {"uv": [2, 9, 4, 8], "texture": "#1"},
				"down": {"uv": [8, 3, 10, 4], "texture": "#1"}
			}
		},
		{
			"from": [4, 0, 13],
			"to": [7, 16, 16],
			"rotation": {"angle": 0, "axis": "y", "origin": [16, 0, 0]},
			"faces": {
				"north": {"uv": [4.5, 0, 3.75, 4], "texture": "#2"},
				"east": {"uv": [5.25, 0.5, 4.5, 4.5], "texture": "#2"},
				"west": {"uv": [3.75, 0, 4.5, 4], "texture": "#2"},
				"up": {"uv": [2, 1.25, 2.75, 0.5], "texture": "#2"},
				"down": {"uv": [6.25, 6.75, 7, 7.5], "texture": "#2"}
			}
		},
		{
			"from": [-3, 0, 20],
			"to": [0, 16, 23],
			"rotation": {"angle": 0, "axis": "y", "origin": [16, 0, 0]},
			"faces": {
				"north": {"uv": [5.25, 0.5, 4.5, 4.5], "texture": "#2"},
				"south": {"uv": [2.25, 0.75, 2.75, 4.75], "texture": "#2"},
				"west": {"uv": [3, 0.75, 2.25, 4.75], "texture": "#2"},
				"up": {"uv": [2, 1.25, 2.75, 0.5], "rotation": 270, "texture": "#2"},
				"down": {"uv": [6.25, 6.75, 7, 7.5], "rotation": 90, "texture": "#2"}
			}
		},
		{
			"from": [-2, 0, 14],
			"to": [0, 16, 20],
			"rotation": {"angle": 0, "axis": "y", "origin": [16, 0, 0]},
			"faces": {
				"north": {"uv": [8, 0, 7, 8], "texture": "#1"},
				"south": {"uv": [1, 8, 0, 16], "texture": "#1"},
				"west": {"uv": [3, 0, 0, 8], "texture": "#1"},
				"up": {"uv": [8, 3, 9, 0], "texture": "#1"},
				"down": {"uv": [1, 8, 2, 11], "texture": "#1"}
			}
		}
	]
}