{
	"credit": "Made with Blockbench",
	"texture_size": [64, 64],
	"textures": {
		"1": "block/orange_wall_frame",
		"2": "block/wall_square_decoration",
		"particle": "block/orange_wall_frame"
	},
	"elements": [
		{
			"from": [12, 0, 14],
			"to": [16, 16, 16],
			"faces": {
				"north": {"uv": [3, 0, 5, 8], "texture": "#1"},
				"east": {"uv": [5, 0, 6, 8], "texture": "#1"},
				"west": {"uv": [6, 0, 7, 8], "texture": "#1"},
				"up": {"uv": [4, 9, 2, 8], "texture": "#1"},
				"down": {"uv": [10, 3, 8, 4], "texture": "#1"}
			}
		},
		{
			"from": [9, 0, 13],
			"to": [12, 16, 16],
			"faces": {
				"north": {"uv": [3.75, 0, 4.5, 4], "texture": "#2"},
				"east": {"uv": [4.5, 0, 3.75, 4], "texture": "#2"},
				"west": {"uv": [4.5, 0.5, 5.25, 4.5], "texture": "#2"},
				"up": {"uv": [2.75, 1.25, 2, 0.5], "texture": "#2"},
				"down": {"uv": [7, 6.75, 6.25, 7.5], "texture": "#2"}
			}
		},
		{
			"from": [16, 0, 20],
			"to": [19, 16, 23],
			"faces": {
				"north": {"uv": [4.5, 0.5, 5.25, 4.5], "texture": "#2"},
				"east": {"uv": [2.25, 0.75, 3, 4.75], "texture": "#2"},
				"south": {"uv": [2.75, 0.75, 2.25, 4.75], "texture": "#2"},
				"up": {"uv": [2, 0.5, 2.75, 1.25], "rotation": 270, "texture": "#2"},
				"down": {"uv": [6.25, 7.5, 7, 6.75], "rotation": 90, "texture": "#2"}
			}
		},
		{
			"from": [16, 0, 14],
			"to": [18, 16, 20],
			"faces": {
				"north": {"uv": [7, 0, 8, 8], "texture": "#1"},
				"east": {"uv": [0, 0, 3, 8], "texture": "#1"},
				"south": {"uv": [0, 8, 1, 16], "texture": "#1"},
				"up": {"uv": [9, 3, 8, 0], "texture": "#1"},
				"down": {"uv": [2, 8, 1, 11], "texture": "#1"}
			}
		}
	]
}