{
	"credit": "Made with Blockbench",
	"texture_size": [128, 128],
	"textures": {
		"0": "block/settings_frame",
		"particle": "block/settings_frame"
	},
	"elements": [
		{
			"from": [-8, 0, -7.73077],
			"to": [24, 0.1, 24.26923],
			"rotation": {"angle": 0, "axis": "y", "origin": [0, 0, -2.23077]},
			"faces": {
				"north": {"uv": [4, 0, 0, 0], "rotation": 180, "texture": "#0"},
				"east": {"uv": [0, 0, 0, 4], "rotation": 270, "texture": "#0"},
				"south": {"uv": [4, 0, 0, 0], "texture": "#0"},
				"west": {"uv": [0, 0, 0, 4], "rotation": 90, "texture": "#0"},
				"up": {"uv": [0, 0, 4, 4], "rotation": 180, "texture": "#0"},
				"down": {"uv": [0, 4, 4, 8], "texture": "#0"}
			}
		},
		{
			"from": [-12, 0, -11.73077],
			"to": [-8, 4, 28.26923],
			"rotation": {"angle": 0, "axis": "y", "origin": [0, 0, -2.23077]},
			"faces": {
				"north": {"uv": [9.25, 2.25, 8.75, 2.75], "rotation": 180, "texture": "#0"},
				"east": {"uv": [4.5, 0, 5, 5], "rotation": 270, "texture": "#0"},
				"south": {"uv": [4, 8.5, 3.5, 8], "texture": "#0"},
				"west": {"uv": [4, 5, 4.5, 10], "rotation": 90, "texture": "#0"},
				"up": {"uv": [4, 0, 4.5, 5], "rotation": 180, "texture": "#0"},
				"down": {"uv": [5, 0, 5.5, 5], "texture": "#0"}
			}
		},
		{
			"from": [24, 0, -11.73077],
			"to": [28, 4, 28.26923],
			"rotation": {"angle": 0, "axis": "y", "origin": [0, 0, -2.23077]},
			"faces": {
				"north": {"uv": [9.25, 2.75, 8.75, 3.25], "rotation": 180, "texture": "#0"},
				"east": {"uv": [5, 5, 5.5, 10], "rotation": 270, "texture": "#0"},
				"south": {"uv": [3, 9.25, 2.5, 8.75], "texture": "#0"},
				"west": {"uv": [5.5, 5, 6, 10], "rotation": 90, "texture": "#0"},
				"up": {"uv": [4.5, 5, 5, 10], "rotation": 180, "texture": "#0"},
				"down": {"uv": [5.5, 0, 6, 5], "texture": "#0"}
			}
		},
		{
			"from": [-8, 0, 24.26923],
			"to": [6, 4, 28.26923],
			"rotation": {"angle": 0, "axis": "y", "origin": [0, 0, -2.23077]},
			"faces": {
				"north": {"uv": [8.75, 3.5, 7, 4], "rotation": 180, "texture": "#0"},
				"east": {"uv": [3, 8.75, 3.5, 9.25], "rotation": 270, "texture": "#0"},
				"south": {"uv": [8.75, 3.5, 7, 3], "texture": "#0"},
				"west": {"uv": [8.75, 3.25, 9.25, 3.75], "rotation": 90, "texture": "#0"},
				"up": {"uv": [7, 2, 8.75, 2.5], "rotation": 180, "texture": "#0"},
				"down": {"uv": [7, 2.5, 8.75, 3], "texture": "#0"}
			}
		},
		{
			"from": [10, 0, 24.26923],
			"to": [24, 4, 28.26923],
			"rotation": {"angle": 0, "axis": "y", "origin": [0, 0, -2.23077]},
			"faces": {
				"north": {"uv": [8.75, 5.5, 7, 6], "rotation": 180, "texture": "#0"},
				"east": {"uv": [3.5, 8.75, 4, 9.25], "rotation": 270, "texture": "#0"},
				"south": {"uv": [8.75, 5.5, 7, 5], "texture": "#0"},
				"west": {"uv": [8.75, 3.75, 9.25, 4.25], "rotation": 90, "texture": "#0"},
				"up": {"uv": [7, 4, 8.75, 4.5], "rotation": 180, "texture": "#0"},
				"down": {"uv": [7, 4.5, 8.75, 5], "texture": "#0"}
			}
		},
		{
			"from": [-10, 0, 5.26923],
			"to": [22, 2, 13.26923],
			"rotation": {"angle": 0, "axis": "y", "origin": [0, 0, -60.23077], "rescale": true},
			"faces": {
				"north": {"uv": [13.625, 8, 11.875, 8.5], "rotation": 180, "texture": "#0"},
				"east": {"uv": [8.375, 11.25, 8.875, 11.75], "rotation": 270, "texture": "#0"},
				"south": {"uv": [13.625, 8, 11.875, 7.5], "texture": "#0"},
				"west": {"uv": [13.625, 6.25, 14.125, 6.75], "rotation": 90, "texture": "#0"},
				"up": {"uv": [10.125, 4.5, 14.125, 5.5], "rotation": 180, "texture": "#0"},
				"down": {"uv": [11.875, 7, 13.625, 7.5], "texture": "#0"}
			}
		},
		{
			"from": [-8, 2.25, 7.01923],
			"to": [20, 2.25, 11.51923],
			"shade": false,
			"rotation": {"angle": 0, "axis": "y", "origin": [0, 0, -60.23077], "rescale": true},
			"faces": {
				"up": {"uv": [0.5, 13.375, 15.25, 15.875], "rotation": 180, "texture": "#0"}
			}
		},
		{
			"from": [6, 0, 24.26923],
			"to": [10, 2, 28.26923],
			"rotation": {"angle": 0, "axis": "y", "origin": [0, 0, -2.23077]},
			"faces": {
				"north": {"uv": [8, 8.75, 7.5, 9], "rotation": 180, "texture": "#0"},
				"east": {"uv": [7, 8.75, 7.25, 9.25], "rotation": 270, "texture": "#0"},
				"south": {"uv": [9.25, 7.5, 8.75, 7.25], "texture": "#0"},
				"west": {"uv": [7.25, 8.75, 7.5, 9.25], "rotation": 90, "texture": "#0"},
				"up": {"uv": [8.75, 6.25, 9.25, 6.75], "rotation": 180, "texture": "#0"},
				"down": {"uv": [8.75, 6.75, 9.25, 7.25], "texture": "#0"}
			}
		},
		{
			"from": [-8, 0, -11.73077],
			"to": [24, 4, -7.73077],
			"rotation": {"angle": 0, "axis": "y", "origin": [0, 0, -2.23077]},
			"faces": {
				"north": {"uv": [10, 1.5, 6, 2], "rotation": 180, "texture": "#0"},
				"east": {"uv": [8.75, 4.25, 9.25, 4.75], "rotation": 270, "texture": "#0"},
				"south": {"uv": [10, 1.5, 6, 1], "texture": "#0"},
				"west": {"uv": [8.75, 4.75, 9.25, 5.25], "rotation": 90, "texture": "#0"},
				"up": {"uv": [6, 0, 10, 0.5], "rotation": 180, "texture": "#0"},
				"down": {"uv": [6, 0.5, 10, 1], "texture": "#0"}
			}
		},
		{
			"from": [-6, 0, -7.73077],
			"to": [22, 2, -5.73077],
			"rotation": {"angle": 0, "axis": "y", "origin": [0, 0, -2.23077]},
			"faces": {
				"north": {"uv": [10.5, 8.25, 7, 8.5], "rotation": 180, "texture": "#0"},
				"east": {"uv": [3.75, 8.5, 4, 8.75], "rotation": 270, "texture": "#0"},
				"south": {"uv": [3.5, 8.5, 0, 8.25], "texture": "#0"},
				"west": {"uv": [8.75, 7.5, 9, 7.75], "rotation": 90, "texture": "#0"},
				"up": {"uv": [0, 8, 3.5, 8.25], "rotation": 180, "texture": "#0"},
				"down": {"uv": [7, 8, 10.5, 8.25], "texture": "#0"}
			}
		},
		{
			"from": [-6, 0, 22.26923],
			"to": [4, 2, 24.26923],
			"rotation": {"angle": 0, "axis": "y", "origin": [0, 0, -2.23077]},
			"faces": {
				"north": {"uv": [8.25, 8.5, 7, 8.75], "rotation": 180, "texture": "#0"},
				"east": {"uv": [8.75, 8.75, 9, 9], "rotation": 270, "texture": "#0"},
				"south": {"uv": [3.75, 8.75, 2.5, 8.5], "texture": "#0"},
				"west": {"uv": [0, 9, 0.25, 9.25], "rotation": 90, "texture": "#0"},
				"up": {"uv": [0, 8.5, 1.25, 8.75], "rotation": 180, "texture": "#0"},
				"down": {"uv": [1.25, 8.5, 2.5, 8.75], "texture": "#0"}
			}
		},
		{
			"from": [12, 0, 22.26923],
			"to": [22, 2, 24.26923],
			"rotation": {"angle": 0, "axis": "y", "origin": [0, 0, -2.23077]},
			"faces": {
				"north": {"uv": [10, 2, 8.75, 2.25], "rotation": 180, "texture": "#0"},
				"east": {"uv": [0.25, 9, 0.5, 9.25], "rotation": 270, "texture": "#0"},
				"south": {"uv": [2.5, 9, 1.25, 8.75], "texture": "#0"},
				"west": {"uv": [0.5, 9, 0.75, 9.25], "rotation": 90, "texture": "#0"},
				"up": {"uv": [8.25, 8.5, 9.5, 8.75], "rotation": 180, "texture": "#0"},
				"down": {"uv": [0, 8.75, 1.25, 9], "texture": "#0"}
			}
		},
		{
			"from": [22, 0, -7.73077],
			"to": [24, 2, 24.26923],
			"rotation": {"angle": 0, "axis": "y", "origin": [0, 0, -2.23077]},
			"faces": {
				"north": {"uv": [8.25, 8.75, 8, 9], "rotation": 180, "texture": "#0"},
				"east": {"uv": [6, 6, 6.25, 10], "rotation": 270, "texture": "#0"},
				"south": {"uv": [9, 8, 8.75, 7.75], "texture": "#0"},
				"west": {"uv": [6.25, 6, 6.5, 10], "rotation": 90, "texture": "#0"},
				"up": {"uv": [6, 2, 6.25, 6], "rotation": 180, "texture": "#0"},
				"down": {"uv": [6.25, 2, 6.5, 6], "texture": "#0"}
			}
		},
		{
			"from": [-8, 0, -7.73077],
			"to": [-6, 2, 24.26923],
			"rotation": {"angle": 0, "axis": "y", "origin": [0, 0, -2.23077]},
			"faces": {
				"north": {"uv": [8.75, 8.75, 8.5, 9], "rotation": 180, "texture": "#0"},
				"east": {"uv": [6.5, 6, 6.75, 10], "rotation": 270, "texture": "#0"},
				"south": {"uv": [8.5, 9, 8.25, 8.75], "texture": "#0"},
				"west": {"uv": [6.75, 6, 7, 10], "rotation": 90, "texture": "#0"},
				"up": {"uv": [6.5, 2, 6.75, 6], "rotation": 180, "texture": "#0"},
				"down": {"uv": [6.75, 2, 7, 6], "texture": "#0"}
			}
		},
		{
			"from": [1, 0, -15.73077],
			"to": [15, 4, -11.73077],
			"rotation": {"angle": 0, "axis": "y", "origin": [0, 0, -2.23077]},
			"faces": {
				"north": {"uv": [8.75, 7.5, 7, 8], "rotation": 180, "texture": "#0"},
				"east": {"uv": [8.75, 5.25, 9.25, 5.75], "rotation": 270, "texture": "#0"},
				"south": {"uv": [8.75, 7.5, 7, 7], "texture": "#0"},
				"west": {"uv": [8.75, 5.75, 9.25, 6.25], "rotation": 90, "texture": "#0"},
				"up": {"uv": [7, 6, 8.75, 6.5], "rotation": 180, "texture": "#0"},
				"down": {"uv": [7, 6.5, 8.75, 7], "texture": "#0"}
			}
		}
	]
}