{
	"credit": "Made with Blockbench",
	"texture_size": [64, 64],
	"textures": {
		"0": "block/wall_square_decoration",
		"particle": "block/wall_square_decoration"
	},
	"elements": [
		{
			"from": [0, -4, 12],
			"to": [16, 0, 16],
			"faces": {
				"north": {"uv": [4, 6, 8, 7], "texture": "#0"},
				"south": {"uv": [7, 0, 11, 1], "texture": "#0"},
				"up": {"uv": [11, 2, 7, 1], "texture": "#0"},
				"down": {"uv": [11, 2, 7, 3], "texture": "#0"}
			}
		},
		{
			"from": [3, -7, 12],
			"to": [13, -4, 16],
			"faces": {
				"north": {"uv": [7, 4, 9.5, 4.75], "texture": "#0"},
				"east": {"uv": [9.75, 5.5, 10.75, 6.25], "texture": "#0"},
				"south": {"uv": [7, 4.75, 9.5, 5.5], "texture": "#0"},
				"west": {"uv": [6, 10, 7, 10.75], "texture": "#0"},
				"down": {"uv": [9.5, 3, 7, 4], "texture": "#0"}
			}
		},
		{
			"from": [9, 16, 12],
			"to": [16, 20, 16],
			"faces": {
				"north": {"uv": [6, 7, 7.75, 8], "texture": "#0"},
				"south": {"uv": [7.75, 7, 9.5, 8], "texture": "#0"},
				"west": {"uv": [9.5, 8, 10.5, 9], "texture": "#0"},
				"up": {"uv": [9.75, 6.5, 8, 5.5], "texture": "#0"},
				"down": {"uv": [7.75, 8, 6, 9], "texture": "#0"}
			}
		},
		{
			"from": [7, 16, 14],
			"to": [9, 20, 16],
			"faces": {
				"north": {"uv": [7, 10, 7.5, 11], "texture": "#0"},
				"south": {"uv": [7.5, 10, 8, 11], "texture": "#0"},
				"up": {"uv": [10.75, 10.5, 10.25, 10], "texture": "#0"},
				"down": {"uv": [0.5, 10.5, 0, 11], "texture": "#0"}
			}
		},
		{
			"from": [0, 16, 12],
			"to": [7, 20, 16],
			"faces": {
				"north": {"uv": [7.75, 8, 9.5, 9], "texture": "#0"},
				"east": {"uv": [9.5, 9, 10.5, 10], "texture": "#0"},
				"south": {"uv": [6, 9, 7.75, 10], "texture": "#0"},
				"up": {"uv": [9.5, 10, 7.75, 9], "texture": "#0"},
				"down": {"uv": [1.75, 9.5, 0, 10.5], "texture": "#0"}
			}
		},
		{
			"from": [-4, -4, 12],
			"to": [0, 20, 16],
			"faces": {
				"north": {"uv": [3, 0, 4, 6], "texture": "#0"},
				"east": {"uv": [0, 3.5, 1, 9.5], "texture": "#0"},
				"south": {"uv": [1, 3.5, 2, 9.5], "texture": "#0"},
				"west": {"uv": [2, 3.5, 3, 9.5], "texture": "#0"},
				"up": {"uv": [2.75, 10.5, 1.75, 9.5], "texture": "#0"},
				"down": {"uv": [10.5, 3.5, 9.5, 4.5], "texture": "#0"}
			}
		},
		{
			"from": [0, 0, 14],
			"to": [2, 16, 16],
			"faces": {
				"north": {"uv": [4, 7, 4.5, 11], "texture": "#0"},
				"east": {"uv": [4.5, 7, 5, 11], "texture": "#0"}
			}
		},
		{
			"from": [2, 14, 14],
			"to": [5, 16, 16],
			"faces": {
				"north": {"uv": [7, 5.5, 7.75, 6], "texture": "#0"},
				"east": {"uv": [0.5, 10.5, 1, 11], "texture": "#0"},
				"down": {"uv": [8.75, 10, 8, 10.5], "texture": "#0"}
			}
		},
		{
			"from": [11, 14, 14],
			"to": [14, 16, 16],
			"faces": {
				"north": {"uv": [8.75, 10, 9.5, 10.5], "texture": "#0"},
				"west": {"uv": [1, 10.5, 1.5, 11], "texture": "#0"},
				"down": {"uv": [10.25, 10, 9.5, 10.5], "texture": "#0"}
			}
		},
		{
			"from": [2, 0, 14],
			"to": [14, 2, 16],
			"faces": {
				"north": {"uv": [8, 6.5, 11, 7], "texture": "#0"},
				"up": {"uv": [12.5, 3.5, 9.5, 3], "texture": "#0"}
			}
		},
		{
			"from": [2, 2, 15.95],
			"to": [14, 16, 16],
			"faces": {
				"north": {"uv": [0, 0, 3, 3.5], "texture": "#0"}
			}
		},
		{
			"from": [14, 0, 14],
			"to": [16, 16, 16],
			"faces": {
				"north": {"uv": [5, 7, 5.5, 11], "texture": "#0"},
				"west": {"uv": [5.5, 7, 6, 11], "texture": "#0"}
			}
		},
		{
			"from": [16, -4, 12],
			"to": [20, 20, 16],
			"faces": {
				"north": {"uv": [4, 0, 5, 6], "texture": "#0"},
				"east": {"uv": [5, 0, 6, 6], "texture": "#0"},
				"south": {"uv": [6, 0, 7, 6], "texture": "#0"},
				"west": {"uv": [3, 6, 4, 12], "texture": "#0"},
				"up": {"uv": [10.5, 5.5, 9.5, 4.5], "texture": "#0"},
				"down": {"uv": [10.5, 7, 9.5, 8], "texture": "#0"}
			}
		}
	],
	"display": {}
}