{
	"credit": "Made with Blockbench",
	"texture_size": [32, 32],
	"textures": {
		"0": "block/stone_wall_tiles",
		"particle": "block/stone"
	},
	"elements": [
		{
			"from": [4, -5, 15],
			"to": [11, -1, 16],
			"rotation": {"angle": 0, "axis": "y", "origin": [4, -5, 15]},
			"faces": {
				"north": {"uv": [7, 5, 10.5, 7], "texture": "#0"},
				"east": {"uv": [2, 11, 2.5, 13], "texture": "#0"},
				"south": {"uv": [7, 7, 10.5, 9], "texture": "#0"},
				"west": {"uv": [2.5, 11, 3, 13], "texture": "#0"},
				"up": {"uv": [14, 4, 10.5, 3.5], "texture": "#0"},
				"down": {"uv": [14, 7.5, 10.5, 8], "texture": "#0"}
			}
		},
		{
			"from": [12, 6, 15],
			"to": [19, 10, 16],
			"rotation": {"angle": 0, "axis": "y", "origin": [12, 6, 15]},
			"faces": {
				"north": {"uv": [7, 5, 10.5, 7], "texture": "#0"},
				"east": {"uv": [2, 11, 2.5, 13], "texture": "#0"},
				"south": {"uv": [7, 7, 10.5, 9], "texture": "#0"},
				"west": {"uv": [2.5, 11, 3, 13], "texture": "#0"},
				"up": {"uv": [14, 4, 10.5, 3.5], "texture": "#0"},
				"down": {"uv": [14, 7.5, 10.5, 8], "texture": "#0"}
			}
		},
		{
			"from": [6, 6, 15],
			"to": [11, 10, 16],
			"rotation": {"angle": 0, "axis": "y", "origin": [4, 6, 15]},
			"faces": {
				"north": {"uv": [8, 0, 10.5, 2], "texture": "#0"},
				"east": {"uv": [3, 11, 3.5, 13], "texture": "#0"},
				"south": {"uv": [8, 2, 10.5, 4], "texture": "#0"},
				"west": {"uv": [5.5, 11, 6, 13], "texture": "#0"},
				"up": {"uv": [13, 8.5, 10.5, 8], "texture": "#0"},
				"down": {"uv": [13, 8.5, 10.5, 9], "texture": "#0"}
			}
		},
		{
			"from": [13, 16.9, 15],
			"to": [18, 20.9, 16],
			"rotation": {"angle": 0, "axis": "y", "origin": [11, 16.9, 15]},
			"faces": {
				"north": {"uv": [8, 0, 10.5, 2], "texture": "#0"},
				"east": {"uv": [3, 11, 3.5, 13], "texture": "#0"},
				"south": {"uv": [8, 2, 10.5, 4], "texture": "#0"},
				"west": {"uv": [5.5, 11, 6, 13], "texture": "#0"},
				"up": {"uv": [13, 8.5, 10.5, 8], "texture": "#0"},
				"down": {"uv": [13, 8.5, 10.5, 9], "texture": "#0"}
			}
		},
		{
			"from": [-1, 11, 15],
			"to": [6.9, 16, 16],
			"rotation": {"angle": 0, "axis": "y", "origin": [-1, 11, 15]},
			"faces": {
				"north": {"uv": [4, 0, 8, 2.5], "texture": "#0"},
				"east": {"uv": [1, 11, 1.5, 13.5], "texture": "#0"},
				"south": {"uv": [4, 2.5, 8, 5], "texture": "#0"},
				"west": {"uv": [1.5, 11, 2, 13.5], "texture": "#0"},
				"up": {"uv": [14.5, 3, 10.5, 2.5], "texture": "#0"},
				"down": {"uv": [14.5, 3, 10.5, 3.5], "texture": "#0"}
			}
		},
		{
			"from": [15, 11, 13],
			"to": [21.9, 16, 15],
			"rotation": {"angle": 0, "axis": "y", "origin": [15, 11, 14]},
			"faces": {
				"north": {"uv": [0, 5, 3.5, 7.5], "texture": "#0"},
				"east": {"uv": [10.5, 10, 11.5, 12.5], "texture": "#0"},
				"south": {"uv": [3.5, 5, 7, 7.5], "texture": "#0"},
				"west": {"uv": [0, 11, 1, 13.5], "texture": "#0"},
				"up": {"uv": [12.5, 10, 9, 9], "texture": "#0"},
				"down": {"uv": [3.5, 10, 0, 11], "texture": "#0"}
			}
		},
		{
			"from": [-3, 0, 14],
			"to": [2, 5, 16],
			"rotation": {"angle": 0, "axis": "y", "origin": [-2, 0, 15]},
			"faces": {
				"north": {"uv": [0, 7.5, 2.5, 10], "texture": "#0"},
				"east": {"uv": [3.5, 10, 4.5, 12.5], "texture": "#0"},
				"south": {"uv": [2.5, 7.5, 5, 10], "texture": "#0"},
				"west": {"uv": [4.5, 10, 5.5, 12.5], "texture": "#0"},
				"up": {"uv": [8, 11, 5.5, 10], "texture": "#0"},
				"down": {"uv": [10.5, 10, 8, 11], "texture": "#0"}
			}
		},
		{
			"from": [9, 0, 14],
			"to": [17, 5, 16],
			"rotation": {"angle": 0, "axis": "y", "origin": [10, 0, 15]},
			"faces": {
				"north": {"uv": [0, 0, 4, 2.5], "texture": "#0"},
				"east": {"uv": [10.5, 0, 11.5, 2.5], "texture": "#0"},
				"south": {"uv": [0, 2.5, 4, 5], "texture": "#0"},
				"west": {"uv": [10.5, 5, 11.5, 7.5], "texture": "#0"},
				"up": {"uv": [12, 5, 8, 4], "texture": "#0"},
				"down": {"uv": [9, 9, 5, 10], "texture": "#0"}
			}
		}
	]
}