{
	"credit": "Made with Blockbench",
	"texture_size": [64, 64],
	"textures": {
		"2": "block/bucket",
		"particle": "block/oak_log"
	},
	"elements": [
		{
			"from": [3, 0, 3],
			"to": [13, 7, 13],
			"faces": {
				"north": {"uv": [0, 5.5, 2.5, 7.25], "texture": "#2"},
				"east": {"uv": [6, 0, 8.5, 1.75], "texture": "#2"},
				"south": {"uv": [6, 1.75, 8.5, 3.5], "texture": "#2"},
				"west": {"uv": [2.5, 6.5, 5, 8.25], "texture": "#2"},
				"up": {"uv": [5.25, 6.5, 2.75, 4], "texture": "#2"},
				"down": {"uv": [7.75, 4, 5.25, 6.5], "texture": "#2"}
			}
		},
		{
			"from": [2.5, 7, 2.5],
			"to": [13.5, 12, 13.5],
			"faces": {
				"north": {"uv": [5, 6.5, 7.75, 7.75], "texture": "#2"},
				"east": {"uv": [7.75, 3.5, 10.5, 4.75], "texture": "#2"},
				"south": {"uv": [7.75, 4.75, 10.5, 6], "texture": "#2"},
				"west": {"uv": [5, 7.75, 7.75, 9], "texture": "#2"},
				"up": {"uv": [2.75, 2.75, 0, 0], "texture": "#2"},
				"down": {"uv": [2.75, 2.75, 0, 5.5], "texture": "#2"}
			}
		},
		{
			"from": [1.5, 7.1, 6.6],
			"to": [14.5, 9.1, 14.6],
			"rotation": {"angle": 22.5, "axis": "x", "origin": [8, 8, 13]},
			"faces": {
				"north": {"uv": [7.75, 6, 11, 6.5], "texture": "#2"},
				"east": {"uv": [8.5, 0.75, 10.5, 1.25], "texture": "#2"},
				"south": {"uv": [7.75, 6.5, 11, 7], "texture": "#2"},
				"west": {"uv": [8.5, 1.25, 10.5, 1.75], "texture": "#2"},
				"up": {"uv": [6, 2, 2.75, 0], "texture": "#2"},
				"down": {"uv": [6, 2, 2.75, 4], "texture": "#2"}
			}
		},
		{
			"from": [4.5, 12, 4.5],
			"to": [11.5, 9.25, 11.5],
			"faces": {
				"north": {"uv": [7.75, 7, 9.5, 7.75], "texture": "#2"},
				"east": {"uv": [7.75, 7.75, 9.5, 8.5], "texture": "#2"},
				"south": {"uv": [1.75, 8.25, 3.5, 9], "texture": "#2"},
				"west": {"uv": [8.5, 0, 10.25, 0.75], "texture": "#2"},
				"up": {"uv": [1.75, 9, 0, 7.25], "texture": "#2"}
			}
		}
	]
}