{
	"credit": "Made with Blockbench",
	"texture_size": [8, 8],
	"textures": {
		"0": "cnp:item/dlc/dlc0/22/amo",
		"particle": "cnp:item/dlc/dlc0/22/amo"
	},
	"elements": [
		{
			"from": [7.5, 6.08579, 6],
			"to": [10.5, 9.08579, 10],
			"rotation": {"angle": 45, "axis": "z", "origin": [8, 6.58579, 8.5]},
			"faces": {
				"north": {"uv": [6, 0, 9, 3], "texture": "#0"},
				"east": {"uv": [0, 4, 3, 8], "rotation": 90, "texture": "#0"},
				"south": {"uv": [6, 3, 9, 6], "texture": "#0"},
				"west": {"uv": [3, 4, 6, 8], "rotation": 90, "texture": "#0"},
				"up": {"uv": [0, 0, 3, 4], "texture": "#0"},
				"down": {"uv": [3, 0, 6, 4], "texture": "#0"}
			}
		}
	]
}