{
	"credit": "Made with Blockbench",
	"texture_size": [32, 32],
	"textures": {
		"0": "cnp:item/dlc/dlc0/22/gun",
		"particle": "cnp:item/dlc/dlc0/22/gun"
	},
	"elements": [
		{
			"from": [7.20475, 8.6435, 8.94797],
			"to": [7.65475, 9.0935, 10.43859],
			"rotation": {"angle": -45, "axis": "z", "origin": [8, 7.62325, 9.70864]},
			"faces": {
				"north": {"uv": [0, 9, 0.25, 9.25], "texture": "#0"},
				"east": {"uv": [5.5, 7.5, 6.375, 7.75], "texture": "#0"},
				"south": {"uv": [0.5, 9, 0.75, 9.25], "texture": "#0"},
				"west": {"uv": [7.5, 5.5, 8.375, 5.75], "texture": "#0"},
				"up": {"uv": [7.75, 6.875, 7.5, 6], "texture": "#0"},
				"down": {"uv": [6.75, 7.5, 6.5, 8.375], "texture": "#0"}
			}
		},
		{
			"from": [7.66663, 8.06205, 10.42627],
			"to": [8.33339, 9.67319, 11.10127],
			"rotation": {"angle": 0, "axis": "y", "origin": [8, 7.62325, 9.70864]},
			"faces": {
				"north": {"uv": [1, 7, 1.375, 7.875], "texture": "#0"},
				"east": {"uv": [7, 1, 7.375, 1.875], "texture": "#0"},
				"south": {"uv": [1.5, 7, 1.875, 7.875], "texture": "#0"},
				"west": {"uv": [2, 7, 2.375, 7.875], "texture": "#0"},
				"up": {"uv": [8.875, 5.875, 8.5, 5.5], "texture": "#0"},
				"down": {"uv": [6.375, 8.5, 6, 8.875], "texture": "#0"}
			}
		},
		{
			"from": [7.64, 7.96763, 10.46672],
			"to": [8.36, 9.76763, 11.36672],
			"rotation": {"angle": 0, "axis": "y", "origin": [8, 7.62325, 9.70864]},
			"faces": {
				"north": {"uv": [0, 6.5, 0.375, 7.5], "texture": "#0"},
				"east": {"uv": [1, 6, 1.5, 7], "texture": "#0"},
				"south": {"uv": [6.5, 0, 6.875, 1], "texture": "#0"},
				"west": {"uv": [6, 1, 6.5, 2], "texture": "#0"},
				"up": {"uv": [4.375, 8.5, 4, 8], "texture": "#0"},
				"down": {"uv": [4.875, 8, 4.5, 8.5], "texture": "#0"}
			}
		},
		{
			"from": [7.64, 9.09379, 9.86937],
			"to": [8.36, 9.76879, 10.76937],
			"rotation": {"angle": 45, "axis": "x", "origin": [8, 7.62325, 9.70864]},
			"faces": {
				"north": {"uv": [8.5, 6, 8.875, 6.375], "texture": "#0"},
				"east": {"uv": [8, 4.5, 8.5, 4.875], "texture": "#0"},
				"south": {"uv": [6.5, 8.5, 6.875, 8.875], "texture": "#0"},
				"west": {"uv": [8, 5, 8.5, 5.375], "texture": "#0"},
				"up": {"uv": [5.875, 8.5, 5.5, 8], "texture": "#0"},
				"down": {"uv": [6.375, 8, 6, 8.5], "texture": "#0"}
			}
		},
		{
			"from": [7.58375, 7.51763, 10.91672],
			"to": [8.41625, 8.41763, 12.08672],
			"rotation": {"angle": 0, "axis": "y", "origin": [8, 7.62325, 9.70864]},
			"faces": {
				"north": {"uv": [3.5, 2.5, 4, 3], "texture": "#0"},
				"east": {"uv": [6.5, 3, 7.125, 3.5], "texture": "#0"},
				"south": {"uv": [5.5, 1, 6, 1.5], "texture": "#0"},
				"west": {"uv": [7, 2, 7.625, 2.5], "texture": "#0"},
				"up": {"uv": [3.5, 7.625, 3, 7], "texture": "#0"},
				"down": {"uv": [4, 7, 3.5, 7.625], "texture": "#0"}
			}
		},
		{
			"from": [7.64, 7.06763, 8.39672],
			"to": [8.36, 7.96763, 11.09672],
			"rotation": {"angle": 0, "axis": "y", "origin": [8, 7.62325, 9.70864]},
			"faces": {
				"north": {"uv": [8, 6, 8.375, 6.5], "texture": "#0"},
				"east": {"uv": [3.5, 1.5, 5, 2], "texture": "#0"},
				"south": {"uv": [8, 6.5, 8.375, 7], "texture": "#0"},
				"west": {"uv": [3.5, 2, 5, 2.5], "texture": "#0"},
				"up": {"uv": [5.375, 1.5, 5, 0], "texture": "#0"},
				"down": {"uv": [0.875, 5, 0.5, 6.5], "texture": "#0"}
			}
		},
		{
			"from": [7.64, 9.76763, 7.67672],
			"to": [8.36, 10.03763, 11.27672],
			"rotation": {"angle": 0, "axis": "y", "origin": [8, 7.62325, 9.70864]},
			"faces": {
				"north": {"uv": [9, 5, 9.375, 5.125], "texture": "#0"},
				"east": {"uv": [7, 2.5, 9, 2.625], "texture": "#0"},
				"south": {"uv": [9, 5.5, 9.375, 5.625], "texture": "#0"},
				"west": {"uv": [7.5, 0, 9.5, 0.125], "texture": "#0"},
				"up": {"uv": [1.375, 6, 1, 4], "texture": "#0"},
				"down": {"uv": [1.875, 4, 1.5, 6], "texture": "#0"}
			}
		},
		{
			"from": [7.685, 7.51763, 7.73859],
			"to": [8.315, 9.85763, 8.86359],
			"rotation": {"angle": 0, "axis": "y", "origin": [8, 7.62325, 9.70864]},
			"faces": {
				"north": {"uv": [6, 2, 6.375, 3.25], "texture": "#0"},
				"east": {"uv": [0, 3.5, 0.625, 4.75], "texture": "#0"},
				"south": {"uv": [2.5, 6, 2.875, 7.25], "texture": "#0"},
				"west": {"uv": [3.5, 0, 4.125, 1.25], "texture": "#0"},
				"up": {"uv": [7.875, 1.125, 7.5, 0.5], "texture": "#0"},
				"down": {"uv": [2.875, 7.5, 2.5, 8.125], "texture": "#0"}
			}
		},
		{
			"from": [7.91, 7.69875, 4.85308],
			"to": [8.09, 8.41875, 5.75128],
			"rotation": {"angle": 22.5, "axis": "x", "origin": [8, 7.62325, 9.70864]},
			"faces": {
				"north": {"uv": [6, 9, 6.125, 9.375], "texture": "#0"},
				"east": {"uv": [7, 8, 7.5, 8.375], "texture": "#0"},
				"south": {"uv": [9, 6, 9.125, 6.375], "texture": "#0"},
				"west": {"uv": [7.5, 8, 8, 8.375], "texture": "#0"},
				"up": {"uv": [9.125, 1, 9, 0.5], "texture": "#0"},
				"down": {"uv": [9.125, 1, 9, 1.5], "texture": "#0"}
			}
		},
		{
			"from": [7.91, 9.70939, 5.91257],
			"to": [8.09, 9.88939, 8.16077],
			"rotation": {"angle": 0, "axis": "y", "origin": [8, 7.62325, 9.70864]},
			"faces": {
				"north": {"uv": [7, 9, 7.125, 9.125], "texture": "#0"},
				"east": {"uv": [8.5, 1.5, 9.75, 1.625], "texture": "#0"},
				"south": {"uv": [9, 7, 9.125, 7.125], "texture": "#0"},
				"west": {"uv": [8.5, 3, 9.75, 3.125], "texture": "#0"},
				"up": {"uv": [1.625, 9.75, 1.5, 8.5], "texture": "#0"},
				"down": {"uv": [2.625, 8.5, 2.5, 9.75], "texture": "#0"}
			}
		},
		{
			"from": [7.52188, 8.37556, 11.34614],
			"to": [8.47813, 9.61306, 13.59614],
			"rotation": {"angle": 45, "axis": "x", "origin": [8, 7.62325, 9.70864]},
			"faces": {
				"north": {"uv": [0.5, 6.5, 1, 7.25], "texture": "#0"},
				"east": {"uv": [1, 1, 2.25, 1.75], "texture": "#0"},
				"south": {"uv": [6.5, 1, 7, 1.75], "texture": "#0"},
				"west": {"uv": [1, 2, 2.25, 2.75], "texture": "#0"},
				"up": {"uv": [5, 1.25, 4.5, 0], "texture": "#0"},
				"down": {"uv": [4.5, 4.5, 4, 5.75], "texture": "#0"}
			}
		},
		{
			"from": [7.52188, 6.657, 11.02922],
			"to": [8.47813, 8.3445, 12.26672],
			"rotation": {"angle": 0, "axis": "y", "origin": [8, 7.62325, 9.70864]},
			"faces": {
				"north": {"uv": [3, 6, 3.5, 6.875], "texture": "#0"},
				"east": {"uv": [3, 4, 3.75, 4.875], "texture": "#0"},
				"south": {"uv": [3.5, 6, 4, 6.875], "texture": "#0"},
				"west": {"uv": [4, 3.5, 4.75, 4.375], "texture": "#0"},
				"up": {"uv": [7, 2.75, 6.5, 2], "texture": "#0"},
				"down": {"uv": [5.5, 6.5, 5, 7.25], "texture": "#0"}
			}
		},
		{
			"from": [7.52188, 4.33136, 12.17865],
			"to": [8.47813, 6.46886, 13.41615],
			"rotation": {"angle": 0, "axis": "y", "origin": [8, 7.62325, 9.70864]},
			"faces": {
				"north": {"uv": [4.5, 4.5, 5, 5.75], "texture": "#0"},
				"east": {"uv": [2.5, 0, 3.25, 1.25], "texture": "#0"},
				"south": {"uv": [0, 5, 0.5, 6.25], "texture": "#0"},
				"west": {"uv": [2.5, 1.5, 3.25, 2.75], "texture": "#0"},
				"up": {"uv": [6, 7.25, 5.5, 6.5], "texture": "#0"},
				"down": {"uv": [6.5, 6.5, 6, 7.25], "texture": "#0"}
			}
		},
		{
			"from": [7.52188, 3.17948, 11.8248],
			"to": [8.47813, 4.86698, 13.0623],
			"rotation": {"angle": -22.5, "axis": "x", "origin": [8, 7.62325, 9.70864]},
			"faces": {
				"north": {"uv": [1.5, 6, 2, 7], "texture": "#0"},
				"east": {"uv": [2, 4, 2.75, 5], "texture": "#0"},
				"south": {"uv": [2, 6, 2.5, 7], "texture": "#0"},
				"west": {"uv": [4, 2.5, 4.75, 3.5], "texture": "#0"},
				"up": {"uv": [7, 7.25, 6.5, 6.5], "texture": "#0"},
				"down": {"uv": [7.5, 0, 7, 0.75], "texture": "#0"}
			}
		},
		{
			"from": [7.83125, 5.982, 8.64422],
			"to": [8.16875, 7.2195, 10.82672],
			"rotation": {"angle": 0, "axis": "y", "origin": [8, 7.62325, 9.70864]},
			"faces": {
				"north": {"uv": [8, 7.5, 8.25, 8.25], "texture": "#0"},
				"east": {"uv": [1, 3, 2.25, 3.75], "texture": "#0"},
				"south": {"uv": [1, 8.5, 1.25, 9.25], "texture": "#0"},
				"west": {"uv": [2.5, 3, 3.75, 3.75], "texture": "#0"},
				"up": {"uv": [7.25, 5.75, 7, 4.5], "texture": "#0"},
				"down": {"uv": [7.25, 6, 7, 7.25], "texture": "#0"}
			}
		},
		{
			"from": [7.892, 8.93201, 9.3144],
			"to": [8.108, 10.37201, 10.7544],
			"rotation": {"angle": 45, "axis": "x", "origin": [8, 7.62325, 9.70864]},
			"faces": {
				"north": {"uv": [8.5, 7, 8.625, 7.75], "texture": "#0"},
				"east": {"uv": [5, 1.5, 5.75, 2.25], "texture": "#0"},
				"south": {"uv": [7.5, 8.5, 7.625, 9.25], "texture": "#0"},
				"west": {"uv": [2, 5, 2.75, 5.75], "texture": "#0"},
				"up": {"uv": [8.125, 9.25, 8, 8.5], "texture": "#0"},
				"down": {"uv": [8.625, 8, 8.5, 8.75], "texture": "#0"}
			}
		},
		{
			"from": [7.892, 7.98047, 12.23441],
			"to": [8.108, 8.40797, 13.22441],
			"rotation": {"angle": -22.5, "axis": "x", "origin": [8, 7.62325, 9.70864]},
			"faces": {
				"north": {"uv": [6.5, 9, 6.625, 9.25], "texture": "#0"},
				"east": {"uv": [8.5, 6.5, 9, 6.75], "texture": "#0"},
				"south": {"uv": [9, 6.5, 9.125, 6.75], "texture": "#0"},
				"west": {"uv": [7, 8.5, 7.5, 8.75], "texture": "#0"},
				"up": {"uv": [2.125, 9.5, 2, 9], "texture": "#0"},
				"down": {"uv": [9.125, 2, 9, 2.5], "texture": "#0"}
			}
		},
		{
			"from": [8.79525, 8.4185, 5.10919],
			"to": [9.58275, 9.206, 8.94544],
			"rotation": {"angle": 45, "axis": "z", "origin": [8, 7.62325, 9.70864]},
			"faces": {
				"north": {"uv": [0, 7.5, 0.5, 8], "texture": "#0"},
				"east": {"uv": [0, 0, 2.125, 0.5], "texture": "#0"},
				"south": {"uv": [0.5, 7.5, 1, 8], "texture": "#0"},
				"west": {"uv": [0, 0.5, 2.125, 1], "texture": "#0"},
				"up": {"uv": [0.5, 3.125, 0, 1], "texture": "#0"},
				"down": {"uv": [1, 1, 0.5, 3.125], "texture": "#0"}
			}
		},
		{
			"from": [8.25525, 7.8785, 8.97047],
			"to": [9.56025, 9.1835, 10.38797],
			"rotation": {"angle": 45, "axis": "z", "origin": [8, 7.62325, 9.70864]},
			"faces": {
				"north": {"uv": [5, 2.5, 5.75, 3.25], "texture": "#0"},
				"east": {"uv": [3, 5, 3.75, 5.75], "texture": "#0"},
				"south": {"uv": [5, 3.5, 5.75, 4.25], "texture": "#0"},
				"west": {"uv": [5, 4.5, 5.75, 5.25], "texture": "#0"},
				"up": {"uv": [6.25, 0.75, 5.5, 0], "texture": "#0"},
				"down": {"uv": [5.75, 5.5, 5, 6.25], "texture": "#0"}
			}
		},
		{
			"from": [8.82338, 8.44663, 8.55422],
			"to": [8.99213, 8.61538, 10.80422],
			"rotation": {"angle": 45, "axis": "z", "origin": [8, 7.62325, 9.70864]},
			"faces": {
				"north": {"uv": [9, 7.5, 9.125, 7.625], "texture": "#0"},
				"east": {"uv": [8.5, 3.5, 9.75, 3.625], "texture": "#0"},
				"south": {"uv": [9, 8, 9.125, 8.125], "texture": "#0"},
				"west": {"uv": [4, 8.5, 5.25, 8.625], "texture": "#0"},
				"up": {"uv": [8.625, 5.25, 8.5, 4], "texture": "#0"},
				"down": {"uv": [5.625, 8.5, 5.5, 9.75], "texture": "#0"}
			}
		},
		{
			"from": [8.52806, 8.15131, 6.09357],
			"to": [8.97806, 8.60131, 8.94544],
			"rotation": {"angle": 45, "axis": "z", "origin": [8, 7.62325, 9.70864]},
			"faces": {
				"north": {"uv": [9, 2.5, 9.25, 2.75], "texture": "#0"},
				"east": {"uv": [6, 3.5, 7.625, 3.75], "texture": "#0"},
				"south": {"uv": [3, 9, 3.25, 9.25], "texture": "#0"},
				"west": {"uv": [6, 4, 7.625, 4.25], "texture": "#0"},
				"up": {"uv": [4.25, 7.625, 4, 6], "texture": "#0"},
				"down": {"uv": [4.75, 6, 4.5, 7.625], "texture": "#0"}
			}
		},
		{
			"from": [8.31713, 7.94037, 10.45266],
			"to": [9.49838, 9.12162, 11.04329],
			"rotation": {"angle": 45, "axis": "z", "origin": [8, 7.62325, 9.70864]},
			"faces": {
				"north": {"uv": [6, 4.5, 6.625, 5.125], "texture": "#0"},
				"east": {"uv": [7.5, 4.5, 7.875, 5.125], "texture": "#0"},
				"south": {"uv": [6, 5.5, 6.625, 6.125], "texture": "#0"},
				"west": {"uv": [5, 7.5, 5.375, 8.125], "texture": "#0"},
				"up": {"uv": [8.125, 1.875, 7.5, 1.5], "texture": "#0"},
				"down": {"uv": [8.125, 3, 7.5, 3.375], "texture": "#0"}
			}
		},
		{
			"from": [8.34525, 7.96849, 8.94797],
			"to": [8.79525, 8.41849, 10.43859],
			"rotation": {"angle": 45, "axis": "z", "origin": [8, 7.62325, 9.70864]},
			"faces": {
				"north": {"uv": [3.5, 9, 3.75, 9.25], "texture": "#0"},
				"east": {"uv": [7, 7.5, 7.875, 7.75], "texture": "#0"},
				"south": {"uv": [4, 9, 4.25, 9.25], "texture": "#0"},
				"west": {"uv": [7.5, 7, 8.375, 7.25], "texture": "#0"},
				"up": {"uv": [0.25, 8.875, 0, 8], "texture": "#0"},
				"down": {"uv": [0.75, 8, 0.5, 8.875], "texture": "#0"}
			}
		},
		{
			"from": [9.02025, 8.64349, 8.94797],
			"to": [9.47025, 9.09349, 10.43859],
			"rotation": {"angle": 45, "axis": "z", "origin": [8, 7.62325, 9.70864]},
			"faces": {
				"north": {"uv": [9, 4, 9.25, 4.25], "texture": "#0"},
				"east": {"uv": [8, 0.5, 8.875, 0.75], "texture": "#0"},
				"south": {"uv": [4.5, 9, 4.75, 9.25], "texture": "#0"},
				"west": {"uv": [1, 8, 1.875, 8.25], "texture": "#0"},
				"up": {"uv": [2.25, 8.875, 2, 8], "texture": "#0"},
				"down": {"uv": [3.25, 8, 3, 8.875], "texture": "#0"}
			}
		},
		{
			"from": [6.52975, 7.9685, 8.94797],
			"to": [6.97975, 8.4185, 10.43859],
			"rotation": {"angle": -45, "axis": "z", "origin": [8, 7.62325, 9.70864]},
			"faces": {
				"north": {"uv": [9, 4.5, 9.25, 4.75], "texture": "#0"},
				"east": {"uv": [8, 1, 8.875, 1.25], "texture": "#0"},
				"south": {"uv": [5, 9, 5.25, 9.25], "texture": "#0"},
				"west": {"uv": [8, 2, 8.875, 2.25], "texture": "#0"},
				"up": {"uv": [3.75, 8.875, 3.5, 8], "texture": "#0"},
				"down": {"uv": [8.25, 3.5, 8, 4.375], "texture": "#0"}
			}
		}
	],
	"display": {
		"thirdperson_righthand": {
			"translation": [0, 0.25, -3],
			"scale": [1.4, 1.4, 1.4]
		},
		"thirdperson_lefthand": {
			"translation": [0, 0.25, -1.75],
			"scale": [1.3, 1.3, 1.3]
		},
		"firstperson_righthand": {
			"translation": [-0.25, 2.75, -1],
			"scale": [1.3, 1.3, 1.3]
		},
		"firstperson_lefthand": {
			"translation": [-0.25, 2.75, -1],
			"scale": [1.3, 1.3, 1.3]
		},
		"ground": {
			"scale": [0, 0, 0]
		},
		"gui": {
			"rotation": [27, 134, -30],
			"translation": [6, 2.5, -1.5],
			"scale": [0, 0, 0]
		},
		"head": {
			"scale": [0, 0, 0]
		},
		"fixed": {
			"scale": [0, 0, 0]
		}
	},
	"groups": [
		{
			"name": "group",
			"origin": [8, 9.507, 7.88],
			"color": 0,
			"nbt": "{}",
			"children": [
				0,
				1,
				2,
				3,
				4,
				5,
				6,
				7,
				8,
				9,
				{
					"name": "i",
					"origin": [8.575, 5.71121, 13.35524],
					"color": 0,
					"nbt": "{}",
					"children": [10, 11, 12, 13]
				},
				14,
				15,
				16,
				17,
				18,
				19,
				20,
				21,
				22,
				23,
				24
			]
		}
	]
}