{
	"type": "minecraft:chest",
	"pools": [
		{
			"rolls": {
				"type": "minecraft:uniform",
				"min": 4,
				"max": 13
			},
			"entries": [
				{
					"type": "minecraft:item",
					"name": "minecraft:gold_ingot",
					"weight": 10
				}
			],
			"functions": [
				{
					"function": "minecraft:limit_count",
					"limit": {
						"min": {
							"min": 1,
							"max": 5
						},
						"max": 5
					}
				}
			]
		},
		{
			"rolls": {
				"min": 0,
				"max": 4
			},
			"entries": [
				{
					"type": "minecraft:item",
					"name": "minecraft:apple",
					"weight": 9,
					"functions": [
						{
							"function": "minecraft:limit_count",
							"limit": {
								"min": {
									"min": 1,
									"max": 1
								},
								"max": 1
							}
						}
					]
				}
			]
		},
		{
			"rolls": {
				"min": 1,
				"max": 2
			},
			"entries": [
				{
					"type": "minecraft:item",
					"name": "minecraft:golden_apple",
					"weight": 3
				}
			],
			"conditions": [
				{
					"condition": "minecraft:random_chance",
					"chance": 0.95
				}
			]
		},
		{
			"rolls": {
				"min": 4,
				"max": 8
			},
			"entries": [
				{
					"type": "minecraft:item",
					"name": "minecraft:arrow",
					"weight": 7,
					"functions": [
						{
							"function": "minecraft:limit_count",
							"limit": {
								"min": {
									"min": 2,
									"max": 5
								},
								"max": 5
							}
						}
					]
				}
			]
		},
		{
			"rolls": 1,
			"entries": [
				{
					"type": "minecraft:item",
					"name": "minecraft:diamond_sword",
					"weight": 1,
					"functions": [
						{
							"function": "minecraft:enchant_with_levels",
							"levels": {
								"min": 6,
								"max": 9
							},
							"options": "minecraft:sharpness",
							"conditions": [
								{
									"condition": "minecraft:random_chance",
									"chance": 0.8
								}
							]
						}
					]
				},
				{
					"type": "minecraft:item",
					"name": "minecraft:diamond_axe",
					"weight": 1,
					"functions": [
						{
							"function": "minecraft:enchant_with_levels",
							"levels": {
								"min": 6,
								"max": 9
							},
							"options": "minecraft:sharpness",
							"conditions": [
								{
									"condition": "minecraft:random_chance",
									"chance": 0.8
								}
							]
						}
					]
				},
				{
					"type": "minecraft:item",
					"name": "minecraft:bow",
					"weight": 1,
					"functions": [
						{
							"function": "minecraft:enchant_with_levels",
							"levels": {
								"min": 6,
								"max": 9
							},
							"conditions": [
								{
									"condition": "minecraft:random_chance",
									"chance": 0.8
								}
							]
						}
					]
				},
				{
					"type": "minecraft:item",
					"name": "minecraft:crossbow",
					"weight": 1,
					"functions": [
						{
							"function": "minecraft:enchant_with_levels",
							"levels": {
								"min": 6,
								"max": 9
							},
							"conditions": [
								{
									"condition": "minecraft:random_chance",
									"chance": 0.8
								}
							]
						}
					]
				}
			]
		},
		{
			"rolls": 1,
			"entries": [
				{
					"type": "minecraft:item",
					"name": "minecraft:diamond_helmet",
					"weight": 1,
					"functions": [
						{
							"function": "minecraft:enchant_with_levels",
							"levels": {
								"min": 8,
								"max": 10
							},
							"conditions": [
								{
									"condition": "minecraft:random_chance",
									"chance": 0.8
								}
							]
						}
					]
				},
				{
					"type": "minecraft:item",
					"name": "minecraft:diamond_chestplate",
					"weight": 1,
					"functions": [
						{
							"function": "minecraft:enchant_with_levels",
							"levels": {
								"min": 8,
								"max": 10
							},
							"conditions": [
								{
									"condition": "minecraft:random_chance",
									"chance": 0.8
								}
							]
						}
					]
				},
				{
					"type": "minecraft:item",
					"name": "minecraft:diamond_leggings",
					"weight": 1,
					"functions": [
						{
							"function": "minecraft:enchant_with_levels",
							"levels": {
								"min": 8,
								"max": 10
							},
							"conditions": [
								{
									"condition": "minecraft:random_chance",
									"chance": 0.8
								}
							]
						}
					]
				},
				{
					"type": "minecraft:item",
					"name": "minecraft:diamond_boots",
					"weight": 1,
					"functions": [
						{
							"function": "minecraft:enchant_with_levels",
							"levels": {
								"min": 8,
								"max": 10
							},
							"conditions": [
								{
									"condition": "minecraft:random_chance",
									"chance": 0.8
								}
							]
						}
					]
				}
			]
		},
		{
			"rolls": {
				"min": 0,
				"max": 7
			},
			"entries": [
				{
					"type": "minecraft:item",
					"name": "minecraft:oak_log",
					"weight": 10,
					"functions": [
						{
							"function": "minecraft:limit_count",
							"limit": {
								"min": {
									"min": 1,
									"max": 4
								},
								"max": 4
							}
						}
					]
				}
			]
		},
		{
			"rolls": {
				"min": 0,
				"max": 3
			},
			"entries": [
				{
					"type": "minecraft:item",
					"name": "minecraft:oak_sapling",
					"weight": 8,
					"functions": [
						{
							"function": "minecraft:limit_count",
							"limit": {
								"min": {
									"min": 1,
									"max": 2
								}
							}
						}
					]
				}
			]
		},
		{
			"rolls": {
				"min": 4,
				"max": 7
			},
			"entries": [
				{
					"type": "minecraft:item",
					"name": "minecraft:bone",
					"weight": 8,
					"functions": [
						{
							"function": "minecraft:limit_count",
							"limit": {
								"min": {
									"min": 3,
									"max": 5
								}
							}
						}
					]
				}
			]
		},
		{
			"rolls": {
				"min": 0,
				"max": 1
			},
			"entries": [
				{
					"type": "minecraft:item",
					"name": "minecraft:potion",
					"weight": 2,
					"functions": [
						{
							"function": "minecraft:set_potion",
							"id": "minecraft:regeneration",
							"conditions": [
								{
									"condition": "minecraft:random_chance",
									"chance": 0.8
								}
							]
						},
						{
							"function": "minecraft:set_potion",
							"id": "minecraft:long_regeneration",
							"conditions": [
								{
									"condition": "minecraft:random_chance",
									"chance": 0.2
								}
							]
						}
					]
				}
			]
		},
		{
			"rolls": 1,
			"entries": [
				{
					"type": "minecraft:item",
					"name": "minecraft:enchanting_table",
					"weight": 1
				}
			]
		},
		{
			"rolls": 2,
			"entries": [
				{
					"type": "minecraft:item",
					"name": "minecraft:bookshelf",
					"weight": 2,
					"functions": [
						{
							"function": "minecraft:limit_count",
							"limit": {
								"min": {
									"min": 1,
									"max": 3
								},
								"max": 3
							}
						}
					]
				}
			]
		}
	]
}
