{
	"credit": "Made with Blockbench",
	"parent": "block/thin_block",
	"textures": {
		"particle": "cnp:item/dlc/dlc0/5/xj",
		"wool": "cnp:item/dlc/dlc0/5/xj"
	},
	"elements": [
		{
			"from": [-8, 8, -8],
			"to": [24, 8, 24],
			"rotation": {"angle": 0, "axis": "y", "origin": [-8, 8, -8]},
			"faces": {
				"north": {"uv": [0, 16, 16, 16], "texture": "#wool", "cullface": "north"},
				"east": {"uv": [0, 16, 16, 16], "texture": "#wool", "cullface": "east"},
				"south": {"uv": [0, 16, 16, 16], "texture": "#wool", "cullface": "south"},
				"west": {"uv": [0, 16, 16, 16], "texture": "#wool", "cullface": "west"},
				"up": {"uv": [0, 0, 16, 16], "texture": "#wool"},
				"down": {"uv": [0, 0, 16, 16], "texture": "#wool", "cullface": "down"}
			}
		}
	],
	"display": {
		"thirdperson_righthand": {
			"scale": [3, 3, 3]
		},
		"thirdperson_lefthand": {
			"scale": [3, 3, 3]
		},
		"firstperson_righthand": {
			"scale": [3, 3, 3]
		},
		"firstperson_lefthand": {
			"scale": [3, 3, 3]
		},
		"gui": {
			"scale": [3, 3, 3]
		},
		"head": {
			"translation": [0, 1, 0],
			"scale": [2.5, 2.5, 2.5]
		},
		"fixed": {
			"scale": [3, 3, 3]
		}
	}
}