{
	"credit": "Made with Blockbench",
	"textures": {
		"0": "speech_bubble/template",
		"particle": "speech_bubble/loot_chest"
	},
	"elements": [
		{
			"from": [-4, -4, 8],
			"to": [20, 20, 8],
			"faces": {
				"north": {"uv": [0, 0, 16, 16], "texture": "#0"},
				"east": {"uv": [0, 0, 0, 16], "texture": "#0"},
				"south": {"uv": [0, 0, 16, 16], "texture": "#0"},
				"west": {"uv": [0, 0, 0, 16], "texture": "#0"},
				"up": {"uv": [0, 0, 16, 0], "texture": "#0"},
				"down": {"uv": [0, 0, 16, 0], "texture": "#0"}
			}
		}
	],
	"display": {}
}