{
	"credit": "Made with Blockbench",
	"textures": {
		"0": "item/flowey",
		"1": "item/flowey_g",
		"2": "item/floweyface_t",
		"particle": "item/flowey"
	},
	"elements": [
		{
			"from": [6.5, 9.1, 11.5],
			"to": [9.5, 17, 14.5],
			"rotation": { "angle": 0, "axis": "y", "origin": [7.5, 9, 12.5] },
			"faces": {
				"north": {
					"uv": [2, 10, 10.9, 12],
					"rotation": 90,
					"texture": "#1"
				},
				"east": { "uv": [8, 0, 10, 8.9], "texture": "#1" },
				"south": {
					"uv": [1, 13, 9.9, 15],
					"rotation": 90,
					"texture": "#1"
				},
				"west": {
					"uv": [1, 11, 9.9, 13],
					"rotation": 90,
					"texture": "#1"
				},
				"up": { "uv": [4, 4, 6, 6], "texture": "#1" },
				"down": { "uv": [11, 11, 13, 13], "texture": "#1" }
			}
		},
		{
			"from": [6.5, 15.1, 10.5],
			"to": [9.5, 20, 13.5],
			"rotation": { "angle": 0, "axis": "y", "origin": [7.5, 9, 11.5] },
			"faces": {
				"north": {
					"uv": [2, 10, 10.9, 12],
					"rotation": 90,
					"texture": "#1"
				},
				"east": { "uv": [8, 0, 10, 8.9], "texture": "#1" },
				"south": {
					"uv": [1, 13, 9.9, 15],
					"rotation": 90,
					"texture": "#1"
				},
				"west": {
					"uv": [1, 11, 9.9, 13],
					"rotation": 90,
					"texture": "#1"
				},
				"up": { "uv": [4, 4, 6, 6], "texture": "#1" },
				"down": { "uv": [11, 11, 13, 13], "texture": "#1" }
			}
		},
		{
			"from": [7.5, 4.1, 10.5],
			"to": [10.5, 11, 13.5],
			"rotation": { "angle": 0, "axis": "y", "origin": [7.5, 8, 12.5] },
			"faces": {
				"north": {
					"uv": [2, 10, 8.9, 12],
					"rotation": 90,
					"texture": "#1"
				},
				"east": { "uv": [8, 0, 10, 6.9], "texture": "#1" },
				"south": {
					"uv": [1, 13, 7.9, 15],
					"rotation": 90,
					"texture": "#1"
				},
				"west": {
					"uv": [1, 11, 7.9, 13],
					"rotation": 90,
					"texture": "#1"
				},
				"up": { "uv": [4, 4, 6, 6], "texture": "#1" },
				"down": { "uv": [11, 11, 13, 13], "texture": "#1" }
			}
		},
		{
			"from": [5.5, -1, 8.5],
			"to": [10.5, 0, 13.5],
			"rotation": { "angle": 0, "axis": "y", "origin": [7.5, 9, 12.5] },
			"faces": {
				"north": {
					"uv": [2, 10, 3, 14],
					"rotation": 90,
					"texture": "#1"
				},
				"east": { "uv": [8, 0, 12, 1], "texture": "#1" },
				"south": {
					"uv": [5, 7, 6, 11],
					"rotation": 90,
					"texture": "#1"
				},
				"west": {
					"uv": [1, 11, 2, 15],
					"rotation": 90,
					"texture": "#1"
				},
				"up": { "uv": [4, 4, 8, 8], "texture": "#1" },
				"down": { "uv": [11, 11, 15, 15], "texture": "#1" }
			}
		},
		{
			"from": [5.5, 0, 7.5],
			"to": [10.5, 1, 8.5],
			"rotation": { "angle": 0, "axis": "y", "origin": [7.5, 9, 12.5] },
			"faces": {
				"north": {
					"uv": [2, 10, 3, 14],
					"rotation": 90,
					"texture": "#1"
				},
				"east": { "uv": [8, 0, 12, 1], "texture": "#1" },
				"south": {
					"uv": [5, 7, 6, 11],
					"rotation": 90,
					"texture": "#1"
				},
				"west": {
					"uv": [1, 11, 2, 15],
					"rotation": 90,
					"texture": "#1"
				},
				"up": { "uv": [4, 4, 8, 8], "texture": "#1" },
				"down": { "uv": [11, 11, 15, 15], "texture": "#1" }
			}
		},
		{
			"from": [5.5, 0, 13.5],
			"to": [10.5, 1, 14.5],
			"rotation": { "angle": 0, "axis": "y", "origin": [7.5, 9, 12.5] },
			"faces": {
				"north": {
					"uv": [2, 10, 3, 14],
					"rotation": 90,
					"texture": "#1"
				},
				"east": { "uv": [8, 0, 12, 1], "texture": "#1" },
				"south": {
					"uv": [5, 7, 6, 11],
					"rotation": 90,
					"texture": "#1"
				},
				"west": {
					"uv": [1, 11, 2, 15],
					"rotation": 90,
					"texture": "#1"
				},
				"up": { "uv": [4, 4, 8, 8], "texture": "#1" },
				"down": { "uv": [11, 11, 15, 15], "texture": "#1" }
			}
		},
		{
			"from": [10.5, 0, 8.5],
			"to": [11.5, 1, 13.5],
			"rotation": { "angle": 0, "axis": "y", "origin": [7.5, 9, 12.5] },
			"faces": {
				"north": {
					"uv": [2, 10, 3, 14],
					"rotation": 90,
					"texture": "#1"
				},
				"east": { "uv": [8, 0, 12, 1], "texture": "#1" },
				"south": {
					"uv": [5, 7, 6, 11],
					"rotation": 90,
					"texture": "#1"
				},
				"west": {
					"uv": [1, 11, 2, 15],
					"rotation": 90,
					"texture": "#1"
				},
				"up": { "uv": [4, 4, 8, 8], "texture": "#1" },
				"down": { "uv": [11, 11, 15, 15], "texture": "#1" }
			}
		},
		{
			"from": [4.5, 0, 8.5],
			"to": [5.5, 1, 13.5],
			"rotation": { "angle": 0, "axis": "y", "origin": [7.5, 9, 12.5] },
			"faces": {
				"north": {
					"uv": [2, 10, 3, 14],
					"rotation": 90,
					"texture": "#1"
				},
				"east": { "uv": [8, 0, 12, 1], "texture": "#1" },
				"south": {
					"uv": [5, 7, 6, 11],
					"rotation": 90,
					"texture": "#1"
				},
				"west": {
					"uv": [1, 11, 2, 15],
					"rotation": 90,
					"texture": "#1"
				},
				"up": { "uv": [4, 4, 8, 8], "texture": "#1" },
				"down": { "uv": [11, 11, 15, 15], "texture": "#1" }
			}
		},
		{
			"from": [6.5, 0.1, 9.5],
			"to": [9.5, 6, 12.5],
			"rotation": { "angle": 0, "axis": "y", "origin": [7.5, 8, 12.5] },
			"faces": {
				"north": {
					"uv": [2, 10, 8.9, 12],
					"rotation": 90,
					"texture": "#1"
				},
				"east": { "uv": [8, 0, 10, 6.9], "texture": "#1" },
				"south": {
					"uv": [1, 13, 7.9, 15],
					"rotation": 90,
					"texture": "#1"
				},
				"west": {
					"uv": [1, 11, 7.9, 13],
					"rotation": 90,
					"texture": "#1"
				},
				"up": { "uv": [4, 4, 6, 6], "texture": "#1" },
				"down": { "uv": [11, 11, 13, 13], "texture": "#1" }
			}
		},
		{
			"from": [4.5, 15, 6.5],
			"to": [11.5, 24, 8.5],
			"rotation": { "angle": 0, "axis": "y", "origin": [8, 10, 8.5] },
			"faces": {
				"north": { "uv": [3, 0, 10, 9], "texture": "#0" },
				"east": { "uv": [0, 0, 3, 9], "texture": "#0" },
				"south": { "uv": [0, 0, 7, 9], "texture": "#0" },
				"west": { "uv": [0, 0, 3, 9], "texture": "#0" },
				"up": { "uv": [0, 0, 7, 3], "texture": "#0" },
				"down": { "uv": [0, 0, 7, 3], "texture": "#0" }
			}
		},
		{
			"from": [3.5, 16, 6.5],
			"to": [12.5, 23, 8.5],
			"rotation": { "angle": 0, "axis": "y", "origin": [8, 10, 8.5] },
			"faces": {
				"north": { "uv": [3, 1, 12, 8], "texture": "#0" },
				"east": { "uv": [0, 0, 3, 7], "texture": "#0" },
				"south": { "uv": [0, 0, 9, 7], "texture": "#0" },
				"west": { "uv": [0, 0, 3, 7], "texture": "#0" },
				"up": { "uv": [0, 0, 9, 3], "texture": "#0" },
				"down": { "uv": [0, 0, 9, 3], "texture": "#0" }
			}
		},
		{
			"from": [2.5, 17, 6.5],
			"to": [13.5, 22, 8.5],
			"rotation": { "angle": 0, "axis": "y", "origin": [8, 10, 8.5] },
			"faces": {
				"north": { "uv": [3, 1, 14, 6], "texture": "#0" },
				"east": { "uv": [0, 0, 3, 5], "texture": "#0" },
				"south": { "uv": [0, 0, 11, 5], "texture": "#0" },
				"west": { "uv": [0, 0, 3, 5], "texture": "#0" },
				"up": { "uv": [0, 0, 11, 3], "texture": "#0" },
				"down": { "uv": [0, 0, 11, 3], "texture": "#0" }
			}
		},
		{
			"from": [3.5, 17, 5.5],
			"to": [4.5, 22, 10.5],
			"rotation": { "angle": 0, "axis": "y", "origin": [8, 10, 8.5] },
			"faces": {
				"north": { "uv": [14, 2, 15, 7], "texture": "#2" },
				"east": { "uv": [0, 0, 5, 5], "texture": "#0" },
				"south": { "uv": [15, 0, 16, 5], "texture": "#0" },
				"west": { "uv": [11, 0, 16, 5], "texture": "#0" },
				"up": { "uv": [14, 5, 15, 0], "texture": "#0" },
				"down": { "uv": [14, 0, 15, 5], "texture": "#0" }
			}
		},
		{
			"from": [11.5, 17, 5.5],
			"to": [12.5, 22, 10.5],
			"rotation": { "angle": 0, "axis": "y", "origin": [8, 10, 8.5] },
			"faces": {
				"north": { "uv": [6, 2, 7, 7], "texture": "#2" },
				"east": {
					"uv": [11, 0, 16, 5],
					"rotation": 180,
					"texture": "#0"
				},
				"south": { "uv": [15, 0, 16, 5], "texture": "#0" },
				"west": { "uv": [0, 0, 5, 5], "texture": "#0" },
				"up": { "uv": [14, 5, 15, 0], "texture": "#0" },
				"down": { "uv": [14, 0, 15, 5], "texture": "#0" }
			}
		},
		{
			"from": [4.5, 16, 5.5],
			"to": [11.5, 23, 6.5],
			"rotation": { "angle": 0, "axis": "y", "origin": [8, 10, 8.5] },
			"faces": {
				"north": { "uv": [7, 1, 14, 8], "texture": "#2" },
				"east": { "uv": [0, 0, 1, 7], "texture": "#2" },
				"south": { "uv": [0, 0, 7, 7], "texture": "#2" },
				"west": { "uv": [0, 0, 1, 7], "texture": "#2" },
				"up": { "uv": [0, 0, 7, 1], "texture": "#2" },
				"down": { "uv": [0, 0, 7, 1], "texture": "#2" }
			}
		},
		{
			"from": [4.5, 16, 6.5],
			"to": [11.5, 23, 10.5],
			"rotation": { "angle": 0, "axis": "y", "origin": [8, 10, 8.5] },
			"faces": {
				"north": { "uv": [3, 1, 10, 8], "texture": "#1" },
				"east": { "uv": [0, 0, 4, 7], "texture": "#1" },
				"south": { "uv": [0, 0, 7, 7], "texture": "#1" },
				"west": { "uv": [0, 0, 4, 7], "texture": "#1" },
				"up": { "uv": [0, 0, 7, 4], "texture": "#1" },
				"down": { "uv": [0, 0, 7, 4], "texture": "#1" }
			}
		},
		{
			"from": [5.5, 17.5, 10.5],
			"to": [10.5, 21.5, 11.5],
			"rotation": { "angle": 0, "axis": "y", "origin": [8, 10, 8.5] },
			"faces": {
				"north": { "uv": [3, 1, 10, 6], "texture": "#1" },
				"east": { "uv": [0, 0, 1, 5], "texture": "#1" },
				"south": { "uv": [0, 0, 7, 5], "texture": "#1" },
				"west": { "uv": [0, 0, 1, 5], "texture": "#1" },
				"up": { "uv": [0, 0, 7, 1], "texture": "#1" },
				"down": { "uv": [0, 0, 7, 1], "texture": "#1" }
			}
		},
		{
			"from": [12, 16.5, 8.25],
			"to": [19, 17.5, 9.25],
			"rotation": {
				"angle": 0,
				"axis": "y",
				"origin": [7.5, 10.5, 9.25]
			},
			"faces": {
				"north": { "uv": [2, 11, 9, 12], "texture": "#0" },
				"east": { "uv": [2, 12, 3, 13], "texture": "#0" },
				"south": { "uv": [1, 13, 8, 14], "texture": "#0" },
				"west": { "uv": [3, 9, 4, 10], "texture": "#0" },
				"up": { "uv": [4, 15, 11, 16], "texture": "#0" },
				"down": { "uv": [1, 11, 8, 12], "texture": "#0" }
			}
		},
		{
			"from": [12, 17.5, 7.75],
			"to": [18, 21.5, 9.75],
			"rotation": {
				"angle": 0,
				"axis": "y",
				"origin": [7.5, 10.5, 9.25]
			},
			"faces": {
				"north": { "uv": [10, 11, 15, 15], "texture": "#0" },
				"east": { "uv": [8, 11, 10, 15], "texture": "#0" },
				"south": { "uv": [1, 11, 7, 15], "texture": "#0" },
				"west": { "uv": [3, 9, 5, 13], "texture": "#0" },
				"up": { "uv": [1, 12, 6, 14], "texture": "#0" },
				"down": { "uv": [1, 11, 6, 13], "texture": "#0" }
			}
		},
		{
			"from": [18, 17.5, 8.25],
			"to": [20, 21.5, 9.25],
			"rotation": {
				"angle": 0,
				"axis": "y",
				"origin": [7.5, 10.5, 9.25]
			},
			"faces": {
				"north": { "uv": [8, 11, 10, 15], "texture": "#0" },
				"east": { "uv": [2, 10, 3, 14], "texture": "#0" },
				"south": { "uv": [1, 9, 3, 13], "texture": "#0" },
				"west": { "uv": [3, 9, 4, 13], "texture": "#0" },
				"up": { "uv": [4, 15, 6, 16], "texture": "#0" },
				"down": { "uv": [2, 9, 4, 10], "texture": "#0" }
			}
		},
		{
			"from": [12, 21.5, 8.25],
			"to": [19, 22.5, 9.25],
			"rotation": {
				"angle": 0,
				"axis": "y",
				"origin": [7.5, 10.5, 9.25]
			},
			"faces": {
				"north": { "uv": [2, 11, 9, 12], "texture": "#0" },
				"east": { "uv": [2, 12, 3, 13], "texture": "#0" },
				"south": { "uv": [1, 13, 8, 14], "texture": "#0" },
				"west": { "uv": [3, 9, 4, 10], "texture": "#0" },
				"up": { "uv": [4, 15, 11, 16], "texture": "#0" },
				"down": { "uv": [2, 9, 9, 10], "texture": "#0" }
			}
		},
		{
			"from": [-3, 21.5, 8.25],
			"to": [4, 22.5, 9.25],
			"rotation": {
				"angle": 0,
				"axis": "z",
				"origin": [8.5, 19.5, 9.25]
			},
			"faces": {
				"north": {
					"uv": [2, 11, 9, 12],
					"rotation": 180,
					"texture": "#0"
				},
				"east": {
					"uv": [3, 9, 4, 10],
					"rotation": 180,
					"texture": "#0"
				},
				"south": {
					"uv": [1, 13, 8, 14],
					"rotation": 180,
					"texture": "#0"
				},
				"west": {
					"uv": [2, 12, 3, 13],
					"rotation": 180,
					"texture": "#0"
				},
				"up": {
					"uv": [1, 11, 8, 12],
					"rotation": 180,
					"texture": "#0"
				},
				"down": {
					"uv": [4, 15, 11, 16],
					"rotation": 180,
					"texture": "#0"
				}
			}
		},
		{
			"from": [-2, 17.5, 7.75],
			"to": [4, 21.5, 9.75],
			"rotation": {
				"angle": 0,
				"axis": "z",
				"origin": [8.5, 19.5, 9.25]
			},
			"faces": {
				"north": {
					"uv": [10, 11, 16, 15],
					"rotation": 180,
					"texture": "#0"
				},
				"east": {
					"uv": [3, 9, 5, 13],
					"rotation": 180,
					"texture": "#0"
				},
				"south": {
					"uv": [1, 11, 7, 15],
					"rotation": 180,
					"texture": "#0"
				},
				"west": {
					"uv": [8, 11, 10, 15],
					"rotation": 180,
					"texture": "#0"
				},
				"up": {
					"uv": [2, 11, 7, 13],
					"rotation": 180,
					"texture": "#0"
				},
				"down": {
					"uv": [1, 11, 6, 13],
					"rotation": 180,
					"texture": "#0"
				}
			}
		},
		{
			"from": [-4, 17.5, 8.25],
			"to": [-2, 21.5, 9.25],
			"rotation": {
				"angle": 0,
				"axis": "z",
				"origin": [8.5, 19.5, 9.25]
			},
			"faces": {
				"north": {
					"uv": [8, 11, 10, 15],
					"rotation": 180,
					"texture": "#0"
				},
				"east": {
					"uv": [3, 9, 4, 13],
					"rotation": 180,
					"texture": "#0"
				},
				"south": {
					"uv": [1, 9, 3, 13],
					"rotation": 180,
					"texture": "#0"
				},
				"west": {
					"uv": [2, 10, 3, 14],
					"rotation": 180,
					"texture": "#0"
				},
				"up": { "uv": [2, 9, 4, 10], "rotation": 180, "texture": "#0" },
				"down": {
					"uv": [4, 15, 6, 16],
					"rotation": 180,
					"texture": "#0"
				}
			}
		},
		{
			"from": [-3, 16.5, 8.25],
			"to": [4, 17.5, 9.25],
			"rotation": {
				"angle": 0,
				"axis": "z",
				"origin": [8.5, 19.5, 9.25]
			},
			"faces": {
				"north": {
					"uv": [2, 11, 9, 12],
					"rotation": 180,
					"texture": "#0"
				},
				"east": {
					"uv": [3, 9, 4, 10],
					"rotation": 180,
					"texture": "#0"
				},
				"south": {
					"uv": [1, 13, 8, 14],
					"rotation": 180,
					"texture": "#0"
				},
				"west": {
					"uv": [2, 12, 3, 13],
					"rotation": 180,
					"texture": "#0"
				},
				"up": { "uv": [2, 9, 9, 10], "rotation": 180, "texture": "#0" },
				"down": {
					"uv": [4, 15, 11, 16],
					"rotation": 180,
					"texture": "#0"
				}
			}
		},
		{
			"from": [-1.5, 22, 8.25],
			"to": [5.5, 23, 9.25],
			"rotation": {
				"angle": -45,
				"axis": "z",
				"origin": [8, 19.5, 9.25]
			},
			"faces": {
				"north": {
					"uv": [2, 11, 9, 12],
					"rotation": 180,
					"texture": "#0"
				},
				"east": {
					"uv": [3, 9, 4, 10],
					"rotation": 180,
					"texture": "#0"
				},
				"south": {
					"uv": [1, 13, 8, 14],
					"rotation": 180,
					"texture": "#0"
				},
				"west": {
					"uv": [2, 12, 3, 13],
					"rotation": 180,
					"texture": "#0"
				},
				"up": {
					"uv": [1, 11, 8, 12],
					"rotation": 180,
					"texture": "#0"
				},
				"down": {
					"uv": [4, 15, 11, 16],
					"rotation": 180,
					"texture": "#0"
				}
			}
		},
		{
			"from": [-0.5, 18, 7.75],
			"to": [5.5, 22, 9.75],
			"rotation": {
				"angle": -45,
				"axis": "z",
				"origin": [8, 19.5, 9.25]
			},
			"faces": {
				"north": {
					"uv": [10, 11, 16, 15],
					"rotation": 180,
					"texture": "#0"
				},
				"east": {
					"uv": [3, 9, 5, 13],
					"rotation": 180,
					"texture": "#0"
				},
				"south": {
					"uv": [1, 11, 7, 15],
					"rotation": 180,
					"texture": "#0"
				},
				"west": {
					"uv": [8, 11, 10, 15],
					"rotation": 180,
					"texture": "#0"
				},
				"up": {
					"uv": [2, 11, 7, 13],
					"rotation": 180,
					"texture": "#0"
				},
				"down": {
					"uv": [2, 12, 7, 14],
					"rotation": 180,
					"texture": "#0"
				}
			}
		},
		{
			"from": [-2.5, 18, 8.25],
			"to": [-0.5, 22, 9.25],
			"rotation": {
				"angle": -45,
				"axis": "z",
				"origin": [8, 19.5, 9.25]
			},
			"faces": {
				"north": {
					"uv": [8, 11, 10, 15],
					"rotation": 180,
					"texture": "#0"
				},
				"east": {
					"uv": [3, 9, 4, 13],
					"rotation": 180,
					"texture": "#0"
				},
				"south": {
					"uv": [1, 9, 3, 13],
					"rotation": 180,
					"texture": "#0"
				},
				"west": {
					"uv": [2, 10, 3, 14],
					"rotation": 180,
					"texture": "#0"
				},
				"up": { "uv": [2, 9, 4, 10], "rotation": 180, "texture": "#0" },
				"down": {
					"uv": [4, 15, 6, 16],
					"rotation": 180,
					"texture": "#0"
				}
			}
		},
		{
			"from": [-1.5, 17, 8.25],
			"to": [5.5, 18, 9.25],
			"rotation": {
				"angle": -45,
				"axis": "z",
				"origin": [8, 19.5, 9.25]
			},
			"faces": {
				"north": {
					"uv": [2, 11, 9, 12],
					"rotation": 180,
					"texture": "#0"
				},
				"east": {
					"uv": [3, 9, 4, 10],
					"rotation": 180,
					"texture": "#0"
				},
				"south": {
					"uv": [1, 13, 8, 14],
					"rotation": 180,
					"texture": "#0"
				},
				"west": {
					"uv": [2, 12, 3, 13],
					"rotation": 180,
					"texture": "#0"
				},
				"up": { "uv": [2, 9, 9, 10], "rotation": 180, "texture": "#0" },
				"down": {
					"uv": [4, 15, 11, 16],
					"rotation": 180,
					"texture": "#0"
				}
			}
		},
		{
			"from": [9.25, 22, 8.25],
			"to": [10.25, 29, 9.25],
			"rotation": {
				"angle": -45,
				"axis": "z",
				"origin": [8, 19.5, 9.25]
			},
			"faces": {
				"north": {
					"uv": [2, 11, 9, 12],
					"rotation": 90,
					"texture": "#0"
				},
				"east": {
					"uv": [1, 11, 8, 12],
					"rotation": 270,
					"texture": "#0"
				},
				"south": {
					"uv": [1, 13, 8, 14],
					"rotation": 270,
					"texture": "#0"
				},
				"west": {
					"uv": [4, 15, 11, 16],
					"rotation": 270,
					"texture": "#0"
				},
				"up": {
					"uv": [2, 12, 3, 13],
					"rotation": 270,
					"texture": "#0"
				},
				"down": {
					"uv": [3, 9, 4, 10],
					"rotation": 270,
					"texture": "#0"
				}
			}
		},
		{
			"from": [5.25, 22, 7.75],
			"to": [9.25, 28, 9.75],
			"rotation": {
				"angle": -45,
				"axis": "z",
				"origin": [8, 19.5, 9.25]
			},
			"faces": {
				"north": {
					"uv": [10, 11, 15, 15],
					"rotation": 90,
					"texture": "#0"
				},
				"east": {
					"uv": [2, 11, 7, 13],
					"rotation": 270,
					"texture": "#0"
				},
				"south": {
					"uv": [1, 11, 7, 15],
					"rotation": 270,
					"texture": "#0"
				},
				"west": {
					"uv": [2, 13, 7, 15],
					"rotation": 270,
					"texture": "#0"
				},
				"up": {
					"uv": [8, 11, 10, 15],
					"rotation": 270,
					"texture": "#0"
				},
				"down": {
					"uv": [3, 9, 5, 13],
					"rotation": 270,
					"texture": "#0"
				}
			}
		},
		{
			"from": [5.25, 28, 8.25],
			"to": [9.25, 30, 9.25],
			"rotation": {
				"angle": -45,
				"axis": "z",
				"origin": [8, 19.5, 9.25]
			},
			"faces": {
				"north": {
					"uv": [8, 11, 10, 15],
					"rotation": 90,
					"texture": "#0"
				},
				"east": {
					"uv": [2, 9, 4, 10],
					"rotation": 270,
					"texture": "#0"
				},
				"south": {
					"uv": [1, 9, 3, 13],
					"rotation": 270,
					"texture": "#0"
				},
				"west": {
					"uv": [4, 15, 6, 16],
					"rotation": 270,
					"texture": "#0"
				},
				"up": {
					"uv": [2, 10, 3, 14],
					"rotation": 270,
					"texture": "#0"
				},
				"down": {
					"uv": [3, 9, 4, 13],
					"rotation": 270,
					"texture": "#0"
				}
			}
		},
		{
			"from": [4.25, 22, 8.25],
			"to": [5.25, 29, 9.25],
			"rotation": {
				"angle": -45,
				"axis": "z",
				"origin": [8, 19.5, 9.25]
			},
			"faces": {
				"north": {
					"uv": [2, 11, 9, 12],
					"rotation": 90,
					"texture": "#0"
				},
				"east": {
					"uv": [2, 9, 9, 10],
					"rotation": 270,
					"texture": "#0"
				},
				"south": {
					"uv": [1, 13, 8, 14],
					"rotation": 270,
					"texture": "#0"
				},
				"west": {
					"uv": [4, 15, 11, 16],
					"rotation": 270,
					"texture": "#0"
				},
				"up": {
					"uv": [2, 12, 3, 13],
					"rotation": 270,
					"texture": "#0"
				},
				"down": {
					"uv": [3, 9, 4, 10],
					"rotation": 270,
					"texture": "#0"
				}
			}
		},
		{
			"from": [5, 9, 8],
			"to": [6, 16, 9],
			"rotation": {
				"angle": -45,
				"axis": "z",
				"origin": [8, 19.5, 9.25]
			},
			"faces": {
				"north": {
					"uv": [2, 11, 9, 12],
					"rotation": 270,
					"texture": "#0"
				},
				"east": {
					"uv": [4, 15, 11, 16],
					"rotation": 90,
					"texture": "#0"
				},
				"south": {
					"uv": [1, 13, 8, 14],
					"rotation": 90,
					"texture": "#0"
				},
				"west": {
					"uv": [1, 11, 8, 12],
					"rotation": 90,
					"texture": "#0"
				},
				"up": { "uv": [3, 9, 4, 10], "rotation": 90, "texture": "#0" },
				"down": {
					"uv": [2, 12, 3, 13],
					"rotation": 90,
					"texture": "#0"
				}
			}
		},
		{
			"from": [6, 10, 7.5],
			"to": [10, 16, 9.5],
			"rotation": {
				"angle": -45,
				"axis": "z",
				"origin": [8, 19.5, 9.25]
			},
			"faces": {
				"north": {
					"uv": [10, 11, 15, 15],
					"rotation": 270,
					"texture": "#0"
				},
				"east": {
					"uv": [3, 12, 8, 14],
					"rotation": 90,
					"texture": "#0"
				},
				"south": {
					"uv": [1, 11, 7, 15],
					"rotation": 90,
					"texture": "#0"
				},
				"west": {
					"uv": [2, 11, 7, 13],
					"rotation": 90,
					"texture": "#0"
				},
				"up": { "uv": [3, 9, 5, 13], "rotation": 90, "texture": "#0" },
				"down": {
					"uv": [8, 11, 10, 15],
					"rotation": 90,
					"texture": "#0"
				}
			}
		},
		{
			"from": [6, 8, 8],
			"to": [10, 10, 9],
			"rotation": {
				"angle": -45,
				"axis": "z",
				"origin": [8, 19.5, 9.25]
			},
			"faces": {
				"north": {
					"uv": [8, 11, 10, 15],
					"rotation": 270,
					"texture": "#0"
				},
				"east": {
					"uv": [4, 15, 6, 16],
					"rotation": 90,
					"texture": "#0"
				},
				"south": {
					"uv": [1, 9, 3, 13],
					"rotation": 90,
					"texture": "#0"
				},
				"west": {
					"uv": [2, 9, 4, 10],
					"rotation": 90,
					"texture": "#0"
				},
				"up": { "uv": [3, 9, 4, 13], "rotation": 90, "texture": "#0" },
				"down": {
					"uv": [2, 10, 3, 14],
					"rotation": 90,
					"texture": "#0"
				}
			}
		},
		{
			"from": [10, 9, 8],
			"to": [11, 16, 9],
			"rotation": {
				"angle": -45,
				"axis": "z",
				"origin": [8, 19.5, 9.25]
			},
			"faces": {
				"north": {
					"uv": [2, 11, 9, 12],
					"rotation": 270,
					"texture": "#0"
				},
				"east": {
					"uv": [4, 15, 11, 16],
					"rotation": 90,
					"texture": "#0"
				},
				"south": {
					"uv": [1, 13, 8, 14],
					"rotation": 90,
					"texture": "#0"
				},
				"west": {
					"uv": [2, 9, 9, 10],
					"rotation": 90,
					"texture": "#0"
				},
				"up": { "uv": [3, 9, 4, 10], "rotation": 90, "texture": "#0" },
				"down": {
					"uv": [2, 12, 3, 13],
					"rotation": 90,
					"texture": "#0"
				}
			}
		},
		{
			"from": [5, 9, 8],
			"to": [6, 16, 9],
			"rotation": { "angle": 45, "axis": "z", "origin": [8, 19.5, 9.25] },
			"faces": {
				"north": {
					"uv": [2, 11, 9, 12],
					"rotation": 270,
					"texture": "#0"
				},
				"east": {
					"uv": [4, 15, 11, 16],
					"rotation": 90,
					"texture": "#0"
				},
				"south": {
					"uv": [1, 13, 8, 14],
					"rotation": 90,
					"texture": "#0"
				},
				"west": {
					"uv": [0, 11, 7, 12],
					"rotation": 90,
					"texture": "#0"
				},
				"up": { "uv": [3, 9, 4, 10], "rotation": 90, "texture": "#0" },
				"down": {
					"uv": [2, 12, 3, 13],
					"rotation": 90,
					"texture": "#0"
				}
			}
		},
		{
			"from": [6, 10, 7.5],
			"to": [10, 16, 9.5],
			"rotation": { "angle": 45, "axis": "z", "origin": [8, 19.5, 9.25] },
			"faces": {
				"north": {
					"uv": [10, 11, 15, 15],
					"rotation": 270,
					"texture": "#0"
				},
				"east": {
					"uv": [1, 12, 6, 14],
					"rotation": 90,
					"texture": "#0"
				},
				"south": {
					"uv": [1, 11, 7, 15],
					"rotation": 90,
					"texture": "#0"
				},
				"west": {
					"uv": [2, 11, 7, 13],
					"rotation": 90,
					"texture": "#0"
				},
				"up": { "uv": [3, 9, 5, 13], "rotation": 90, "texture": "#0" },
				"down": {
					"uv": [8, 11, 10, 15],
					"rotation": 90,
					"texture": "#0"
				}
			}
		},
		{
			"from": [6, 8, 8],
			"to": [10, 10, 9],
			"rotation": { "angle": 45, "axis": "z", "origin": [8, 19.5, 9.25] },
			"faces": {
				"north": {
					"uv": [8, 11, 10, 15],
					"rotation": 270,
					"texture": "#0"
				},
				"east": {
					"uv": [4, 15, 6, 16],
					"rotation": 90,
					"texture": "#0"
				},
				"south": {
					"uv": [1, 9, 3, 13],
					"rotation": 90,
					"texture": "#0"
				},
				"west": {
					"uv": [2, 9, 4, 10],
					"rotation": 90,
					"texture": "#0"
				},
				"up": { "uv": [3, 9, 4, 13], "rotation": 90, "texture": "#0" },
				"down": {
					"uv": [2, 10, 3, 14],
					"rotation": 90,
					"texture": "#0"
				}
			}
		},
		{
			"from": [10, 9, 8],
			"to": [11, 16, 9],
			"rotation": { "angle": 45, "axis": "z", "origin": [8, 19.5, 9.25] },
			"faces": {
				"north": {
					"uv": [2, 11, 9, 12],
					"rotation": 270,
					"texture": "#0"
				},
				"east": {
					"uv": [4, 15, 11, 16],
					"rotation": 90,
					"texture": "#0"
				},
				"south": {
					"uv": [1, 13, 8, 14],
					"rotation": 90,
					"texture": "#0"
				},
				"west": {
					"uv": [2, 9, 9, 10],
					"rotation": 90,
					"texture": "#0"
				},
				"up": { "uv": [3, 9, 4, 10], "rotation": 90, "texture": "#0" },
				"down": {
					"uv": [2, 12, 3, 13],
					"rotation": 90,
					"texture": "#0"
				}
			}
		}
	],
	"display": {
		"thirdperson_righthand": {
			"rotation": [0, 180, 0],
			"translation": [0, 5.25, 4.25],
			"scale": [0.6, 0.6, 0.6]
		},
		"thirdperson_lefthand": {
			"rotation": [0, 180, 0],
			"translation": [0, 5.25, 4.25],
			"scale": [0.6, 0.6, 0.6]
		},
		"firstperson_righthand": {
			"rotation": [0, 160, 4],
			"translation": [-3, 1.5, -0.25],
			"scale": [0.5, 0.5, 0.5]
		},
		"firstperson_lefthand": {
			"rotation": [0, 160, 4],
			"translation": [-3, 1.5, -0.25],
			"scale": [0.5, 0.5, 0.5]
		},
		"ground": {
			"rotation": [-90, 0, 0],
			"translation": [0, -1, 3.25]
		},
		"gui": {
			"rotation": [24, -157, 0],
			"translation": [0.5, -3.25, 0],
			"scale": [0.53, 0.53, 0.53]
		},
		"head": {
			"translation": [0, -31.25, -5],
			"scale": [1.6, 1.6, 1.6]
		},
		"fixed": {
			"rotation": [-90, 180, 0],
			"translation": [0, 4.75, -13.5],
			"scale": [1.76, 1.76, 1.76]
		}
	},
	"groups": [
		0,
		1,
		2,
		3,
		4,
		5,
		6,
		7,
		8,
		{
			"name": "group",
			"origin": [8, 8, 8],
			"children": [9, 10, 11, 12, 13, 14, 15, 16]
		},
		{
			"name": "group",
			"origin": [8, 8.5, 8.5],
			"children": [17, 18, 19, 20]
		},
		{
			"name": "group",
			"origin": [8, 8.5, 8.5],
			"children": [21, 22, 23, 24]
		},
		{
			"name": "group",
			"origin": [8, 8.5, 8.5],
			"children": [25, 26, 27, 28]
		},
		{
			"name": "group",
			"origin": [8, 8.5, 8.5],
			"children": [29, 30, 31, 32]
		},
		{
			"name": "group",
			"origin": [8, 8.5, 8.5],
			"children": [33, 34, 35, 36]
		},
		{
			"name": "group",
			"origin": [8, 8.5, 8.5],
			"children": [37, 38, 39, 40]
		}
	]
}
