{"providers": [
    
    {"type": "bitmap","file": "cnp:gui/ui4/time/0.png","ascent": -0,"height": 40,"chars": ["\uF00A"]},

    {"type": "bitmap","file": "cnp:gui/ui4/time/sz/1.png","ascent": -0,"height": 40,"chars": ["\uF001"]},
    {"type": "bitmap","file": "cnp:gui/ui4/time/sz/2.png","ascent": -0,"height": 40,"chars": ["\uF002"]},
    {"type": "bitmap","file": "cnp:gui/ui4/time/sz/3.png","ascent": -0,"height": 40,"chars": ["\uF003"]},
    {"type": "bitmap","file": "cnp:gui/ui4/time/sz/4.png","ascent": -0,"height": 40,"chars": ["\uF004"]},
    {"type": "bitmap","file": "cnp:gui/ui4/time/sz/5.png","ascent": -0,"height": 40,"chars": ["\uF005"]},
    {"type": "bitmap","file": "cnp:gui/ui4/time/sz/6.png","ascent": -0,"height": 40,"chars": ["\uF006"]},
    {"type": "bitmap","file": "cnp:gui/ui4/time/sz/7.png","ascent": -0,"height": 40,"chars": ["\uF007"]},
    {"type": "bitmap","file": "cnp:gui/ui4/time/sz/8.png","ascent": -0,"height": 40,"chars": ["\uF008"]},
    {"type": "bitmap","file": "cnp:gui/ui4/time/sz/9.png","ascent": -0,"height": 40,"chars": ["\uF009"]},
    {"type": "bitmap","file": "cnp:gui/ui4/time/sz/10.png","ascent": -0,"height": 40,"chars": ["\uF010"]},
    {"type": "bitmap","file": "cnp:gui/ui4/time/sz/11.png","ascent": -0,"height": 40,"chars": ["\uF011"]},
    {"type": "bitmap","file": "cnp:gui/ui4/time/sz/12.png","ascent": -0,"height": 40,"chars": ["\uF012"]},
    {"type": "bitmap","file": "cnp:gui/ui4/time/sz/13.png","ascent": -0,"height": 40,"chars": ["\uF013"]},
    {"type": "bitmap","file": "cnp:gui/ui4/time/sz/14.png","ascent": -0,"height": 40,"chars": ["\uF014"]},
    {"type": "bitmap","file": "cnp:gui/ui4/time/sz/15.png","ascent": -0,"height": 40,"chars": ["\uF015"]},
    {"type": "bitmap","file": "cnp:gui/ui4/time/sz/16.png","ascent": -0,"height": 40,"chars": ["\uF016"]},
    {"type": "bitmap","file": "cnp:gui/ui4/time/sz/17.png","ascent": -0,"height": 40,"chars": ["\uF017"]},
    {"type": "bitmap","file": "cnp:gui/ui4/time/sz/18.png","ascent": -0,"height": 40,"chars": ["\uF018"]},
    {"type": "bitmap","file": "cnp:gui/ui4/time/sz/19.png","ascent": -0,"height": 40,"chars": ["\uF019"]},
    {"type": "bitmap","file": "cnp:gui/ui4/time/sz/20.png","ascent": -0,"height": 40,"chars": ["\uF020"]},
    {"type": "bitmap","file": "cnp:gui/ui4/time/sz/21.png","ascent": -0,"height": 40,"chars": ["\uF021"]},
    {"type": "bitmap","file": "cnp:gui/ui4/time/sz/22.png","ascent": -0,"height": 40,"chars": ["\uF022"]},
    {"type": "bitmap","file": "cnp:gui/ui4/time/sz/23.png","ascent": -0,"height": 40,"chars": ["\uF023"]},
    {"type": "bitmap","file": "cnp:gui/ui4/time/sz/24.png","ascent": -0,"height": 40,"chars": ["\uF024"]},
    {"type": "bitmap","file": "cnp:gui/ui4/time/sz/25.png","ascent": -0,"height": 40,"chars": ["\uF025"]},
    {"type": "bitmap","file": "cnp:gui/ui4/time/sz/26.png","ascent": -0,"height": 40,"chars": ["\uF026"]},
    {"type": "bitmap","file": "cnp:gui/ui4/time/sz/27.png","ascent": -0,"height": 40,"chars": ["\uF027"]},
    {"type": "bitmap","file": "cnp:gui/ui4/time/sz/28.png","ascent": -0,"height": 40,"chars": ["\uF028"]},
    {"type": "bitmap","file": "cnp:gui/ui4/time/sz/29.png","ascent": -0,"height": 40,"chars": ["\uF029"]},
    {"type": "bitmap","file": "cnp:gui/ui4/time/sz/30.png","ascent": -0,"height": 40,"chars": ["\uF030"]},
    {"type": "bitmap","file": "cnp:gui/ui4/time/sz/31.png","ascent": -0,"height": 40,"chars": ["\uF031"]},
    {"type": "bitmap","file": "cnp:gui/ui4/time/sz/32.png","ascent": -0,"height": 40,"chars": ["\uF032"]},
    {"type": "bitmap","file": "cnp:gui/ui4/time/sz/33.png","ascent": -0,"height": 40,"chars": ["\uF033"]},
    {"type": "bitmap","file": "cnp:gui/ui4/time/sz/34.png","ascent": -0,"height": 40,"chars": ["\uF034"]},
    {"type": "bitmap","file": "cnp:gui/ui4/time/sz/35.png","ascent": -0,"height": 40,"chars": ["\uF035"]},
    {"type": "bitmap","file": "cnp:gui/ui4/time/sz/36.png","ascent": -0,"height": 40,"chars": ["\uF036"]}

]}