{"providers": [
    {"type": "space","advances": {" ": 4,"\u200c": 0}},

    //技能ui
    {"type": "bitmap","file": "cnp:gui/jsui/gn/0.png","ascent": -36,"height": 28,"chars": ["\uF000"]},
    {"type": "bitmap","file": "cnp:gui/jsui/gn/1.png","ascent": -36,"height": 28,"chars": ["\uF001"]},
    {"type": "bitmap","file": "cnp:gui/jsui/gn/1.1.png","ascent": -36,"height": 28,"chars": ["\uF002"]},
    
    {"type": "bitmap","file": "cnp:gui/jsui/gn/2.png","ascent": -34,"height": 14,"chars": ["\uF003"]},
    {"type": "bitmap","file": "cnp:gui/jsui/gn/3.png","ascent": -45,"height": 14,"chars": ["\uF004"]},
    
    {"type": "bitmap","file": "cnp:gui/jsui/gn/0.1.png","ascent": -36,"height": 28,"chars": ["\uF005"]},

    {"type": "bitmap","file": "cnp:gui/jsui/gn/r.png","ascent": -36,"height": 28,"chars": ["\uF006"]},

    {"type": "bitmap","file": "cnp:gui/jsui/dlc0/1.png","ascent": -42,"height": 15,"chars": ["\uA001"]},
    {"type": "bitmap","file": "cnp:gui/jsui/dlc0/2.png","ascent": -42,"height": 15,"chars": ["\uA002"]},
    {"type": "bitmap","file": "cnp:gui/jsui/dlc0/3.png","ascent": -42,"height": 15,"chars": ["\uA003"]},
    {"type": "bitmap","file": "cnp:gui/jsui/dlc0/4.png","ascent": -42,"height": 15,"chars": ["\uA004"]},
    {"type": "bitmap","file": "cnp:gui/jsui/dlc0/5.png","ascent": -42,"height": 15,"chars": ["\uA005"]},
    {"type": "bitmap","file": "cnp:gui/jsui/dlc0/6.png","ascent": -42,"height": 15,"chars": ["\uA006"]},
    {"type": "bitmap","file": "cnp:gui/jsui/dlc0/7.png","ascent": -42,"height": 15,"chars": ["\uA007"]},
    {"type": "bitmap","file": "cnp:gui/jsui/dlc0/8.png","ascent": -42,"height": 15,"chars": ["\uA008"]},
    {"type": "bitmap","file": "cnp:gui/jsui/dlc0/9.png","ascent": -42,"height": 15,"chars": ["\uA009"]},
    {"type": "bitmap","file": "cnp:gui/jsui/dlc0/10.png","ascent": -42,"height": 15,"chars": ["\uA010"]},
    {"type": "bitmap","file": "cnp:gui/jsui/dlc0/11.png","ascent": -42,"height": 15,"chars": ["\uA011"]},
    {"type": "bitmap","file": "cnp:gui/jsui/dlc0/12.png","ascent": -42,"height": 15,"chars": ["\uA012"]},
    {"type": "bitmap","file": "cnp:gui/jsui/dlc0/13.png","ascent": -42,"height": 15,"chars": ["\uA013"]},
    {"type": "bitmap","file": "cnp:gui/jsui/dlc0/14.png","ascent": -42,"height": 15,"chars": ["\uA014"]},
    {"type": "bitmap","file": "cnp:gui/jsui/dlc0/15.png","ascent": -42,"height": 15,"chars": ["\uA015"]},
    {"type": "bitmap","file": "cnp:gui/jsui/dlc0/16.png","ascent": -42,"height": 15,"chars": ["\uA016"]},
    {"type": "bitmap","file": "cnp:gui/jsui/dlc0/17.png","ascent": -42,"height": 15,"chars": ["\uA017"]},
    {"type": "bitmap","file": "cnp:gui/jsui/dlc0/18.png","ascent": -42,"height": 15,"chars": ["\uA018"]},
    {"type": "bitmap","file": "cnp:gui/jsui/dlc0/19.png","ascent": -42,"height": 15,"chars": ["\uA019"]},
    {"type": "bitmap","file": "cnp:gui/jsui/dlc0/20.png","ascent": -42,"height": 15,"chars": ["\uA020"]},
    {"type": "bitmap","file": "cnp:gui/jsui/dlc0/21.png","ascent": -42,"height": 15,"chars": ["\uA021"]},
    {"type": "bitmap","file": "cnp:gui/jsui/dlc0/22.png","ascent": -42,"height": 15,"chars": ["\uA022"]},
    {"type": "bitmap","file": "cnp:gui/jsui/dlc0/23.png","ascent": -42,"height": 15,"chars": ["\uA023"]},
    {"type": "bitmap","file": "cnp:gui/jsui/dlc0/24.png","ascent": -42,"height": 15,"chars": ["\uA024"]},
    {"type": "bitmap","file": "cnp:gui/jsui/dlc0/25.png","ascent": -42,"height": 15,"chars": ["\uA025"]},
    {"type": "bitmap","file": "cnp:gui/jsui/dlc0/26.png","ascent": -42,"height": 15,"chars": ["\uA026"]},
    {"type": "bitmap","file": "cnp:gui/jsui/dlc0/27.png","ascent": -42,"height": 15,"chars": ["\uA027"]},
    {"type": "bitmap","file": "cnp:gui/jsui/dlc0/28.png","ascent": -42,"height": 15,"chars": ["\uA028"]},
    {"type": "bitmap","file": "cnp:gui/jsui/dlc0/29.png","ascent": -42,"height": 15,"chars": ["\uA029"]},
    {"type": "bitmap","file": "cnp:gui/jsui/dlc0/30.png","ascent": -42,"height": 15,"chars": ["\uA030"]},
    {"type": "bitmap","file": "cnp:gui/jsui/dlc0/31.png","ascent": -42,"height": 15,"chars": ["\uA031"]},
    {"type": "bitmap","file": "cnp:gui/jsui/dlc0/32.png","ascent": -42,"height": 15,"chars": ["\uA032"]},
    {"type": "bitmap","file": "cnp:gui/jsui/dlc0/33.png","ascent": -42,"height": 15,"chars": ["\uA033"]},
    {"type": "bitmap","file": "cnp:gui/jsui/dlc0/34.png","ascent": -42,"height": 15,"chars": ["\uA034"]},
    {"type": "bitmap","file": "cnp:gui/jsui/dlc0/35.png","ascent": -42,"height": 15,"chars": ["\uA035"]},
    {"type": "bitmap","file": "cnp:gui/jsui/dlc0/36.png","ascent": -42,"height": 15,"chars": ["\uA036"]},
    {"type": "bitmap","file": "cnp:gui/jsui/dlc0/37.png","ascent": -42,"height": 15,"chars": ["\uA037"]},
    {"type": "bitmap","file": "cnp:gui/jsui/dlc0/38.png","ascent": -42,"height": 15,"chars": ["\uA038"]},
    {"type": "bitmap","file": "cnp:gui/jsui/dlc0/39.png","ascent": -42,"height": 15,"chars": ["\uA039"]},
    {"type": "bitmap","file": "cnp:gui/jsui/dlc0/40.png","ascent": -42,"height": 15,"chars": ["\uA040"]},
    {"type": "bitmap","file": "cnp:gui/jsui/dlc0/41.png","ascent": -42,"height": 15,"chars": ["\uA041"]},
    {"type": "bitmap","file": "cnp:gui/jsui/dlc0/42.png","ascent": -42,"height": 15,"chars": ["\uA042"]},
    {"type": "bitmap","file": "cnp:gui/jsui/dlc0/43.png","ascent": -42,"height": 15,"chars": ["\uA043"]},
    {"type": "bitmap","file": "cnp:gui/jsui/dlc0/44.png","ascent": -42,"height": 15,"chars": ["\uA044"]},
    {"type": "bitmap","file": "cnp:gui/jsui/dlc0/45.png","ascent": -42,"height": 15,"chars": ["\uA045"]},
    {"type": "bitmap","file": "cnp:gui/jsui/dlc0/46.png","ascent": -42,"height": 15,"chars": ["\uA046"]},
    {"type": "bitmap","file": "cnp:gui/jsui/dlc0/47.png","ascent": -42,"height": 15,"chars": ["\uA047"]},
    {"type": "bitmap","file": "cnp:gui/jsui/dlc0/48.png","ascent": -42,"height": 15,"chars": ["\uA048"]},
    {"type": "bitmap","file": "cnp:gui/jsui/dlc0/49.png","ascent": -42,"height": 15,"chars": ["\uA049"]},
    {"type": "bitmap","file": "cnp:gui/jsui/dlc0/50.png","ascent": -42,"height": 15,"chars": ["\uA050"]},
    {"type": "bitmap","file": "cnp:gui/jsui/dlc0/51.png","ascent": -42,"height": 15,"chars": ["\uA051"]},
    {"type": "bitmap","file": "cnp:gui/jsui/dlc0/52.png","ascent": -42,"height": 15,"chars": ["\uA052"]},
    {"type": "bitmap","file": "cnp:gui/jsui/dlc0/53.png","ascent": -42,"height": 15,"chars": ["\uA053"]},
    {"type": "bitmap","file": "cnp:gui/jsui/dlc0/54.png","ascent": -42,"height": 15,"chars": ["\uA054"]},
    {"type": "bitmap","file": "cnp:gui/jsui/dlc0/55.png","ascent": -42,"height": 15,"chars": ["\uA055"]},
    {"type": "bitmap","file": "cnp:gui/jsui/dlc0/56.png","ascent": -42,"height": 15,"chars": ["\uA056"]},
    {"type": "bitmap","file": "cnp:gui/jsui/dlc0/57.png","ascent": -42,"height": 15,"chars": ["\uA057"]},
    {"type": "bitmap","file": "cnp:gui/jsui/dlc0/58.png","ascent": -42,"height": 15,"chars": ["\uA058"]},
    {"type": "bitmap","file": "cnp:gui/jsui/dlc0/59.png","ascent": -42,"height": 15,"chars": ["\uA059"]},
    {"type": "bitmap","file": "cnp:gui/jsui/dlc0/60.png","ascent": -42,"height": 15,"chars": ["\uA060"]},
    {"type": "bitmap","file": "cnp:gui/jsui/dlc0/61.png","ascent": -42,"height": 15,"chars": ["\uA061"]},
    {"type": "bitmap","file": "cnp:gui/jsui/dlc0/62.png","ascent": -42,"height": 15,"chars": ["\uA062"]},
    {"type": "bitmap","file": "cnp:gui/jsui/dlc0/63.png","ascent": -42,"height": 15,"chars": ["\uA063"]},
    {"type": "bitmap","file": "cnp:gui/jsui/dlc0/64.png","ascent": -42,"height": 15,"chars": ["\uA064"]},
    {"type": "bitmap","file": "cnp:gui/jsui/dlc0/65.png","ascent": -42,"height": 15,"chars": ["\uA065"]},
    {"type": "bitmap","file": "cnp:gui/jsui/dlc0/66.png","ascent": -42,"height": 15,"chars": ["\uA066"]},
    {"type": "bitmap","file": "cnp:gui/jsui/dlc0/67.png","ascent": -42,"height": 15,"chars": ["\uA067"]},
    {"type": "bitmap","file": "cnp:gui/jsui/dlc0/68.png","ascent": -42,"height": 15,"chars": ["\uA068"]},
    {"type": "bitmap","file": "cnp:gui/jsui/dlc0/69.png","ascent": -42,"height": 15,"chars": ["\uA069"]},
    {"type": "bitmap","file": "cnp:gui/jsui/dlc0/70.png","ascent": -42,"height": 15,"chars": ["\uA070"]},
    {"type": "bitmap","file": "cnp:gui/jsui/dlc0/71.png","ascent": -42,"height": 15,"chars": ["\uA071"]},
    {"type": "bitmap","file": "cnp:gui/jsui/dlc0/72.png","ascent": -42,"height": 15,"chars": ["\uA072"]},



{"type": "bitmap","file": "cnp:gui/jsui/gn/r.png","ascent": -42,"height": 15,"chars": ["\uE00A"]}

]
}