{"providers": [
    {"type": "bitmap","file": "cnp:gui/ui2/zx/cd/1.png","ascent": 44,"height": 65,"chars": ["\uF001"]},
    {"type": "bitmap","file": "cnp:gui/ui2/zx/cd/2.png","ascent": 44,"height": 65,"chars": ["\uF002"]},
    {"type": "bitmap","file": "cnp:gui/ui2/zx/cd/3.png","ascent": 44,"height": 65,"chars": ["\uF003"]},
    {"type": "bitmap","file": "cnp:gui/ui2/zx/cd/4.png","ascent": 44,"height": 65,"chars": ["\uF004"]},
    {"type": "bitmap","file": "cnp:gui/ui2/zx/cd/5.png","ascent": 44,"height": 65,"chars": ["\uF005"]},
    {"type": "bitmap","file": "cnp:gui/ui2/zx/cd/6.png","ascent": 44,"height": 65,"chars": ["\uF006"]},
    {"type": "bitmap","file": "cnp:gui/ui2/zx/cd/7.png","ascent": 44,"height": 65,"chars": ["\uF007"]},
    {"type": "bitmap","file": "cnp:gui/ui2/zx/cd/8.png","ascent": 44,"height": 65,"chars": ["\uF008"]},
    {"type": "bitmap","file": "cnp:gui/ui2/zx/cd/9.png","ascent": 44,"height": 65,"chars": ["\uF009"]},
    {"type": "bitmap","file": "cnp:gui/ui2/zx/cd/10.png","ascent": 44,"height": 65,"chars": ["\uF010"]},
    {"type": "bitmap","file": "cnp:gui/ui2/zx/cd/11.png","ascent": 44,"height": 65,"chars": ["\uF011"]},
    {"type": "bitmap","file": "cnp:gui/ui2/zx/cd/12.png","ascent": 44,"height": 65,"chars": ["\uF012"]},
    {"type": "bitmap","file": "cnp:gui/ui2/zx/cd/13.png","ascent": 44,"height": 65,"chars": ["\uF013"]},
    {"type": "bitmap","file": "cnp:gui/ui2/zx/cd/14.png","ascent": 44,"height": 65,"chars": ["\uF014"]},
    {"type": "bitmap","file": "cnp:gui/ui2/zx/cd/15.png","ascent": 44,"height": 65,"chars": ["\uF015"]},
    {"type": "bitmap","file": "cnp:gui/ui2/zx/cd/16.png","ascent": 44,"height": 65,"chars": ["\uF016"]},
    {"type": "bitmap","file": "cnp:gui/ui2/zx/cd/17.png","ascent": 44,"height": 65,"chars": ["\uF017"]},
    {"type": "bitmap","file": "cnp:gui/ui2/zx/cd/18.png","ascent": 44,"height": 65,"chars": ["\uF018"]},
    {"type": "bitmap","file": "cnp:gui/ui2/zx/cd/19.png","ascent": 44,"height": 65,"chars": ["\uF019"]},
    {"type": "bitmap","file": "cnp:gui/ui2/zx/cd/20.png","ascent": 44,"height": 65,"chars": ["\uF020"]},
    {"type": "bitmap","file": "cnp:gui/ui2/zx/cd/21.png","ascent": 44,"height": 65,"chars": ["\uF021"]},
    {"type": "bitmap","file": "cnp:gui/ui2/zx/cd/22.png","ascent": 44,"height": 65,"chars": ["\uF022"]},
    {"type": "bitmap","file": "cnp:gui/ui2/zx/cd/23.png","ascent": 44,"height": 65,"chars": ["\uF023"]},
    {"type": "bitmap","file": "cnp:gui/ui2/zx/cd/24.png","ascent": 44,"height": 65,"chars": ["\uF024"]},
    {"type": "bitmap","file": "cnp:gui/ui2/zx/cd/25.png","ascent": 44,"height": 65,"chars": ["\uF025"]},
    {"type": "bitmap","file": "cnp:gui/ui2/zx/cd/26.png","ascent": 44,"height": 65,"chars": ["\uF026"]},
    {"type": "bitmap","file": "cnp:gui/ui2/zx/cd/27.png","ascent": 44,"height": 65,"chars": ["\uF027"]},
    {"type": "bitmap","file": "cnp:gui/ui2/zx/cd/28.png","ascent": 44,"height": 65,"chars": ["\uF028"]},
    {"type": "bitmap","file": "cnp:gui/ui2/zx/cd/29.png","ascent": 44,"height": 65,"chars": ["\uF029"]},
    {"type": "bitmap","file": "cnp:gui/ui2/zx/cd/30.png","ascent": 44,"height": 65,"chars": ["\uF030"]},
    {"type": "bitmap","file": "cnp:gui/ui2/zx/cd/31.png","ascent": 44,"height": 65,"chars": ["\uF031"]},
    {"type": "bitmap","file": "cnp:gui/ui2/zx/cd/32.png","ascent": 44,"height": 65,"chars": ["\uF032"]},
    {"type": "bitmap","file": "cnp:gui/ui2/zx/cd/33.png","ascent": 44,"height": 65,"chars": ["\uF033"]},
    {"type": "bitmap","file": "cnp:gui/ui2/zx/cd/34.png","ascent": 44,"height": 65,"chars": ["\uF034"]},
    {"type": "bitmap","file": "cnp:gui/ui2/zx/cd/35.png","ascent": 44,"height": 65,"chars": ["\uF035"]},
    {"type": "bitmap","file": "cnp:gui/ui2/zx/cd/36.png","ascent": 44,"height": 65,"chars": ["\uF036"]}

]}