{"providers": [

    {"type": "bitmap","file": "space:font/space_split.png","ascent": -32768,"height": -3,"chars": ["\uF801"]},
    {"type": "bitmap","file": "space:font/space_split.png","ascent": -32768,"height": -4,"chars": ["\uF802"]},
    {"type": "bitmap","file": "space:font/space_split.png","ascent": -32768,"height": -5,"chars": ["\uF803"]},
    {"type": "bitmap","file": "space:font/space_split.png","ascent": -32768,"height": -6,"chars": ["\uF804"]},
    {"type": "bitmap","file": "space:font/space_split.png","ascent": -32768,"height": -7,"chars": ["\uF805"]},
    {"type": "bitmap","file": "space:font/space_split.png","ascent": -32768,"height": -8,"chars": ["\uF806"]},
    {"type": "bitmap","file": "space:font/space_split.png","ascent": -32768,"height": -9,"chars": ["\uF807"]},
    {"type": "bitmap","file": "space:font/space_split.png","ascent": -32768,"height": -10,"chars": ["\uF808"]},
    {"type": "bitmap","file": "space:font/space_split.png","ascent": -32768,"height": -18,"chars": ["\uF809"]},
    {"type": "bitmap","file": "space:font/space_split.png","ascent": -32768,"height": -30,"chars": ["\uF80A"]},
    {"type": "bitmap","file": "space:font/space_split.png","ascent": -32768,"height": -66,"chars": ["\uF80B"]},
    {"type": "bitmap","file": "space:font/space_split.png","ascent": -32768,"height": -130,"chars": ["\uF80C"]},
    {"type": "bitmap","file": "space:font/space_split.png","ascent": -32768,"height": -258,"chars": ["\uF80D"]},
    {"type": "bitmap","file": "space:font/space_split.png","ascent": -32768,"height": -514,"chars": ["\uF80E"]},
    {"type": "bitmap","file": "space:font/space_split.png","ascent": -32768,"height": -1026,"chars": ["\uF80F"]},
    {"type": "bitmap","file": "space:font/space_split.png","ascent": -65536,"height": -32770,"chars": ["\uF800"]},
    {"type": "bitmap","file": "space:font/space_split.png","ascent": -32768,"height": 0,"chars": ["\uF821"]},
    {"type": "bitmap","file": "space:font/space_split.png","ascent": -32768,"height": 1,"chars": ["\uF822"]},
    {"type": "bitmap","file": "space:font/space_split.png","ascent": -32768,"height": 2,"chars": ["\uF823"]},
    {"type": "bitmap","file": "space:font/space_split.png","ascent": -32768,"height": 3,"chars": ["\uF824"]},
    {"type": "bitmap","file": "space:font/space_split.png","ascent": -32768,"height": 4,"chars": ["\uF825"]},
    {"type": "bitmap","file": "space:font/space_split.png","ascent": -32768,"height": 5,"chars": ["\uF826"]},
    {"type": "bitmap","file": "space:font/space_split.png","ascent": -32768,"height": 6,"chars": ["\uF827"]},
    {"type": "bitmap","file": "space:font/space_split.png","ascent": -32768,"height": 7,"chars": ["\uF828"]},
    {"type": "bitmap","file": "space:font/space_split.png","ascent": -32768,"height": 15,"chars": ["\uF829"]},
    {"type": "bitmap","file": "space:font/space_split.png","ascent": -32768,"height": 31,"chars": ["\uF82A"]},
    {"type": "bitmap","file": "space:font/space_split.png","ascent": -32768,"height": 63,"chars": ["\uF82B"]},
    {"type": "bitmap","file": "space:font/space_split.png","ascent": -32768,"height": 127,"chars": ["\uF82C"]},
    {"type": "bitmap","file": "space:font/space_split.png","ascent": -32768,"height": 255,"chars": ["\uF82D"]},
    {"type": "bitmap","file": "space:font/space_split.png","ascent": -32768,"height": 511,"chars": ["\uF82E"]},
    {"type": "bitmap","file": "space:font/space_split.png","ascent": -32768,"height": 1023,"chars": ["\uF82F"]},
    {"type": "bitmap","file": "space:font/space_split.png","ascent": -65536,"height": 32767,"chars": ["\uF820"]},
    {"type": "bitmap","file": "space:font/space_nosplit.png","ascent": -32768,"height": -3,"chars": ["\uF811"]},
    {"type": "bitmap","file": "space:font/space_nosplit.png","ascent": -32768,"height": -4,"chars": ["\uF812"]},
    {"type": "bitmap","file": "space:font/space_nosplit.png","ascent": -32768,"height": -5,"chars": ["\uF813"]},
    {"type": "bitmap","file": "space:font/space_nosplit.png","ascent": -32768,"height": -6,"chars": ["\uF814"]},
    {"type": "bitmap","file": "space:font/space_nosplit.png","ascent": -32768,"height": -7,"chars": ["\uF815"]},
    {"type": "bitmap","file": "space:font/space_nosplit.png","ascent": -32768,"height": -8,"chars": ["\uF816"]},
    {"type": "bitmap","file": "space:font/space_nosplit.png","ascent": -32768,"height": -9,"chars": ["\uF817"]},
    {"type": "bitmap","file": "space:font/space_nosplit.png","ascent": -32768,"height": -10,"chars": ["\uF818"]},
    {"type": "bitmap","file": "space:font/space_nosplit.png","ascent": -32768,"height": -18,"chars": ["\uF819"]},
    {"type": "bitmap","file": "space:font/space_nosplit.png","ascent": -32768,"height": -30,"chars": ["\uF81A"]},
    {"type": "bitmap","file": "space:font/space_nosplit.png","ascent": -32768,"height": -66,"chars": ["\uF81B"]},
    {"type": "bitmap","file": "space:font/space_nosplit.png","ascent": -32768,"height": -130,"chars": ["\uF81C"]},
    {"type": "bitmap","file": "space:font/space_nosplit.png","ascent": -32768,"height": -258,"chars": ["\uF81D"]},
    {"type": "bitmap","file": "space:font/space_nosplit.png","ascent": -32768,"height": -514,"chars": ["\uF81E"]},
    {"type": "bitmap","file": "space:font/space_nosplit.png","ascent": -32768,"height": -1026,"chars": ["\uF81F"]},
    {"type": "bitmap","file": "space:font/space_nosplit.png","ascent": -65536,"height": -32770,"chars": ["\uF810"]},
    {"type": "bitmap","file": "space:font/space_nosplit.png","ascent": -32768,"height": 0,"chars": ["\uF831"]},
    {"type": "bitmap","file": "space:font/space_nosplit.png","ascent": -32768,"height": 1,"chars": ["\uF832"]},
    {"type": "bitmap","file": "space:font/space_nosplit.png","ascent": -32768,"height": 2,"chars": ["\uF833"]},
    {"type": "bitmap","file": "space:font/space_nosplit.png","ascent": -32768,"height": 3,"chars": ["\uF834"]},
    {"type": "bitmap","file": "space:font/space_nosplit.png","ascent": -32768,"height": 4,"chars": ["\uF835"]},
    {"type": "bitmap","file": "space:font/space_nosplit.png","ascent": -32768,"height": 5,"chars": ["\uF836"]},
    {"type": "bitmap","file": "space:font/space_nosplit.png","ascent": -32768,"height": 6,"chars": ["\uF837"]},
    {"type": "bitmap","file": "space:font/space_nosplit.png","ascent": -32768,"height": 7,"chars": ["\uF838"]},
    {"type": "bitmap","file": "space:font/space_nosplit.png","ascent": -32768,"height": 15,"chars": ["\uF839"]},
    {"type": "bitmap","file": "space:font/space_nosplit.png","ascent": -32768,"height": 31,"chars": ["\uF83A"]},
    {"type": "bitmap","file": "space:font/space_nosplit.png","ascent": -32768,"height": 63,"chars": ["\uF83B"]},
    {"type": "bitmap","file": "space:font/space_nosplit.png","ascent": -32768,"height": 127,"chars": ["\uF83C"]},
    {"type": "bitmap","file": "space:font/space_nosplit.png","ascent": -32768,"height": 255,"chars": ["\uF83D"]},
    {"type": "bitmap","file": "space:font/space_nosplit.png","ascent": -32768,"height": 511,"chars": ["\uF83E"]},
    {"type": "bitmap","file": "space:font/space_nosplit.png","ascent": -32768,"height": 1023,"chars": ["\uF83F"]},
    {"type": "bitmap","file": "space:font/space_nosplit.png","ascent": -65536,"height": 32767,"chars": ["\uF830"]},

//??
{"type": "space","advances": {" ": 4,"\u200c": 0}},
{"type": "bitmap","file": "space:font/space_nosplit.png","ascent": -32768,"height": -6,"chars": [","]},


{"type": "bitmap","file": "cnp:gui/ui2/tx/ty/test.png","ascent": 50,"height": 104,"chars": ["\uEfc0"]},

//特效

{"type": "bitmap","file": "cnp:gui/ui2/tx/ty/white.png","ascent": 50,"height": 104,"chars": ["\uEfc1"]},
{"type": "bitmap","file": "cnp:gui/ui2/tx/ty/sj1.png","ascent": 50,"height": 104,"chars": ["\uEfc2"]},
{"type": "bitmap","file": "cnp:gui/ui2/tx/ty/90tmd.png","ascent": 50,"height": 104,"chars": ["\uEfe9"]},
{"type": "bitmap","file": "cnp:gui/ui2/tx/ty/80tmd.png","ascent": 50,"height": 104,"chars": ["\uEfe8"]},
{"type": "bitmap","file": "cnp:gui/ui2/tx/ty/70tmd.png","ascent": 50,"height": 104,"chars": ["\uEfe7"]},
{"type": "bitmap","file": "cnp:gui/ui2/tx/ty/60tmd.png","ascent": 50,"height": 104,"chars": ["\uEfe6"]},
{"type": "bitmap","file": "cnp:gui/ui2/tx/ty/50tmd.png","ascent": 50,"height": 104,"chars": ["\uEfe5"]},
{"type": "bitmap","file": "cnp:gui/ui2/tx/ty/40tmd.png","ascent": 50,"height": 104,"chars": ["\uEfe4"]},
{"type": "bitmap","file": "cnp:gui/ui2/tx/ty/30tmd.png","ascent": 50,"height": 104,"chars": ["\uEfe3"]},
{"type": "bitmap","file": "cnp:gui/ui2/tx/ty/20tmd.png","ascent": 50,"height": 104,"chars": ["\uEfe2"]},
{"type": "bitmap","file": "cnp:gui/ui2/tx/ty/10tmd.png","ascent": 50,"height": 104,"chars": ["\uEfe1"]},

//
{"type": "bitmap","file": "cnp:gui/ui2/tx/ty/pr/1.png","ascent": 50,"height": 104,"chars": ["\uEfd1"]},
{"type": "bitmap","file": "cnp:gui/ui2/tx/ty/pr/2.png","ascent": 50,"height": 104,"chars": ["\uEfd2"]},
{"type": "bitmap","file": "cnp:gui/ui2/tx/ty/pr/3.png","ascent": 50,"height": 104,"chars": ["\uEfd3"]},
{"type": "bitmap","file": "cnp:gui/ui2/tx/ty/pr/4.png","ascent": 50,"height": 104,"chars": ["\uEfd4"]},


    
//方向
    {"type": "bitmap","file": "cnp:gui/ui2/tx/fx/l1.png","ascent": 50,"height": 104,"chars": ["\uF001"]},
    {"type": "bitmap","file": "cnp:gui/ui2/tx/fx/l2.png","ascent": 50,"height": 104,"chars": ["\uF002"]},
    {"type": "bitmap","file": "cnp:gui/ui2/tx/fx/l3.png","ascent": 50,"height": 104,"chars": ["\uF003"]},
    {"type": "bitmap","file": "cnp:gui/ui2/tx/fx/r1.png","ascent": 50,"height": 104,"chars": ["\uF004"]},
    {"type": "bitmap","file": "cnp:gui/ui2/tx/fx/r2.png","ascent": 50,"height": 104,"chars": ["\uF005"]},
    {"type": "bitmap","file": "cnp:gui/ui2/tx/fx/r3.png","ascent": 50,"height": 104,"chars": ["\uF006"]},
    {"type": "bitmap","file": "cnp:gui/ui2/tx/fx/u1.png","ascent": 50,"height": 104,"chars": ["\uF00A"]},
    {"type": "bitmap","file": "cnp:gui/ui2/tx/fx/u2.png","ascent": 50,"height": 104,"chars": ["\uF00B"]},
    {"type": "bitmap","file": "cnp:gui/ui2/tx/fx/u3.png","ascent": 50,"height": 104,"chars": ["\uF00C"]},
    {"type": "bitmap","file": "cnp:gui/ui2/tx/fx/d1.png","ascent": 50,"height": 104,"chars": ["\uF00D"]},
    {"type": "bitmap","file": "cnp:gui/ui2/tx/fx/d2.png","ascent": 50,"height": 104,"chars": ["\uF00E"]},
    {"type": "bitmap","file": "cnp:gui/ui2/tx/fx/d3.png","ascent": 50,"height": 104,"chars": ["\uF00F"]},
    

//效果
{"type": "bitmap","file": "cnp:gui/ui2/tx/gn/1.png","ascent": 18,"height": 30,"chars": ["\uE001"]},
{"type": "bitmap","file": "cnp:gui/ui2/tx/gn/2.png","ascent": 14,"height": 30,"chars": ["\uE002"]},



//角色屏幕特效
{"type": "bitmap","file": "cnp:gui/ui2/tx/1/1.png","ascent": 50,"height": 104,"chars": ["\uA000"]},
{"type": "bitmap","file": "cnp:gui/ui2/tx/1/2.png","ascent": 50,"height": 104,"chars": ["\uA001"]},
{"type": "bitmap","file": "cnp:gui/ui2/tx/1/3.png","ascent": 50,"height": 104,"chars": ["\uA002"]},
{"type": "bitmap","file": "cnp:gui/ui2/tx/1/4.png","ascent": 50,"height": 104,"chars": ["\uA003"]},
{"type": "bitmap","file": "cnp:gui/ui2/tx/1/5.png","ascent": 50,"height": 104,"chars": ["\uA004"]},
{"type": "bitmap","file": "cnp:gui/ui2/tx/1/6.png","ascent": 50,"height": 104,"chars": ["\uA005"]},
{"type": "bitmap","file": "cnp:gui/ui2/tx/1/7.png","ascent": 50,"height": 104,"chars": ["\uA006"]},
{"type": "bitmap","file": "cnp:gui/ui2/tx/1/8.png","ascent": 50,"height": 104,"chars": ["\uA007"]},
{"type": "bitmap","file": "cnp:gui/ui2/tx/1/9.png","ascent": 50,"height": 104,"chars": ["\uA008"]},
{"type": "bitmap","file": "cnp:gui/ui2/tx/1/10.png","ascent": 50,"height": 104,"chars": ["\uA009"]}

]}