{"providers": [


//特效字大小设定 小号20 中号40 大号60 超大号80

    //通用部分
{"type": "bitmap","file": "cnp:txz/ty/ts.png","ascent": 20,"height": 40,"chars": ["\uB00A"]},
{"type": "bitmap","file": "cnp:txz/gj/1.png","ascent": 20,"height": 40,"chars": ["\uB000"]},

{"type": "bitmap","file": "cnp:txz/ty/da.png","ascent": 10,"height": 20,"chars": ["\uB001"]},
{"type": "bitmap","file": "cnp:txz/ty/basha.png","ascent": 10,"height": 20,"chars": ["\uB002"]},

{"type": "bitmap","file": "cnp:txz/ty/suto.png","ascent": 15,"height": 30,"chars": ["\uB003"]},
{"type": "bitmap","file": "cnp:txz/ty/zan.png","ascent": 20,"height": 40,"chars": ["\uB004"]},

{"type": "bitmap","file": "cnp:txz/ty/gashaaan.png","ascent": 40,"height": 80,"chars": ["\uB005"]},
{"type": "bitmap","file": "cnp:txz/ty/gachari.png","ascent": 30,"height": 60,"chars": ["\uB006"]},
{"type": "bitmap","file": "cnp:txz/ty/badam.png","ascent": 30,"height": 60,"chars": ["\uB007"]},
{"type": "bitmap","file": "cnp:txz/ty/dosaaa.png","ascent": 40,"height": 80,"chars": ["\uB008"]},

//特效部分大小自定
{"type": "bitmap","file": "cnp:txz/ty/tx/1.png","ascent": 60,"height": 120,"chars": ["\uF001"]},
{"type": "bitmap","file": "cnp:txz/ty/tx/2.png","ascent": 60,"height": 120,"chars": ["\uF002"]},
{"type": "bitmap","file": "cnp:txz/ty/tx/2.png","ascent": 40,"height": 80,"chars": ["\uF003"]},

//普攻

//拳头
{"type": "bitmap","file": "cnp:txz/gj/go.png","ascent": 10,"height": 20,"chars": ["\uB100"]},
{"type": "bitmap","file": "cnp:txz/gj/1.png","ascent": 10,"height": 20,"chars": ["\uB101"]},

//剑刺
{"type": "bitmap","file": "cnp:txz/gj/2.png","ascent": 10,"height": 20,"chars": ["\uB102"]},

//拉链拳
{"type": "bitmap","file": "cnp:txz/gj/3.png","ascent": 10,"height": 20,"chars": ["\uB103"]},

//丝线拳
{"type": "bitmap","file": "cnp:txz/gj/4.png","ascent": 10,"height": 20,"chars": ["\uB104"]},

//笔
{"type": "bitmap","file": "cnp:txz/gj/5.png","ascent": 10,"height": 20,"chars": ["\uB105"]},

//回音
{"type": "bitmap","file": "cnp:txz/gj/6.png","ascent": 10,"height": 20,"chars": ["\uB106"]},

//射击
{"type": "bitmap","file": "cnp:txz/gj/7.png","ascent": 10,"height": 20,"chars": ["\uB107"]},
{"type": "bitmap","file": "cnp:txz/gj/8.png","ascent": 10,"height": 20,"chars": ["\uB108"]},
{"type": "bitmap","file": "cnp:txz/dlc0/19/1.png","ascent": 10,"height": 20,"chars": ["\uB109"]},
{"type": "bitmap","file": "cnp:txz/gj/10.png","ascent": 10,"height": 20,"chars": ["\uB110"]},

//角色音效
{"type": "bitmap","file": "cnp:txz/dlc0/1/2.png","ascent": 10,"height": 20,"chars": ["\uC001"]},
{"type": "bitmap","file": "cnp:txz/dlc0/1/3.png","ascent": 40,"height": 80,"chars": ["\uC002"]},

{"type": "bitmap","file": "cnp:txz/dlc0/2/2.png","ascent": 40,"height": 80,"chars": ["\uC003"]},

{"type": "bitmap","file": "cnp:txz/dlc0/3/3.png","ascent": 40,"height": 80,"chars": ["\uC004"]},

{"type": "bitmap","file": "cnp:txz/dlc0/4/2.png","ascent": 40,"height": 80,"chars": ["\uC005"]},
{"type": "bitmap","file": "cnp:txz/dlc0/4/3.png","ascent": 40,"height": 80,"chars": ["\uC006"]},

{"type": "bitmap","file": "cnp:txz/dlc0/5/2.1.png","ascent": 30,"height": 60,"chars": ["\uC007"]},
{"type": "bitmap","file": "cnp:txz/dlc0/5/2.2.png","ascent": 20,"height": 40,"chars": ["\uC008"]},
{"type": "bitmap","file": "cnp:txz/dlc0/5/2.3.png","ascent": 10,"height": 20,"chars": ["\uC009"]},
{"type": "bitmap","file": "cnp:txz/dlc0/5/3.1.png","ascent": 40,"height": 80,"chars": ["\uC010"]},
{"type": "bitmap","file": "cnp:txz/dlc0/5/3.2.png","ascent": 20,"height": 40,"chars": ["\uC011"]},
{"type": "bitmap","file": "cnp:txz/dlc0/5/3.3.png","ascent": 10,"height": 20,"chars": ["\uC012"]},

{"type": "bitmap","file": "cnp:txz/dlc0/6/2.1.png","ascent": 20,"height": 40,"chars": ["\uC013"]},
{"type": "bitmap","file": "cnp:txz/dlc0/6/2.2.png","ascent": 30,"height": 60,"chars": ["\uC014"]},
{"type": "bitmap","file": "cnp:txz/dlc0/6/3.png","ascent": 40,"height": 80,"chars": ["\uC015"]},

{"type": "bitmap","file": "cnp:txz/dlc0/7/2.png","ascent": 40,"height": 80,"chars": ["\uC016"]},
{"type": "bitmap","file": "cnp:txz/dlc0/7/3.png","ascent": 40,"height": 80,"chars": ["\uC017"]},
{"type": "bitmap","file": "cnp:txz/dlc0/7/3.1.png","ascent": 10,"height": 20,"chars": ["\uC018"]},

{"type": "bitmap","file": "cnp:txz/dlc0/8/2.png","ascent": 25,"height": 50,"chars": ["\uC019"]},
{"type": "bitmap","file": "cnp:txz/dlc0/8/3.1.png","ascent": 20,"height": 40,"chars": ["\uC020"]},
{"type": "bitmap","file": "cnp:txz/dlc0/8/3.2.png","ascent": 20,"height": 40,"chars": ["\uC021"]},
{"type": "bitmap","file": "cnp:txz/dlc0/8/3.3.png","ascent":40,"height": 80,"chars": ["\uC022"]},

{"type": "bitmap","file": "cnp:txz/dlc0/9/2.png","ascent": 40,"height": 80,"chars": ["\uC023"]},
{"type": "bitmap","file": "cnp:txz/dlc0/9/3.png","ascent": 40,"height": 80,"chars": ["\uC024"]},
{"type": "bitmap","file": "cnp:txz/dlc0/9/3.1.png","ascent": 10,"height": 20,"chars": ["\uC025"]},

{"type": "bitmap","file": "cnp:txz/dlc0/10/2.png","ascent": 40,"height": 80,"chars": ["\uC026"]},
{"type": "bitmap","file": "cnp:txz/dlc0/10/3.png","ascent": 40,"height": 80,"chars": ["\uC027"]},

{"type": "bitmap","file": "cnp:txz/dlc0/11/2.png","ascent": 40,"height": 80,"chars": ["\uC028"]},
{"type": "bitmap","file": "cnp:txz/dlc0/11/3.png","ascent": 30,"height": 60,"chars": ["\uC029"]},
{"type": "bitmap","file": "cnp:txz/dlc0/11/3.1.png","ascent": 10,"height": 20,"chars": ["\uC030"]},

{"type": "bitmap","file": "cnp:txz/dlc0/12/2.png","ascent": 30,"height": 60,"chars": ["\uC031"]},
{"type": "bitmap","file": "cnp:txz/dlc0/12/3.png","ascent": 30,"height": 60,"chars": ["\uC032"]},

{"type": "bitmap","file": "cnp:txz/dlc0/13/2.png","ascent": 30,"height": 60,"chars": ["\uC033"]},
{"type": "bitmap","file": "cnp:txz/dlc0/13/2.1.png","ascent": 20,"height": 40,"chars": ["\uC034"]},
{"type": "bitmap","file": "cnp:txz/dlc0/13/2.2.png","ascent": 20,"height": 40,"chars": ["\uC035"]},
{"type": "bitmap","file": "cnp:txz/dlc0/13/2.3.png","ascent": 20,"height": 40,"chars": ["\uC036"]},
{"type": "bitmap","file": "cnp:txz/dlc0/13/3.png","ascent": 40,"height": 80,"chars": ["\uC037"]},

{"type": "bitmap","file": "cnp:txz/dlc0/14/2.png","ascent": 20,"height": 40,"chars": ["\uC038"]},
{"type": "bitmap","file": "cnp:txz/dlc0/14/2.1.png","ascent": 40,"height": 80,"chars": ["\uC039"]},
{"type": "bitmap","file": "cnp:txz/dlc0/14/2.2.png","ascent": 40,"height": 80,"chars": ["\uC040"]},
{"type": "bitmap","file": "cnp:txz/dlc0/14/3.png","ascent": 30,"height": 60,"chars": ["\uC041"]},
{"type": "bitmap","file": "cnp:txz/dlc0/14/3.1.png","ascent": 10,"height": 20,"chars": ["\uC042"]},
{"type": "bitmap","file": "cnp:txz/dlc0/14/3.2.png","ascent": 40,"height": 80,"chars": ["\uC043"]},

{"type": "bitmap","file": "cnp:txz/dlc0/15/2.png","ascent": 10,"height": 20,"chars": ["\uC044"]},
{"type": "bitmap","file": "cnp:txz/dlc0/15/3.png","ascent": 40,"height": 80,"chars": ["\uC045"]},

{"type": "bitmap","file": "cnp:txz/dlc0/16/3.png","ascent": 40,"height": 80,"chars": ["\uC046"]},

{"type": "bitmap","file": "cnp:txz/dlc0/17/2.png","ascent": 80,"height": 100,"chars": ["\uC047"]},
{"type": "bitmap","file": "cnp:txz/dlc0/17/3.png","ascent": 80,"height": 100,"chars": ["\uC048"]},

{"type": "bitmap","file": "cnp:txz/dlc0/18/3.png","ascent": 40,"height": 80,"chars": ["\uC049"]},
{"type": "bitmap","file": "cnp:txz/dlc0/18/3.1.png","ascent": 10,"height": 20,"chars": ["\uC050"]},
{"type": "bitmap","file": "cnp:txz/dlc0/18/3.2.png","ascent": 40,"height": 80,"chars": ["\uC051"]},
{"type": "bitmap","file": "cnp:txz/dlc0/18/4.png","ascent": 20,"height": 40,"chars": ["\uC052"]},
{"type": "bitmap","file": "cnp:txz/dlc0/18/4.1.png","ascent": 30,"height": 60,"chars": ["\uC053"]},

{"type": "bitmap","file": "cnp:txz/dlc0/19/1.png","ascent": 10,"height": 20,"chars": ["\uC054"]},
{"type": "bitmap","file": "cnp:txz/dlc0/19/2.png","ascent": 20,"height": 40,"chars": ["\uC055"]},
{"type": "bitmap","file": "cnp:txz/dlc0/19/3.png","ascent": 40,"height": 80,"chars": ["\uC056"]},
{"type": "bitmap","file": "cnp:txz/dlc0/19/3.1.png","ascent": 10,"height": 20,"chars": ["\uC057"]},

{"type": "bitmap","file": "cnp:txz/dlc0/20/3.png","ascent": 40,"height": 80,"chars": ["\uC058"]},

{"type": "bitmap","file": "cnp:txz/dlc0/21/2.png","ascent": 20,"height": 40,"chars": ["\uC059"]},

{"type": "bitmap","file": "cnp:txz/dlc0/22/2.png","ascent": 30,"height": 60,"chars": ["\uC060"]},
{"type": "bitmap","file": "cnp:txz/dlc0/22/3.png","ascent": 40,"height": 80,"chars": ["\uC061"]},
{"type": "bitmap","file": "cnp:txz/dlc0/22/3.1.png","ascent": 10,"height": 20,"chars": ["\uC062"]},

{"type": "bitmap","file": "cnp:txz/dlc0/23/1.png","ascent": 30,"height": 60,"chars": ["\uC063"]},
{"type": "bitmap","file": "cnp:txz/dlc0/23/1.1.png","ascent": 40,"height": 80,"chars": ["\uC064"]},
{"type": "bitmap","file": "cnp:txz/dlc0/23/2.png","ascent": 40,"height": 80,"chars": ["\uC065"]},
{"type": "bitmap","file": "cnp:txz/dlc0/23/3.png","ascent": 40,"height": 80,"chars": ["\uC066"]},
{"type": "bitmap","file": "cnp:txz/dlc0/23/3.1.png","ascent": 40,"height": 80,"chars": ["\uC067"]},
{"type": "bitmap","file": "cnp:txz/dlc0/23/3.2.png","ascent": 20,"height": 40,"chars": ["\uC068"]},

{"type": "bitmap","file": "cnp:txz/dlc0/24/2.png","ascent": 30,"height": 60,"chars": ["\uC069"]},
{"type": "bitmap","file": "cnp:txz/dlc0/24/2.1.png","ascent": 40,"height": 80,"chars": ["\uC070"]},
{"type": "bitmap","file": "cnp:txz/dlc0/24/3.png","ascent": 40,"height": 80,"chars": ["\uC071"]},


{"type": "bitmap","file": "cnp:txz/dlc0/25/3.png","ascent": 40,"height": 80,"chars": ["\uC072"]},


{"type": "bitmap","file": "cnp:txz/dlc0/26/2.png","ascent": 30,"height": 60,"chars": ["\uC073"]},
{"type": "bitmap","file": "cnp:txz/dlc0/26/3.png","ascent": 40,"height": 80,"chars": ["\uC074"]},

{"type": "bitmap","file": "cnp:txz/dlc0/27/1.png","ascent": 20,"height": 40,"chars": ["\uC075"]},
{"type": "bitmap","file": "cnp:txz/dlc0/27/2.png","ascent": 20,"height": 40,"chars": ["\uC076"]},
{"type": "bitmap","file": "cnp:txz/dlc0/27/3.png","ascent": 30,"height": 60,"chars": ["\uC077"]},
{"type": "bitmap","file": "cnp:txz/dlc0/27/4.png","ascent": 40,"height": 80,"chars": ["\uC078"]},
{"type": "bitmap","file": "cnp:txz/dlc0/27/5.png","ascent": 40,"height": 80,"chars": ["\uC079"]},


{"type": "bitmap","file": "cnp:txz/dlc0/28/1.png","ascent": 30,"height": 60,"chars": ["\uC080"]},
{"type": "bitmap","file": "cnp:txz/dlc0/28/2.png","ascent": 40,"height": 80,"chars": ["\uC081"]},

{"type": "bitmap","file": "cnp:txz/dlc1/1/1.png","ascent": 10,"height": 20,"chars": ["\uD001"]},

{"type": "bitmap","file": "cnp:txz/ty/da.png","ascent": 30,"height": 60,"chars": ["\uD900"]}
]}