{"providers": [
    {"type": "bitmap","file": "space:font/space_split.png","ascent": -32768,"height": -3,"chars": ["\uF801"]},
    {"type": "bitmap","file": "space:font/space_split.png","ascent": -32768,"height": -4,"chars": ["\uF802"]},
    {"type": "bitmap","file": "space:font/space_split.png","ascent": -32768,"height": -5,"chars": ["\uF803"]},
    {"type": "bitmap","file": "space:font/space_split.png","ascent": -32768,"height": -6,"chars": ["\uF804"]},
    {"type": "bitmap","file": "space:font/space_split.png","ascent": -32768,"height": -7,"chars": ["\uF805"]},
    {"type": "bitmap","file": "space:font/space_split.png","ascent": -32768,"height": -8,"chars": ["\uF806"]},
    {"type": "bitmap","file": "space:font/space_split.png","ascent": -32768,"height": -9,"chars": ["\uF807"]},
    {"type": "bitmap","file": "space:font/space_split.png","ascent": -32768,"height": -10,"chars": ["\uF808"]},
    {"type": "bitmap","file": "space:font/space_split.png","ascent": -32768,"height": -18,"chars": ["\uF809"]},
    {"type": "bitmap","file": "space:font/space_split.png","ascent": -32768,"height": -30,"chars": ["\uF80A"]},
    {"type": "bitmap","file": "space:font/space_split.png","ascent": -32768,"height": -66,"chars": ["\uF80B"]},
    {"type": "bitmap","file": "space:font/space_split.png","ascent": -32768,"height": -130,"chars": ["\uF80C"]},
    {"type": "bitmap","file": "space:font/space_split.png","ascent": -32768,"height": -258,"chars": ["\uF80D"]},
    {"type": "bitmap","file": "space:font/space_split.png","ascent": -32768,"height": -514,"chars": ["\uF80E"]},
    {"type": "bitmap","file": "space:font/space_split.png","ascent": -32768,"height": -1026,"chars": ["\uF80F"]},
    {"type": "bitmap","file": "space:font/space_split.png","ascent": -65536,"height": -32770,"chars": ["\uF800"]},
    {"type": "bitmap","file": "space:font/space_split.png","ascent": -32768,"height": 0,"chars": ["\uF821"]},
    {"type": "bitmap","file": "space:font/space_split.png","ascent": -32768,"height": 1,"chars": ["\uF822"]},
    {"type": "bitmap","file": "space:font/space_split.png","ascent": -32768,"height": 2,"chars": ["\uF823"]},
    {"type": "bitmap","file": "space:font/space_split.png","ascent": -32768,"height": 3,"chars": ["\uF824"]},
    {"type": "bitmap","file": "space:font/space_split.png","ascent": -32768,"height": 4,"chars": ["\uF825"]},
    {"type": "bitmap","file": "space:font/space_split.png","ascent": -32768,"height": 5,"chars": ["\uF826"]},
    {"type": "bitmap","file": "space:font/space_split.png","ascent": -32768,"height": 6,"chars": ["\uF827"]},
    {"type": "bitmap","file": "space:font/space_split.png","ascent": -32768,"height": 7,"chars": ["\uF828"]},
    {"type": "bitmap","file": "space:font/space_split.png","ascent": -32768,"height": 15,"chars": ["\uF829"]},
    {"type": "bitmap","file": "space:font/space_split.png","ascent": -32768,"height": 31,"chars": ["\uF82A"]},
    {"type": "bitmap","file": "space:font/space_split.png","ascent": -32768,"height": 63,"chars": ["\uF82B"]},
    {"type": "bitmap","file": "space:font/space_split.png","ascent": -32768,"height": 127,"chars": ["\uF82C"]},
    {"type": "bitmap","file": "space:font/space_split.png","ascent": -32768,"height": 255,"chars": ["\uF82D"]},
    {"type": "bitmap","file": "space:font/space_split.png","ascent": -32768,"height": 511,"chars": ["\uF82E"]},
    {"type": "bitmap","file": "space:font/space_split.png","ascent": -32768,"height": 1023,"chars": ["\uF82F"]},
    {"type": "bitmap","file": "space:font/space_split.png","ascent": -65536,"height": 32767,"chars": ["\uF820"]},
    {"type": "bitmap","file": "space:font/space_nosplit.png","ascent": -32768,"height": -3,"chars": ["\uF811"]},
    {"type": "bitmap","file": "space:font/space_nosplit.png","ascent": -32768,"height": -4,"chars": ["\uF812"]},
    {"type": "bitmap","file": "space:font/space_nosplit.png","ascent": -32768,"height": -5,"chars": ["\uF813"]},
    {"type": "bitmap","file": "space:font/space_nosplit.png","ascent": -32768,"height": -6,"chars": ["\uF814"]},
    {"type": "bitmap","file": "space:font/space_nosplit.png","ascent": -32768,"height": -7,"chars": ["\uF815"]},
    {"type": "bitmap","file": "space:font/space_nosplit.png","ascent": -32768,"height": -8,"chars": ["\uF816"]},
    {"type": "bitmap","file": "space:font/space_nosplit.png","ascent": -32768,"height": -9,"chars": ["\uF817"]},
    {"type": "bitmap","file": "space:font/space_nosplit.png","ascent": -32768,"height": -10,"chars": ["\uF818"]},
    {"type": "bitmap","file": "space:font/space_nosplit.png","ascent": -32768,"height": -18,"chars": ["\uF819"]},
    {"type": "bitmap","file": "space:font/space_nosplit.png","ascent": -32768,"height": -30,"chars": ["\uF81A"]},
    {"type": "bitmap","file": "space:font/space_nosplit.png","ascent": -32768,"height": -66,"chars": ["\uF81B"]},
    {"type": "bitmap","file": "space:font/space_nosplit.png","ascent": -32768,"height": -130,"chars": ["\uF81C"]},
    {"type": "bitmap","file": "space:font/space_nosplit.png","ascent": -32768,"height": -258,"chars": ["\uF81D"]},
    {"type": "bitmap","file": "space:font/space_nosplit.png","ascent": -32768,"height": -514,"chars": ["\uF81E"]},
    {"type": "bitmap","file": "space:font/space_nosplit.png","ascent": -32768,"height": -1026,"chars": ["\uF81F"]},
    {"type": "bitmap","file": "space:font/space_nosplit.png","ascent": -65536,"height": -32770,"chars": ["\uF810"]},
    {"type": "bitmap","file": "space:font/space_nosplit.png","ascent": -32768,"height": 0,"chars": ["\uF831"]},
    {"type": "bitmap","file": "space:font/space_nosplit.png","ascent": -32768,"height": 1,"chars": ["\uF832"]},
    {"type": "bitmap","file": "space:font/space_nosplit.png","ascent": -32768,"height": 2,"chars": ["\uF833"]},
    {"type": "bitmap","file": "space:font/space_nosplit.png","ascent": -32768,"height": 3,"chars": ["\uF834"]},
    {"type": "bitmap","file": "space:font/space_nosplit.png","ascent": -32768,"height": 4,"chars": ["\uF835"]},
    {"type": "bitmap","file": "space:font/space_nosplit.png","ascent": -32768,"height": 5,"chars": ["\uF836"]},
    {"type": "bitmap","file": "space:font/space_nosplit.png","ascent": -32768,"height": 6,"chars": ["\uF837"]},
    {"type": "bitmap","file": "space:font/space_nosplit.png","ascent": -32768,"height": 7,"chars": ["\uF838"]},
    {"type": "bitmap","file": "space:font/space_nosplit.png","ascent": -32768,"height": 15,"chars": ["\uF839"]},
    {"type": "bitmap","file": "space:font/space_nosplit.png","ascent": -32768,"height": 31,"chars": ["\uF83A"]},
    {"type": "bitmap","file": "space:font/space_nosplit.png","ascent": -32768,"height": 63,"chars": ["\uF83B"]},
    {"type": "bitmap","file": "space:font/space_nosplit.png","ascent": -32768,"height": 127,"chars": ["\uF83C"]},
    {"type": "bitmap","file": "space:font/space_nosplit.png","ascent": -32768,"height": 255,"chars": ["\uF83D"]},
    {"type": "bitmap","file": "space:font/space_nosplit.png","ascent": -32768,"height": 511,"chars": ["\uF83E"]},
    {"type": "bitmap","file": "space:font/space_nosplit.png","ascent": -32768,"height": 1023,"chars": ["\uF83F"]},
    {"type": "bitmap","file": "space:font/space_nosplit.png","ascent": -65536,"height": 32767,"chars": ["\uF830"]},

    //负数+1 +3 正数-1
    {"type": "bitmap","file": "space:font/space_split.png","ascent": -32768,"height": -114,"chars": ["\uF900"]},
    {"type": "bitmap","file": "space:font/space_split.png","ascent": -32768,"height": 80,"chars": ["\uF901"]},
    {"type": "bitmap","file": "space:font/space_split.png","ascent": -32768,"height": -84,"chars": ["\uF902"]},
    {"type": "bitmap","file": "space:font/space_split.png","ascent": -32768,"height": -81,"chars": ["\uF903"]},
    {"type": "bitmap","file": "space:font/space_split.png","ascent": -32768,"height": 18,"chars": ["\uF904"]},
    {"type": "bitmap","file": "space:font/space_split.png","ascent": -32768,"height": -83,"chars": ["\uF905"]},
    {"type": "bitmap","file": "space:font/space_split.png","ascent": -32768,"height": -81,"chars": ["\uF906"]},
    {"type": "bitmap","file": "space:font/space_split.png","ascent": -32768,"height": -36,"chars": ["\uF907"]},
    {"type": "bitmap","file": "space:font/space_split.png","ascent": -32768,"height": -254,"chars": ["\uF908"]},
    {"type": "bitmap","file": "space:font/space_split.png","ascent": -32768,"height": -213,"chars": ["\uF909"]},
    {"type": "bitmap","file": "space:font/space_split.png","ascent": -32768,"height": 89,"chars": ["\uF910"]},
    {"type": "bitmap","file": "space:font/space_split.png","ascent": -32768,"height": 130,"chars": ["\uF911"]},
    {"type": "bitmap","file": "space:font/space_split.png","ascent": -32768,"height": -122,"chars": ["\uF912"]},
    {"type": "bitmap","file": "space:font/space_split.png","ascent": -32768,"height": 95,"chars": ["\uF913"]},
    {"type": "bitmap","file": "space:font/space_split.png","ascent": -32768,"height": -23,"chars": ["\uF914"]},
    {"type": "bitmap","file": "space:font/space_split.png","ascent": -32768,"height": -20,"chars": ["\uF915"]},
    {"type": "bitmap","file": "space:font/space_split.png","ascent": -32768,"height": 10,"chars": ["\uF916"]},
    {"type": "bitmap","file": "space:font/space_split.png","ascent": -32768,"height": -1,"chars": ["\uF917"]},
    {"type": "bitmap","file": "space:font/space_split.png","ascent": -32768,"height": -93,"chars": ["\uF918"]},
    {"type": "bitmap","file": "space:font/space_split.png","ascent": -32768,"height": 66,"chars": ["\uF919"]},
    {"type": "bitmap","file": "space:font/space_split.png","ascent": -32768,"height": -73,"chars": ["\uF920"]},
    {"type": "bitmap","file": "space:font/space_split.png","ascent": -32768,"height": 44,"chars": ["\uF921"]},
    {"type": "bitmap","file": "space:font/space_split.png","ascent": -32768,"height": -52,"chars": ["\uF922"]},
    {"type": "bitmap","file": "space:font/space_split.png","ascent": -32768,"height": 25,"chars": ["\uF923"]},
    {"type": "bitmap","file": "space:font/space_split.png","ascent": -32768,"height": -32,"chars": ["\uF924"]},
    {"type": "bitmap","file": "space:font/space_split.png","ascent": -32768,"height": -132,"chars": ["\uF925"]},
    {"type": "bitmap","file": "space:font/space_split.png","ascent": -32768,"height": -98,"chars": ["\uF926"]},
    {"type": "bitmap","file": "space:font/space_split.png","ascent": -32768,"height": 26,"chars": ["\uF927"]},
    {"type": "bitmap","file": "space:font/space_split.png","ascent": -32768,"height": 273,"chars": ["\uF928"]},
    {"type": "bitmap","file": "space:font/space_split.png","ascent": -32768,"height": -42,"chars": ["\uF929"]},
    {"type": "bitmap","file": "space:font/space_split.png","ascent": -32768,"height": -337,"chars": ["\uF930"]},
    {"type": "bitmap","file": "space:font/space_split.png","ascent": -32768,"height": 272,"chars": ["\uF931"]},
    {"type": "bitmap","file": "space:font/space_split.png","ascent": -32768,"height": -73,"chars": ["\uF932"]},
    {"type": "bitmap","file": "space:font/space_split.png","ascent": -32768,"height": -346,"chars": ["\uF933"]},
    {"type": "bitmap","file": "space:font/space_split.png","ascent": -32768,"height": -79,"chars": ["\uF934"]},
    {"type": "bitmap","file": "space:font/space_split.png","ascent": -32768,"height": -12,"chars": ["\uF935"]},
    {"type": "bitmap","file": "space:font/space_split.png","ascent": -32768,"height": 76,"chars": ["\uF936"]},
    
    {"type": "bitmap","file": "space:font/space_split.png","ascent": -32768,"height": -14,"chars": ["\uF9A1"]},
    {"type": "bitmap","file": "space:font/space_split.png","ascent": -32768,"height": -22,"chars": ["\uF9A2"]},
    {"type": "bitmap","file": "space:font/space_split.png","ascent": -32768,"height": -26,"chars": ["\uF9A3"]},
    {"type": "bitmap","file": "space:font/space_split.png","ascent": -32768,"height": -34,"chars": ["\uF9A4"]},

    {"type": "bitmap","file": "space:font/space_split.png","ascent": -32768,"height": -14,"chars": ["\uF9B1"]},
    {"type": "bitmap","file": "space:font/space_split.png","ascent": -32768,"height": -26,"chars": ["\uF9B2"]},
    {"type": "bitmap","file": "space:font/space_split.png","ascent": -32768,"height": -50,"chars": ["\uF9B3"]},
    {"type": "bitmap","file": "space:font/space_split.png","ascent": -32768,"height": -98,"chars": ["\uF9B4"]},

    {"type": "bitmap","file": "space:font/space_split.png","ascent": -32768,"height": 11,"chars": ["\uF9B5"]},
    {"type": "bitmap","file": "space:font/space_split.png","ascent": -32768,"height": 23,"chars": ["\uF9B6"]},
    {"type": "bitmap","file": "space:font/space_split.png","ascent": -32768,"height": 47,"chars": ["\uF9B7"]},
    {"type": "bitmap","file": "space:font/space_split.png","ascent": -32768,"height": 95,"chars": ["\uF9B8"]},


    //??
    {"type": "space","advances": {" ": 4,"\u200c": 0}},
    {"type": "bitmap","file": "space:font/space_nosplit.png","ascent": -32768,"height": -6,"chars": [","]},

    //
    {"type": "bitmap","file": "cnp:gui/wz/1.png","ascent": -39,			"height": 6,"chars": ["\u0000\u0000\u0000\u0000\u0000\u0000\u0000\u0000\u0000\u0000\u0000\u0000\u0000\u0000\u0000\u0000","\u0000\u0000\u0000\u0000\u0000\u0000\u0000\u0000\u0000\u0000\u0000\u0000\u0000\u0000\u0000\u0000","\u0020\u0021\u0022\u0023\u0024\u0025\u0026\u0027\u0028\u0029\u002a\u002b\u002c\u002d\u002e\u002f","\u0030\u0031\u0032\u0033\u0034\u0035\u0036\u0037\u0038\u0039\u003a\u003b\u003c\u003d\u003e\u003f","\u0040\u0041\u0042\u0043\u0044\u0045\u0046\u0047\u0048\u0049\u004a\u004b\u004c\u004d\u004e\u004f","\u0050\u0051\u0052\u0053\u0054\u0055\u0056\u0057\u0058\u0059\u005a\u005b\u005c\u005d\u005e\u005f","\u0060\u0061\u0062\u0063\u0064\u0065\u0066\u0067\u0068\u0069\u006a\u006b\u006c\u006d\u006e\u006f","\u0070\u0071\u0072\u0073\u0074\u0075\u0076\u0077\u0078\u0079\u007a\u007b\u007c\u007d\u007e\u0000","\u0000\u0000\u0000\u0000\u0000\u0000\u0000\u0000\u0000\u0000\u0000\u0000\u0000\u0000\u0000\u0000","\u0000\u0000\u0000\u0000\u0000\u0000\u0000\u0000\u0000\u0000\u0000\u0000\u00a3\u0000\u0000\u0192","\u0000\u0000\u0000\u0000\u0000\u0000\u00aa\u00ba\u0000\u0000\u00ac\u0000\u0000\u0000\u00ab\u00bb","\u2591\u2592\u2593\u2502\u2524\u2561\u2562\u2556\u2555\u2563\u2551\u2557\u255d\u255c\u255b\u2510","\u2514\u2534\u252c\u251c\u2500\u253c\u255e\u255f\u255a\u2554\u2569\u2566\u2560\u2550\u256c\u2567","\u2568\u2564\u2565\u2559\u2558\u2552\u2553\u256b\u256a\u2518\u250c\u2588\u2584\u258c\u2590\u2580","\u0000\u0000\u0000\u0000\u0000\u0000\u0000\u0000\u0000\u0000\u0000\u0000\u0000\u2205\u2208\u0000","\u2261\u00b1\u2265\u2264\u2320\u2321\u00f7\u2248\u00b0\u2219\u00b7\u221a\u207f\u00b2\u25a0\u0000"]},
     
    //hvmp
    {"type": "bitmap","file": "cnp:gui/ui1/hvmp/zt/0.png","ascent": -22,"height": 6,"chars": ["\uD010"]},
    {"type": "bitmap","file": "cnp:gui/ui1/hvmp/zt/1.png","ascent": -22,"height": 6,"chars": ["\uD011"]},
    {"type": "bitmap","file": "cnp:gui/ui1/hvmp/zt/2.png","ascent": -22,"height": 6,"chars": ["\uD012"]},
    {"type": "bitmap","file": "cnp:gui/ui1/hvmp/zt/3.png","ascent": -22,"height": 6,"chars": ["\uD013"]},
    {"type": "bitmap","file": "cnp:gui/ui1/hvmp/zt/4.png","ascent": -22,"height": 6,"chars": ["\uD014"]},
    {"type": "bitmap","file": "cnp:gui/ui1/hvmp/zt/5.png","ascent": -22,"height": 6,"chars": ["\uD015"]},
    
    {"type": "bitmap","file": "cnp:gui/ui1/hvmp/ztr/0.png","ascent": -22,"height": 6,"chars": ["\uD020"]},
    {"type": "bitmap","file": "cnp:gui/ui1/hvmp/ztr/1.png","ascent": -22,"height": 6,"chars": ["\uD021"]},
    {"type": "bitmap","file": "cnp:gui/ui1/hvmp/ztr/2.png","ascent": -22,"height": 6,"chars": ["\uD022"]},
    {"type": "bitmap","file": "cnp:gui/ui1/hvmp/ztr/3.png","ascent": -22,"height": 6,"chars": ["\uD023"]},
    {"type": "bitmap","file": "cnp:gui/ui1/hvmp/ztr/4.png","ascent": -22,"height": 6,"chars": ["\uD024"]},
    {"type": "bitmap","file": "cnp:gui/ui1/hvmp/ztr/5.png","ascent": -22,"height": 6,"chars": ["\uD025"]},

    {"type": "bitmap","file": "cnp:gui/ui1/hvmp/mp/0.png","ascent": -18,"height": 16,"chars": ["\uD040"]},
    {"type": "bitmap","file": "cnp:gui/ui1/hvmp/mp/1.png","ascent": -18,"height": 16,"chars": ["\uD041"]},
    {"type": "bitmap","file": "cnp:gui/ui1/hvmp/mp/2.png","ascent": -18,"height": 16,"chars": ["\uD042"]},
    {"type": "bitmap","file": "cnp:gui/ui1/hvmp/mp/3.png","ascent": -18,"height": 16,"chars": ["\uD043"]},
    {"type": "bitmap","file": "cnp:gui/ui1/hvmp/mp/4.png","ascent": -18,"height": 16,"chars": ["\uD044"]},

    {"type": "bitmap","file": "cnp:gui/ui1/hvmp/mpr/0.png","ascent": -18,"height": 16,"chars": ["\uD050"]},
    {"type": "bitmap","file": "cnp:gui/ui1/hvmp/mpr/1.png","ascent": -18,"height": 16,"chars": ["\uD051"]},
    {"type": "bitmap","file": "cnp:gui/ui1/hvmp/mpr/2.png","ascent": -18,"height": 16,"chars": ["\uD052"]},
    {"type": "bitmap","file": "cnp:gui/ui1/hvmp/mpr/3.png","ascent": -18,"height": 16,"chars": ["\uD053"]},
    {"type": "bitmap","file": "cnp:gui/ui1/hvmp/mpr/4.png","ascent": -18,"height": 16,"chars": ["\uD054"]},

    {"type": "bitmap","file": "cnp:gui/ui1/hvmp/air.png","ascent": -22,"height": 6,"chars": ["\uD060"]},
        
    //等级
    {"type": "bitmap","file": "cnp:gui/ui1/lv/1.png","ascent": -6,"height": 30,"chars": ["\uD101"]},
    {"type": "bitmap","file": "cnp:gui/ui1/lv/2.png","ascent": -6,"height": 30,"chars": ["\uD102"]},
    {"type": "bitmap","file": "cnp:gui/ui1/lv/3.png","ascent": -6,"height": 30,"chars": ["\uD103"]},
    {"type": "bitmap","file": "cnp:gui/ui1/lv/4.png","ascent": -6,"height": 30,"chars": ["\uD104"]},
    {"type": "bitmap","file": "cnp:gui/ui1/lv/5.png","ascent": -6,"height": 30,"chars": ["\uD105"]},
    {"type": "bitmap","file": "cnp:gui/ui1/lv/6.png","ascent": -6,"height": 30,"chars": ["\uD106"]}
        



    ]}