{"providers": [
    {"type": "bitmap","file": "space:font/space_split.png","ascent": -32768,"height": -3,"chars": ["\uF801"]},
    {"type": "bitmap","file": "space:font/space_split.png","ascent": -32768,"height": -4,"chars": ["\uF802"]},
    {"type": "bitmap","file": "space:font/space_split.png","ascent": -32768,"height": -5,"chars": ["\uF803"]},
    {"type": "bitmap","file": "space:font/space_split.png","ascent": -32768,"height": -6,"chars": ["\uF804"]},
    {"type": "bitmap","file": "space:font/space_split.png","ascent": -32768,"height": -7,"chars": ["\uF805"]},
    {"type": "bitmap","file": "space:font/space_split.png","ascent": -32768,"height": -8,"chars": ["\uF806"]},
    {"type": "bitmap","file": "space:font/space_split.png","ascent": -32768,"height": -9,"chars": ["\uF807"]},
    {"type": "bitmap","file": "space:font/space_split.png","ascent": -32768,"height": -10,"chars": ["\uF808"]},
    {"type": "bitmap","file": "space:font/space_split.png","ascent": -32768,"height": -18,"chars": ["\uF809"]},
    {"type": "bitmap","file": "space:font/space_split.png","ascent": -32768,"height": -30,"chars": ["\uF80A"]},
    {"type": "bitmap","file": "space:font/space_split.png","ascent": -32768,"height": -66,"chars": ["\uF80B"]},
    {"type": "bitmap","file": "space:font/space_split.png","ascent": -32768,"height": -130,"chars": ["\uF80C"]},
    {"type": "bitmap","file": "space:font/space_split.png","ascent": -32768,"height": -258,"chars": ["\uF80D"]},
    {"type": "bitmap","file": "space:font/space_split.png","ascent": -32768,"height": -514,"chars": ["\uF80E"]},
    {"type": "bitmap","file": "space:font/space_split.png","ascent": -32768,"height": -1026,"chars": ["\uF80F"]},
    {"type": "bitmap","file": "space:font/space_split.png","ascent": -65536,"height": -32770,"chars": ["\uF800"]},
    {"type": "bitmap","file": "space:font/space_split.png","ascent": -32768,"height": 0,"chars": ["\uF821"]},
    {"type": "bitmap","file": "space:font/space_split.png","ascent": -32768,"height": 1,"chars": ["\uF822"]},
    {"type": "bitmap","file": "space:font/space_split.png","ascent": -32768,"height": 2,"chars": ["\uF823"]},
    {"type": "bitmap","file": "space:font/space_split.png","ascent": -32768,"height": 3,"chars": ["\uF824"]},
    {"type": "bitmap","file": "space:font/space_split.png","ascent": -32768,"height": 4,"chars": ["\uF825"]},
    {"type": "bitmap","file": "space:font/space_split.png","ascent": -32768,"height": 5,"chars": ["\uF826"]},
    {"type": "bitmap","file": "space:font/space_split.png","ascent": -32768,"height": 6,"chars": ["\uF827"]},
    {"type": "bitmap","file": "space:font/space_split.png","ascent": -32768,"height": 7,"chars": ["\uF828"]},
    {"type": "bitmap","file": "space:font/space_split.png","ascent": -32768,"height": 15,"chars": ["\uF829"]},
    {"type": "bitmap","file": "space:font/space_split.png","ascent": -32768,"height": 31,"chars": ["\uF82A"]},
    {"type": "bitmap","file": "space:font/space_split.png","ascent": -32768,"height": 63,"chars": ["\uF82B"]},
    {"type": "bitmap","file": "space:font/space_split.png","ascent": -32768,"height": 127,"chars": ["\uF82C"]},
    {"type": "bitmap","file": "space:font/space_split.png","ascent": -32768,"height": 255,"chars": ["\uF82D"]},
    {"type": "bitmap","file": "space:font/space_split.png","ascent": -32768,"height": 511,"chars": ["\uF82E"]},
    {"type": "bitmap","file": "space:font/space_split.png","ascent": -32768,"height": 1023,"chars": ["\uF82F"]},
    {"type": "bitmap","file": "space:font/space_split.png","ascent": -65536,"height": 32767,"chars": ["\uF820"]},
    {"type": "bitmap","file": "space:font/space_nosplit.png","ascent": -32768,"height": -3,"chars": ["\uF811"]},
    {"type": "bitmap","file": "space:font/space_nosplit.png","ascent": -32768,"height": -4,"chars": ["\uF812"]},
    {"type": "bitmap","file": "space:font/space_nosplit.png","ascent": -32768,"height": -5,"chars": ["\uF813"]},
    {"type": "bitmap","file": "space:font/space_nosplit.png","ascent": -32768,"height": -6,"chars": ["\uF814"]},
    {"type": "bitmap","file": "space:font/space_nosplit.png","ascent": -32768,"height": -7,"chars": ["\uF815"]},
    {"type": "bitmap","file": "space:font/space_nosplit.png","ascent": -32768,"height": -8,"chars": ["\uF816"]},
    {"type": "bitmap","file": "space:font/space_nosplit.png","ascent": -32768,"height": -9,"chars": ["\uF817"]},
    {"type": "bitmap","file": "space:font/space_nosplit.png","ascent": -32768,"height": -10,"chars": ["\uF818"]},
    {"type": "bitmap","file": "space:font/space_nosplit.png","ascent": -32768,"height": -18,"chars": ["\uF819"]},
    {"type": "bitmap","file": "space:font/space_nosplit.png","ascent": -32768,"height": -30,"chars": ["\uF81A"]},
    {"type": "bitmap","file": "space:font/space_nosplit.png","ascent": -32768,"height": -66,"chars": ["\uF81B"]},
    {"type": "bitmap","file": "space:font/space_nosplit.png","ascent": -32768,"height": -130,"chars": ["\uF81C"]},
    {"type": "bitmap","file": "space:font/space_nosplit.png","ascent": -32768,"height": -258,"chars": ["\uF81D"]},
    {"type": "bitmap","file": "space:font/space_nosplit.png","ascent": -32768,"height": -514,"chars": ["\uF81E"]},
    {"type": "bitmap","file": "space:font/space_nosplit.png","ascent": -32768,"height": -1026,"chars": ["\uF81F"]},
    {"type": "bitmap","file": "space:font/space_nosplit.png","ascent": -65536,"height": -32770,"chars": ["\uF810"]},
    {"type": "bitmap","file": "space:font/space_nosplit.png","ascent": -32768,"height": 0,"chars": ["\uF831"]},
    {"type": "bitmap","file": "space:font/space_nosplit.png","ascent": -32768,"height": 1,"chars": ["\uF832"]},
    {"type": "bitmap","file": "space:font/space_nosplit.png","ascent": -32768,"height": 2,"chars": ["\uF833"]},
    {"type": "bitmap","file": "space:font/space_nosplit.png","ascent": -32768,"height": 3,"chars": ["\uF834"]},
    {"type": "bitmap","file": "space:font/space_nosplit.png","ascent": -32768,"height": 4,"chars": ["\uF835"]},
    {"type": "bitmap","file": "space:font/space_nosplit.png","ascent": -32768,"height": 5,"chars": ["\uF836"]},
    {"type": "bitmap","file": "space:font/space_nosplit.png","ascent": -32768,"height": 6,"chars": ["\uF837"]},
    {"type": "bitmap","file": "space:font/space_nosplit.png","ascent": -32768,"height": 7,"chars": ["\uF838"]},
    {"type": "bitmap","file": "space:font/space_nosplit.png","ascent": -32768,"height": 15,"chars": ["\uF839"]},
    {"type": "bitmap","file": "space:font/space_nosplit.png","ascent": -32768,"height": 31,"chars": ["\uF83A"]},
    {"type": "bitmap","file": "space:font/space_nosplit.png","ascent": -32768,"height": 63,"chars": ["\uF83B"]},
    {"type": "bitmap","file": "space:font/space_nosplit.png","ascent": -32768,"height": 127,"chars": ["\uF83C"]},
    {"type": "bitmap","file": "space:font/space_nosplit.png","ascent": -32768,"height": 255,"chars": ["\uF83D"]},
    {"type": "bitmap","file": "space:font/space_nosplit.png","ascent": -32768,"height": 511,"chars": ["\uF83E"]},
    {"type": "bitmap","file": "space:font/space_nosplit.png","ascent": -32768,"height": 1023,"chars": ["\uF83F"]},
    {"type": "bitmap","file": "space:font/space_nosplit.png","ascent": -65536,"height": 32767,"chars": ["\uF830"]},

    //负数+1 +3 正数-1
    {"type": "bitmap","file": "space:font/space_split.png","ascent": -32768,"height": 18,"chars": ["\uF904"]},
    {"type": "bitmap","file": "space:font/space_nosplit.png","ascent": -32768,"height": -2,"chars": ["\uF905"]},
    {"type": "bitmap","file": "space:font/space_nosplit.png","ascent": -32768,"height": -2,"chars": ["\uF906"]},
    {"type": "bitmap","file": "space:font/space_split.png","ascent": -32768,"height": -36,"chars": ["\uF907"]},
    {"type": "bitmap","file": "space:font/space_split.png","ascent": -32768,"height": -254,"chars": ["\uF908"]},
    {"type": "bitmap","file": "space:font/space_split.png","ascent": -32768,"height": -213,"chars": ["\uF909"]},
    {"type": "bitmap","file": "space:font/space_split.png","ascent": -32768,"height": 89,"chars": ["\uF910"]},
    {"type": "bitmap","file": "space:font/space_split.png","ascent": -32768,"height": 130,"chars": ["\uF911"]},
    {"type": "bitmap","file": "space:font/space_split.png","ascent": -32768,"height": -122,"chars": ["\uF912"]},
    {"type": "bitmap","file": "space:font/space_split.png","ascent": -32768,"height": 95,"chars": ["\uF913"]},
    {"type": "bitmap","file": "space:font/space_split.png","ascent": -32768,"height": -23,"chars": ["\uF914"]},
    {"type": "bitmap","file": "space:font/space_split.png","ascent": -32768,"height": -20,"chars": ["\uF915"]},
    {"type": "bitmap","file": "space:font/space_split.png","ascent": -32768,"height": 10,"chars": ["\uF916"]},
    {"type": "bitmap","file": "space:font/space_split.png","ascent": -32768,"height": -1,"chars": ["\uF917"]},
    {"type": "bitmap","file": "space:font/space_split.png","ascent": -32768,"height": -93,"chars": ["\uF918"]},
    {"type": "bitmap","file": "space:font/space_split.png","ascent": -32768,"height": 66,"chars": ["\uF919"]},
    {"type": "bitmap","file": "space:font/space_split.png","ascent": -32768,"height": -73,"chars": ["\uF920"]},
    {"type": "bitmap","file": "space:font/space_split.png","ascent": -32768,"height": 44,"chars": ["\uF921"]},
    {"type": "bitmap","file": "space:font/space_split.png","ascent": -32768,"height": -52,"chars": ["\uF922"]},
    {"type": "bitmap","file": "space:font/space_split.png","ascent": -32768,"height": 25,"chars": ["\uF923"]},
    {"type": "bitmap","file": "space:font/space_split.png","ascent": -32768,"height": -32,"chars": ["\uF924"]},
    {"type": "bitmap","file": "space:font/space_split.png","ascent": -32768,"height": -132,"chars": ["\uF925"]},
    {"type": "bitmap","file": "space:font/space_split.png","ascent": -32768,"height": -98,"chars": ["\uF926"]},
    {"type": "bitmap","file": "space:font/space_split.png","ascent": -32768,"height": 26,"chars": ["\uF927"]},
    {"type": "bitmap","file": "space:font/space_split.png","ascent": -32768,"height": 273,"chars": ["\uF928"]},
    {"type": "bitmap","file": "space:font/space_split.png","ascent": -32768,"height": -42,"chars": ["\uF929"]},
    {"type": "bitmap","file": "space:font/space_split.png","ascent": -32768,"height": -337,"chars": ["\uF930"]},
    {"type": "bitmap","file": "space:font/space_split.png","ascent": -32768,"height": 272,"chars": ["\uF931"]},
    {"type": "bitmap","file": "space:font/space_split.png","ascent": -32768,"height": -73,"chars": ["\uF932"]},
    {"type": "bitmap","file": "space:font/space_split.png","ascent": -32768,"height": -346,"chars": ["\uF933"]},
    {"type": "bitmap","file": "space:font/space_split.png","ascent": -32768,"height": -79,"chars": ["\uF934"]},
    {"type": "bitmap","file": "space:font/space_split.png","ascent": -32768,"height": -12,"chars": ["\uF935"]},
    {"type": "bitmap","file": "space:font/space_split.png","ascent": -32768,"height": 76,"chars": ["\uF936"]},
    
    {"type": "bitmap","file": "space:font/space_split.png","ascent": -32768,"height": -14,"chars": ["\uF9A1"]},
    {"type": "bitmap","file": "space:font/space_split.png","ascent": -32768,"height": -22,"chars": ["\uF9A2"]},
    {"type": "bitmap","file": "space:font/space_split.png","ascent": -32768,"height": -26,"chars": ["\uF9A3"]},
    {"type": "bitmap","file": "space:font/space_split.png","ascent": -32768,"height": -34,"chars": ["\uF9A4"]},

    {"type": "bitmap","file": "space:font/space_split.png","ascent": -32768,"height": -14,"chars": ["\uF9B1"]},
    {"type": "bitmap","file": "space:font/space_split.png","ascent": -32768,"height": -26,"chars": ["\uF9B2"]},
    {"type": "bitmap","file": "space:font/space_split.png","ascent": -32768,"height": -50,"chars": ["\uF9B3"]},
    {"type": "bitmap","file": "space:font/space_split.png","ascent": -32768,"height": -98,"chars": ["\uF9B4"]},

    {"type": "bitmap","file": "space:font/space_split.png","ascent": -32768,"height": 11,"chars": ["\uF9B5"]},
    {"type": "bitmap","file": "space:font/space_split.png","ascent": -32768,"height": 23,"chars": ["\uF9B6"]},
    {"type": "bitmap","file": "space:font/space_split.png","ascent": -32768,"height": 47,"chars": ["\uF9B7"]},
    {"type": "bitmap","file": "space:font/space_split.png","ascent": -32768,"height": 95,"chars": ["\uF9B8"]},
    
    //??
    {"type": "space","advances": {" ": 4,"\u200c": 0}},
    {"type": "bitmap","file": "space:font/space_nosplit.png","ascent": -32768,"height": -6,"chars": [","]},

    //准星 
    {"type": "bitmap","file": "cnp:gui/ui2/zx/yn.png","ascent": 2,"height": 13,"chars": ["\uC00A"]},

    {"type": "bitmap", "file": "cnp:gui/ui2/zx/a0.png","ascent": 2,"height": 13,"chars": ["\uC0A1" ]},
    {"type": "bitmap", "file": "cnp:gui/ui2/zx/a1.png","ascent": 2,"height": 13,"chars": ["\uC0A2" ]},
    {"type": "bitmap", "file": "cnp:gui/ui2/zx/a2.png","ascent": 2,"height": 13,"chars": ["\uC0A3" ]},
    
    {"type": "bitmap", "file": "cnp:gui/ui2/zx/a0.1.png","ascent": 2,"height": 13,"chars": ["\uC01A" ]},
    {"type": "bitmap", "file": "cnp:gui/ui2/zx/a1.1.png","ascent": 2,"height": 13,"chars": ["\uC01B" ]},
    
    {"type": "bitmap", "file": "cnp:gui/ui2/zx/b0.png","ascent": 2,"height": 13,"chars": ["\uC0B1" ]},
    {"type": "bitmap", "file": "cnp:gui/ui2/zx/b1.png","ascent": 2,"height": 13,"chars": ["\uC0B2" ]},
    {"type": "bitmap", "file": "cnp:gui/ui2/zx/b2.png","ascent": 2,"height": 13,"chars": ["\uC0B3" ]},
    

    //准星mp
    {"type": "bitmap","file": "cnp:gui/ui1/hvmp/mp2/0.png","ascent": -1,"height": 1,"chars": ["\uD040"]},
    {"type": "bitmap","file": "cnp:gui/ui1/hvmp/mp2/1.png","ascent": -1,"height": 1,"chars": ["\uD041"]},
    {"type": "bitmap","file": "cnp:gui/ui1/hvmp/mp2/2.png","ascent": -1,"height": 1,"chars": ["\uD042"]},
    {"type": "bitmap","file": "cnp:gui/ui1/hvmp/mp2/3.png","ascent": -1,"height": 1,"chars": ["\uD043"]},
    {"type": "bitmap","file": "cnp:gui/ui1/hvmp/mp2/4.png","ascent": -1,"height": 1,"chars": ["\uD044"]},

    {"type": "bitmap","file": "cnp:gui/ui1/hvmp/mpr2/0.png","ascent": -1,"height": 1,"chars": ["\uD050"]},
    {"type": "bitmap","file": "cnp:gui/ui1/hvmp/mpr2/1.png","ascent": -1,"height": 1,"chars": ["\uD051"]},
    {"type": "bitmap","file": "cnp:gui/ui1/hvmp/mpr2/2.png","ascent": -1,"height": 1,"chars": ["\uD052"]},
    {"type": "bitmap","file": "cnp:gui/ui1/hvmp/mpr2/3.png","ascent": -1,"height": 1,"chars": ["\uD053"]},
    {"type": "bitmap","file": "cnp:gui/ui1/hvmp/mpr2/4.png","ascent": -1,"height": 1,"chars": ["\uD054"]}


    ]}