{"providers": [
    {"type": "bitmap","file": "space:font/space_split.png","ascent": -32768,"height": -3,"chars": ["\uF801"]},
    {"type": "bitmap","file": "space:font/space_split.png","ascent": -32768,"height": -4,"chars": ["\uF802"]},
    {"type": "bitmap","file": "space:font/space_split.png","ascent": -32768,"height": -5,"chars": ["\uF803"]},
    {"type": "bitmap","file": "space:font/space_split.png","ascent": -32768,"height": -6,"chars": ["\uF804"]},
    {"type": "bitmap","file": "space:font/space_split.png","ascent": -32768,"height": -7,"chars": ["\uF805"]},
    {"type": "bitmap","file": "space:font/space_split.png","ascent": -32768,"height": -8,"chars": ["\uF806"]},
    {"type": "bitmap","file": "space:font/space_split.png","ascent": -32768,"height": -9,"chars": ["\uF807"]},
    {"type": "bitmap","file": "space:font/space_split.png","ascent": -32768,"height": -10,"chars": ["\uF808"]},
    {"type": "bitmap","file": "space:font/space_split.png","ascent": -32768,"height": -18,"chars": ["\uF809"]},
    {"type": "bitmap","file": "space:font/space_split.png","ascent": -32768,"height": -30,"chars": ["\uF80A"]},
    {"type": "bitmap","file": "space:font/space_split.png","ascent": -32768,"height": -66,"chars": ["\uF80B"]},
    {"type": "bitmap","file": "space:font/space_split.png","ascent": -32768,"height": -130,"chars": ["\uF80C"]},
    {"type": "bitmap","file": "space:font/space_split.png","ascent": -32768,"height": -258,"chars": ["\uF80D"]},
    {"type": "bitmap","file": "space:font/space_split.png","ascent": -32768,"height": -514,"chars": ["\uF80E"]},
    {"type": "bitmap","file": "space:font/space_split.png","ascent": -32768,"height": -1026,"chars": ["\uF80F"]},
    {"type": "bitmap","file": "space:font/space_split.png","ascent": -65536,"height": -32770,"chars": ["\uF800"]},
    {"type": "bitmap","file": "space:font/space_split.png","ascent": -32768,"height": 0,"chars": ["\uF821"]},
    {"type": "bitmap","file": "space:font/space_split.png","ascent": -32768,"height": 1,"chars": ["\uF822"]},
    {"type": "bitmap","file": "space:font/space_split.png","ascent": -32768,"height": 2,"chars": ["\uF823"]},
    {"type": "bitmap","file": "space:font/space_split.png","ascent": -32768,"height": 3,"chars": ["\uF824"]},
    {"type": "bitmap","file": "space:font/space_split.png","ascent": -32768,"height": 4,"chars": ["\uF825"]},
    {"type": "bitmap","file": "space:font/space_split.png","ascent": -32768,"height": 5,"chars": ["\uF826"]},
    {"type": "bitmap","file": "space:font/space_split.png","ascent": -32768,"height": 6,"chars": ["\uF827"]},
    {"type": "bitmap","file": "space:font/space_split.png","ascent": -32768,"height": 7,"chars": ["\uF828"]},
    {"type": "bitmap","file": "space:font/space_split.png","ascent": -32768,"height": 15,"chars": ["\uF829"]},
    {"type": "bitmap","file": "space:font/space_split.png","ascent": -32768,"height": 31,"chars": ["\uF82A"]},
    {"type": "bitmap","file": "space:font/space_split.png","ascent": -32768,"height": 63,"chars": ["\uF82B"]},
    {"type": "bitmap","file": "space:font/space_split.png","ascent": -32768,"height": 127,"chars": ["\uF82C"]},
    {"type": "bitmap","file": "space:font/space_split.png","ascent": -32768,"height": 255,"chars": ["\uF82D"]},
    {"type": "bitmap","file": "space:font/space_split.png","ascent": -32768,"height": 511,"chars": ["\uF82E"]},
    {"type": "bitmap","file": "space:font/space_split.png","ascent": -32768,"height": 1023,"chars": ["\uF82F"]},
    {"type": "bitmap","file": "space:font/space_split.png","ascent": -65536,"height": 32767,"chars": ["\uF820"]},
    {"type": "bitmap","file": "space:font/space_nosplit.png","ascent": -32768,"height": -3,"chars": ["\uF811"]},
    {"type": "bitmap","file": "space:font/space_nosplit.png","ascent": -32768,"height": -4,"chars": ["\uF812"]},
    {"type": "bitmap","file": "space:font/space_nosplit.png","ascent": -32768,"height": -5,"chars": ["\uF813"]},
    {"type": "bitmap","file": "space:font/space_nosplit.png","ascent": -32768,"height": -6,"chars": ["\uF814"]},
    {"type": "bitmap","file": "space:font/space_nosplit.png","ascent": -32768,"height": -7,"chars": ["\uF815"]},
    {"type": "bitmap","file": "space:font/space_nosplit.png","ascent": -32768,"height": -8,"chars": ["\uF816"]},
    {"type": "bitmap","file": "space:font/space_nosplit.png","ascent": -32768,"height": -9,"chars": ["\uF817"]},
    {"type": "bitmap","file": "space:font/space_nosplit.png","ascent": -32768,"height": -10,"chars": ["\uF818"]},
    {"type": "bitmap","file": "space:font/space_nosplit.png","ascent": -32768,"height": -18,"chars": ["\uF819"]},
    {"type": "bitmap","file": "space:font/space_nosplit.png","ascent": -32768,"height": -30,"chars": ["\uF81A"]},
    {"type": "bitmap","file": "space:font/space_nosplit.png","ascent": -32768,"height": -66,"chars": ["\uF81B"]},
    {"type": "bitmap","file": "space:font/space_nosplit.png","ascent": -32768,"height": -130,"chars": ["\uF81C"]},
    {"type": "bitmap","file": "space:font/space_nosplit.png","ascent": -32768,"height": -258,"chars": ["\uF81D"]},
    {"type": "bitmap","file": "space:font/space_nosplit.png","ascent": -32768,"height": -514,"chars": ["\uF81E"]},
    {"type": "bitmap","file": "space:font/space_nosplit.png","ascent": -32768,"height": -1026,"chars": ["\uF81F"]},
    {"type": "bitmap","file": "space:font/space_nosplit.png","ascent": -65536,"height": -32770,"chars": ["\uF810"]},
    {"type": "bitmap","file": "space:font/space_nosplit.png","ascent": -32768,"height": 0,"chars": ["\uF831"]},
    {"type": "bitmap","file": "space:font/space_nosplit.png","ascent": -32768,"height": 1,"chars": ["\uF832"]},
    {"type": "bitmap","file": "space:font/space_nosplit.png","ascent": -32768,"height": 2,"chars": ["\uF833"]},
    {"type": "bitmap","file": "space:font/space_nosplit.png","ascent": -32768,"height": 3,"chars": ["\uF834"]},
    {"type": "bitmap","file": "space:font/space_nosplit.png","ascent": -32768,"height": 4,"chars": ["\uF835"]},
    {"type": "bitmap","file": "space:font/space_nosplit.png","ascent": -32768,"height": 5,"chars": ["\uF836"]},
    {"type": "bitmap","file": "space:font/space_nosplit.png","ascent": -32768,"height": 6,"chars": ["\uF837"]},
    {"type": "bitmap","file": "space:font/space_nosplit.png","ascent": -32768,"height": 7,"chars": ["\uF838"]},
    {"type": "bitmap","file": "space:font/space_nosplit.png","ascent": -32768,"height": 15,"chars": ["\uF839"]},
    {"type": "bitmap","file": "space:font/space_nosplit.png","ascent": -32768,"height": 31,"chars": ["\uF83A"]},
    {"type": "bitmap","file": "space:font/space_nosplit.png","ascent": -32768,"height": 63,"chars": ["\uF83B"]},
    {"type": "bitmap","file": "space:font/space_nosplit.png","ascent": -32768,"height": 127,"chars": ["\uF83C"]},
    {"type": "bitmap","file": "space:font/space_nosplit.png","ascent": -32768,"height": 255,"chars": ["\uF83D"]},
    {"type": "bitmap","file": "space:font/space_nosplit.png","ascent": -32768,"height": 511,"chars": ["\uF83E"]},
    {"type": "bitmap","file": "space:font/space_nosplit.png","ascent": -32768,"height": 1023,"chars": ["\uF83F"]},
    {"type": "bitmap","file": "space:font/space_nosplit.png","ascent": -65536,"height": 32767,"chars": ["\uF830"]},

    //负数+1 +3 正数-1

    {"type": "bitmap","file": "space:font/space_split.png","ascent": -32768,"height": -14,"chars": ["\uF9A1"]},
    {"type": "bitmap","file": "space:font/space_split.png","ascent": -32768,"height": -22,"chars": ["\uF9A2"]},
    {"type": "bitmap","file": "space:font/space_split.png","ascent": -32768,"height": -26,"chars": ["\uF9A3"]},
    {"type": "bitmap","file": "space:font/space_split.png","ascent": -32768,"height": -34,"chars": ["\uF9A4"]},

    {"type": "bitmap","file": "space:font/space_split.png","ascent": -32768,"height": -14,"chars": ["\uF9B1"]},
    {"type": "bitmap","file": "space:font/space_split.png","ascent": -32768,"height": -26,"chars": ["\uF9B2"]},
    {"type": "bitmap","file": "space:font/space_split.png","ascent": -32768,"height": -50,"chars": ["\uF9B3"]},
    {"type": "bitmap","file": "space:font/space_split.png","ascent": -32768,"height": -98,"chars": ["\uF9B4"]},

    {"type": "bitmap","file": "space:font/space_split.png","ascent": -32768,"height": 11,"chars": ["\uF9B5"]},
    {"type": "bitmap","file": "space:font/space_split.png","ascent": -32768,"height": 23,"chars": ["\uF9B6"]},
    {"type": "bitmap","file": "space:font/space_split.png","ascent": -32768,"height": 47,"chars": ["\uF9B7"]},
    {"type": "bitmap","file": "space:font/space_split.png","ascent": -32768,"height": 95,"chars": ["\uF9B8"]},

    
{"type": "bitmap","file": "cnp:gui/ui4/air.png","ascent": 50,"height": 104,"chars": ["\uD001"]},
{"type": "bitmap","file": "cnp:gui/ui4/2.png","ascent": 0,"height": 64,"chars": ["\uD002"]},
{"type": "bitmap","file": "cnp:gui/ui4/3.png","ascent": 33,"height": 64,"chars": ["\uD003"]},
{"type": "bitmap","file": "cnp:gui/ui4/4.png","ascent": 26,"height": 100,"chars": ["\uD004"]},
{"type": "bitmap","file": "cnp:gui/ui4/5.png","ascent": 25,"height": 80,"chars": ["\uD006"]},
{"type": "bitmap","file": "cnp:gui/ui4/pr.png","ascent": 0,"height": 64,"chars": ["\uD005"]},
{"type": "bitmap","file": "cnp:gui/ui4/6.png","ascent": -5,"height": 20,"chars": ["\uD007"]},


{"type": "bitmap","file": "cnp:gui/ui4/5/1.png","ascent": 25,"height": 80,"chars": ["\u0031"]},
{"type": "bitmap","file": "cnp:gui/ui4/5/2.png","ascent": 25,"height": 80,"chars": ["\u0032"]},
{"type": "bitmap","file": "cnp:gui/ui4/5/3.png","ascent": 25,"height": 80,"chars": ["\u0033"]},
{"type": "bitmap","file": "cnp:gui/ui4/5/4.png","ascent": 25,"height": 80,"chars": ["\u0034"]},
{"type": "bitmap","file": "cnp:gui/ui4/5/5.png","ascent": 25,"height": 80,"chars": ["\u0035"]},
{"type": "bitmap","file": "cnp:gui/ui4/5/6.png","ascent": 25,"height": 80,"chars": ["\u0036"]},
{"type": "bitmap","file": "cnp:gui/ui4/5/7.png","ascent": 25,"height": 80,"chars": ["\u0037"]},
{"type": "bitmap","file": "cnp:gui/ui4/5/8.png","ascent": 25,"height": 80,"chars": ["\u0038"]},
{"type": "bitmap","file": "cnp:gui/ui4/5/9.png","ascent": 25,"height": 80,"chars": ["\u0039"]},
{"type": "bitmap","file": "cnp:gui/ui4/5/10.png","ascent": 25,"height": 80,"chars": ["\u0030"]}




]}