{
	"credit": "Made with Blockbench",
	"ambientocclusion": false,
	"textures": {
		"0": "skin/toriel",
		"1": "skin/toriel_extra",
		"particle": "block/soul_sand"
	},
	"elements": [
		{
			"from": [3.75, 8.75, 3.75],
			"to": [12.25, 17.25, 12.25],
			"rotation": {"angle": 0, "axis": "y", "origin": [0, 9, 0]},
			"faces": {
				"north": {"uv": [10, 2, 12, 4], "texture": "#0"},
				"east": {"uv": [8, 2, 10, 4], "texture": "#0"},
				"south": {"uv": [14, 2, 16, 4], "texture": "#0"},
				"west": {"uv": [12, 2, 14, 4], "texture": "#0"},
				"up": {"uv": [12, 2, 10, 0], "texture": "#0"},
				"down": {"uv": [12, 0, 14, 2], "texture": "#0"}
			}
		},
		{
			"from": [4, 9, 4],
			"to": [12, 17, 12],
			"rotation": {"angle": 0, "axis": "y", "origin": [0, 9, 0]},
			"faces": {
				"north": {"uv": [2, 2, 4, 4], "texture": "#0"},
				"east": {"uv": [0, 2, 2, 4], "texture": "#0"},
				"south": {"uv": [6, 2, 8, 4], "texture": "#0"},
				"west": {"uv": [4, 2, 6, 4], "texture": "#0"},
				"up": {"uv": [4, 2, 2, 0], "texture": "#0"},
				"down": {"uv": [4, 0, 6, 2], "texture": "#0"}
			}
		},
		{
			"from": [3.5, 10, 6],
			"to": [4.5, 16, 10],
			"rotation": {"angle": -22.5, "axis": "z", "origin": [4.5, 16, 8]},
			"faces": {
				"north": {"uv": [3, 0, 4, 6], "texture": "#1"},
				"east": {"uv": [0, 0, 4, 6], "texture": "#1"},
				"south": {"uv": [0, 0, 1, 6], "texture": "#1"},
				"west": {"uv": [4, 0, 0, 6], "texture": "#1"},
				"up": {"uv": [0, 0, 1, 4], "texture": "#1"},
				"down": {"uv": [0, 0, 1, 4], "texture": "#1"}
			}
		},
		{
			"from": [11.5, 10, 6],
			"to": [12.5, 16, 10],
			"rotation": {"angle": 22.5, "axis": "z", "origin": [11.5, 16, 8]},
			"faces": {
				"north": {"uv": [3, 0, 4, 6], "texture": "#1"},
				"east": {"uv": [0, 0, 4, 6], "texture": "#1"},
				"south": {"uv": [0, 0, 1, 6], "texture": "#1"},
				"west": {"uv": [4, 0, 0, 6], "texture": "#1"},
				"up": {"uv": [0, 0, 1, 4], "texture": "#1"},
				"down": {"uv": [0, 0, 1, 4], "texture": "#1"}
			}
		},
		{
			"from": [4, -3, 6],
			"to": [12, 9, 10],
			"rotation": {"angle": 0, "axis": "y", "origin": [4, -1, 6]},
			"faces": {
				"north": {"uv": [5, 5, 7, 8], "texture": "#0"},
				"east": {"uv": [4, 5, 5, 8], "texture": "#0"},
				"south": {"uv": [8, 5, 10, 8], "texture": "#0"},
				"west": {"uv": [7, 5, 8, 8], "texture": "#0"}
			}
		},
		{
			"from": [3.749, -3.251, 5.749],
			"to": [12.251, 9.251, 10.251],
			"rotation": {"angle": 0, "axis": "y", "origin": [4, -1, 6]},
			"faces": {
				"north": {"uv": [5, 9, 7, 12], "texture": "#0"},
				"east": {"uv": [4, 9, 5, 12], "texture": "#0"},
				"south": {"uv": [8, 9, 10, 12], "texture": "#0"},
				"west": {"uv": [7, 9, 8, 12], "texture": "#0"}
			}
		},
		{
			"from": [12, 5, 6],
			"to": [24, 9, 10],
			"rotation": {"angle": 0, "axis": "y", "origin": [20, -1, 6]},
			"faces": {
				"north": {"uv": [11, 5, 12, 8], "rotation": 90, "texture": "#0"},
				"east": {"uv": [13, 4, 12, 5], "texture": "#0"},
				"south": {"uv": [14, 8, 13, 5], "rotation": 90, "texture": "#0"},
				"up": {"uv": [10, 8, 11, 5], "rotation": 90, "texture": "#0"},
				"down": {"uv": [12, 8, 13, 5], "rotation": 90, "texture": "#0"}
			}
		},
		{
			"from": [-8, 5, 6],
			"to": [4, 9, 10],
			"rotation": {"angle": 0, "axis": "y", "origin": [-4, -1, 6]},
			"faces": {
				"north": {"uv": [11, 8, 12, 5], "rotation": 90, "texture": "#0"},
				"south": {"uv": [14, 5, 13, 8], "rotation": 90, "texture": "#0"},
				"west": {"uv": [12, 4, 13, 5], "texture": "#0"},
				"up": {"uv": [10, 5, 11, 8], "rotation": 90, "texture": "#0"},
				"down": {"uv": [12, 5, 13, 8], "rotation": 90, "texture": "#0"}
			}
		},
		{
			"from": [-8.25, 4.75, 5.75],
			"to": [4.25, 9.25, 10.25],
			"rotation": {"angle": 0, "axis": "y", "origin": [-4, -1, 6]},
			"faces": {
				"north": {"uv": [11, 12, 12, 9], "rotation": 90, "texture": "#0"},
				"south": {"uv": [14, 9, 13, 12], "rotation": 90, "texture": "#0"},
				"west": {"uv": [12, 8, 13, 9], "texture": "#0"},
				"up": {"uv": [10, 9, 11, 12], "rotation": 90, "texture": "#0"},
				"down": {"uv": [12, 9, 13, 12], "rotation": 90, "texture": "#0"}
			}
		},
		{
			"from": [11.75, 4.75, 5.75],
			"to": [24.25, 9.25, 10.25],
			"rotation": {"angle": 0, "axis": "y", "origin": [20, -1, 6]},
			"faces": {
				"north": {"uv": [11, 9, 12, 12], "rotation": 90, "texture": "#0"},
				"east": {"uv": [13, 8, 12, 9], "texture": "#0"},
				"south": {"uv": [14, 12, 13, 9], "rotation": 90, "texture": "#0"},
				"up": {"uv": [10, 12, 11, 9], "rotation": 90, "texture": "#0"},
				"down": {"uv": [12, 12, 13, 9], "rotation": 90, "texture": "#0"}
			}
		},
		{
			"from": [4, -15, 6],
			"to": [8, -3, 10],
			"rotation": {"angle": 0, "axis": "y", "origin": [0, -13, 6]},
			"faces": {
				"north": {"uv": [2, 5, 1, 8], "texture": "#0"},
				"east": {"uv": [2, 5, 3, 8], "texture": "#0"},
				"south": {"uv": [3, 5, 4, 8], "texture": "#0"},
				"west": {"uv": [1, 5, 0, 8], "texture": "#0"},
				"down": {"uv": [2, 4, 3, 5], "texture": "#0"}
			}
		},
		{
			"from": [8, -15, 6],
			"to": [12, -3, 10],
			"rotation": {"angle": 0, "axis": "y", "origin": [16, -13, 6]},
			"faces": {
				"north": {"uv": [1, 5, 2, 8], "texture": "#0"},
				"east": {"uv": [0, 5, 1, 8], "texture": "#0"},
				"south": {"uv": [4, 5, 3, 8], "texture": "#0"},
				"west": {"uv": [3, 5, 2, 8], "texture": "#0"},
				"down": {"uv": [3, 4, 2, 5], "texture": "#0"}
			}
		},
		{
			"from": [7.75, -15.25, 5.75],
			"to": [12.25, -2.75, 10.25],
			"rotation": {"angle": 0, "axis": "y", "origin": [16, -13, 6]},
			"faces": {
				"north": {"uv": [1, 9, 2, 12], "texture": "#0"},
				"east": {"uv": [0, 9, 1, 12], "texture": "#0"},
				"south": {"uv": [4, 9, 3, 12], "texture": "#0"},
				"west": {"uv": [3, 9, 2, 12], "texture": "#0"},
				"down": {"uv": [3, 8, 2, 9], "texture": "#0"}
			}
		},
		{
			"from": [3.75, -15.25, 5.75],
			"to": [8.25, -2.75, 10.25],
			"rotation": {"angle": 0, "axis": "y", "origin": [0, -13, 6]},
			"faces": {
				"north": {"uv": [2, 9, 1, 12], "texture": "#0"},
				"east": {"uv": [2, 9, 3, 12], "texture": "#0"},
				"south": {"uv": [3, 9, 4, 12], "texture": "#0"},
				"west": {"uv": [1, 9, 0, 12], "texture": "#0"},
				"down": {"uv": [2, 8, 3, 9], "texture": "#0"}
			}
		}
	],
	"display": {
		"thirdperson_righthand": {
			"rotation": [45, 45, 0],
			"translation": [0, 3, 0],
			"scale": [0.5, 0.5, 0.5]
		},
		"thirdperson_lefthand": {
			"rotation": [45, 45, 0],
			"translation": [0, 3, 0],
			"scale": [0.5, 0.5, 0.5]
		},
		"firstperson_righthand": {
			"translation": [0, 6, 1.25],
			"scale": [0.6, 0.6, 0.6]
		},
		"firstperson_lefthand": {
			"translation": [0, 6, 1.25],
			"scale": [0.6, 0.6, 0.6]
		},
		"ground": {
			"translation": [0, 3, 0],
			"scale": [0.5, 0.5, 0.5]
		},
		"gui": {
			"rotation": [30, -135, 0],
			"translation": [0, 3, 0]
		},
		"head": {
			"translation": [0, -9.7, 0],
			"scale": [1.9, 1.9, 1.9]
		},
		"fixed": {
			"translation": [0, 4, 0]
		}
	},
	"groups": [
		{
			"name": "pufferfish",
			"origin": [8, 8, 8],
			"color": 0,
			"children": [0, 1]
		},
		2,
		3,
		4,
		5,
		6,
		7,
		8,
		9,
		10,
		11,
		12,
		13
	]
}