{
	"credit": "Made with Blockbench",
	"textures": {
		"0": "block/iron_bar_material",
		"particle": "block/iron_bar_material"
	},
	"elements": [
		{
			"from": [23, 0, 7],
			"to": [25, 8, 9],
			"rotation": {"angle": 0, "axis": "y", "origin": [24, 0, 8]},
			"faces": {
				"north": {"uv": [16, 7, 0, 11], "rotation": 90, "texture": "#0"},
				"east": {"uv": [0, 3, 16, 7], "rotation": 90, "texture": "#0"},
				"south": {"uv": [16, 7, 0, 11], "rotation": 90, "texture": "#0"},
				"west": {"uv": [0, 3, 16, 7], "rotation": 90, "texture": "#0"},
				"up": {"uv": [6, 0, 10, 4], "rotation": 90, "texture": "#0"},
				"down": {"uv": [7, 8, 11, 12], "rotation": 270, "texture": "#0"}
			}
		},
		{
			"from": [7, -16, 7],
			"to": [9, -8, 9],
			"faces": {
				"north": {"uv": [0, 3, 16, 7], "rotation": 90, "texture": "#0"},
				"east": {"uv": [16, 7, 0, 11], "rotation": 90, "texture": "#0"},
				"south": {"uv": [0, 3, 16, 7], "rotation": 90, "texture": "#0"},
				"west": {"uv": [16, 7, 0, 11], "rotation": 90, "texture": "#0"},
				"up": {"uv": [6, 0, 10, 4], "texture": "#0"},
				"down": {"uv": [7, 8, 11, 12], "texture": "#0"}
			}
		},
		{
			"from": [7, -8, 7],
			"to": [9, 0, 9],
			"rotation": {"angle": 0, "axis": "y", "origin": [8, 0, 8]},
			"faces": {
				"north": {"uv": [0, 3, 16, 7], "rotation": 90, "texture": "#0"},
				"east": {"uv": [16, 7, 0, 11], "rotation": 90, "texture": "#0"},
				"south": {"uv": [0, 3, 16, 7], "rotation": 90, "texture": "#0"},
				"west": {"uv": [16, 7, 0, 11], "rotation": 90, "texture": "#0"},
				"up": {"uv": [6, 0, 10, 4], "rotation": 180, "texture": "#0"},
				"down": {"uv": [7, 8, 11, 12], "rotation": 180, "texture": "#0"}
			}
		},
		{
			"from": [7, 0, 7],
			"to": [9, 8, 9],
			"faces": {
				"north": {"uv": [0, 3, 16, 7], "rotation": 90, "texture": "#0"},
				"east": {"uv": [16, 7, 0, 11], "rotation": 90, "texture": "#0"},
				"south": {"uv": [0, 3, 16, 7], "rotation": 90, "texture": "#0"},
				"west": {"uv": [16, 7, 0, 11], "rotation": 90, "texture": "#0"},
				"up": {"uv": [6, 0, 10, 4], "texture": "#0"},
				"down": {"uv": [7, 8, 11, 12], "texture": "#0"}
			}
		},
		{
			"from": [7, 16, 7],
			"to": [9, 24, 9],
			"faces": {
				"north": {"uv": [0, 3, 16, 7], "rotation": 90, "texture": "#0"},
				"east": {"uv": [16, 7, 0, 11], "rotation": 90, "texture": "#0"},
				"south": {"uv": [0, 3, 16, 7], "rotation": 90, "texture": "#0"},
				"west": {"uv": [16, 7, 0, 11], "rotation": 90, "texture": "#0"},
				"up": {"uv": [6, 0, 10, 4], "texture": "#0"},
				"down": {"uv": [7, 8, 11, 12], "texture": "#0"}
			}
		},
		{
			"from": [7, 8, 7],
			"to": [9, 16, 9],
			"rotation": {"angle": 0, "axis": "y", "origin": [8, 0, 8]},
			"faces": {
				"north": {"uv": [0, 3, 16, 7], "rotation": 90, "texture": "#0"},
				"east": {"uv": [16, 7, 0, 11], "rotation": 90, "texture": "#0"},
				"south": {"uv": [0, 3, 16, 7], "rotation": 90, "texture": "#0"},
				"west": {"uv": [16, 7, 0, 11], "rotation": 90, "texture": "#0"},
				"up": {"uv": [6, 0, 10, 4], "rotation": 180, "texture": "#0"},
				"down": {"uv": [7, 8, 11, 12], "rotation": 180, "texture": "#0"}
			}
		},
		{
			"from": [-1, 16, 7],
			"to": [1, 24, 9],
			"rotation": {"angle": 0, "axis": "y", "origin": [0, 0, 8]},
			"faces": {
				"north": {"uv": [16, 7, 0, 11], "rotation": 90, "texture": "#0"},
				"east": {"uv": [0, 3, 16, 7], "rotation": 90, "texture": "#0"},
				"south": {"uv": [16, 7, 0, 11], "rotation": 90, "texture": "#0"},
				"west": {"uv": [0, 3, 16, 7], "rotation": 90, "texture": "#0"},
				"up": {"uv": [6, 0, 10, 4], "rotation": 90, "texture": "#0"},
				"down": {"uv": [7, 8, 11, 12], "rotation": 270, "texture": "#0"}
			}
		},
		{
			"from": [-1, -16, 7],
			"to": [1, -8, 9],
			"rotation": {"angle": 0, "axis": "y", "origin": [0, 0, 8]},
			"faces": {
				"north": {"uv": [16, 7, 0, 11], "rotation": 90, "texture": "#0"},
				"east": {"uv": [0, 3, 16, 7], "rotation": 90, "texture": "#0"},
				"south": {"uv": [16, 7, 0, 11], "rotation": 90, "texture": "#0"},
				"west": {"uv": [0, 3, 16, 7], "rotation": 90, "texture": "#0"},
				"up": {"uv": [6, 0, 10, 4], "rotation": 90, "texture": "#0"},
				"down": {"uv": [7, 8, 11, 12], "rotation": 270, "texture": "#0"}
			}
		},
		{
			"from": [-1, -8, 7],
			"to": [1, 0, 9],
			"rotation": {"angle": 0, "axis": "y", "origin": [0, 0, 8]},
			"faces": {
				"north": {"uv": [16, 7, 0, 11], "rotation": 90, "texture": "#0"},
				"east": {"uv": [0, 3, 16, 7], "rotation": 90, "texture": "#0"},
				"south": {"uv": [16, 7, 0, 11], "rotation": 90, "texture": "#0"},
				"west": {"uv": [0, 3, 16, 7], "rotation": 90, "texture": "#0"},
				"up": {"uv": [6, 0, 10, 4], "rotation": 270, "texture": "#0"},
				"down": {"uv": [7, 8, 11, 12], "rotation": 90, "texture": "#0"}
			}
		},
		{
			"from": [-1, 8, 7],
			"to": [1, 16, 9],
			"rotation": {"angle": 0, "axis": "y", "origin": [0, 0, 8]},
			"faces": {
				"north": {"uv": [16, 7, 0, 11], "rotation": 90, "texture": "#0"},
				"east": {"uv": [0, 3, 16, 7], "rotation": 90, "texture": "#0"},
				"south": {"uv": [16, 7, 0, 11], "rotation": 90, "texture": "#0"},
				"west": {"uv": [0, 3, 16, 7], "rotation": 90, "texture": "#0"},
				"up": {"uv": [6, 0, 10, 4], "rotation": 270, "texture": "#0"},
				"down": {"uv": [7, 8, 11, 12], "rotation": 90, "texture": "#0"}
			}
		},
		{
			"from": [-1, 0, 7],
			"to": [1, 8, 9],
			"rotation": {"angle": 0, "axis": "y", "origin": [0, 0, 8]},
			"faces": {
				"north": {"uv": [16, 7, 0, 11], "rotation": 90, "texture": "#0"},
				"east": {"uv": [0, 3, 16, 7], "rotation": 90, "texture": "#0"},
				"south": {"uv": [16, 7, 0, 11], "rotation": 90, "texture": "#0"},
				"west": {"uv": [0, 3, 16, 7], "rotation": 90, "texture": "#0"},
				"up": {"uv": [6, 0, 10, 4], "rotation": 90, "texture": "#0"},
				"down": {"uv": [7, 8, 11, 12], "rotation": 270, "texture": "#0"}
			}
		},
		{
			"from": [15, 16, 7],
			"to": [17, 24, 9],
			"rotation": {"angle": 0, "axis": "x", "origin": [16, 0, 8]},
			"faces": {
				"north": {"uv": [16, 7, 0, 11], "rotation": 90, "texture": "#0"},
				"east": {"uv": [0, 3, 16, 7], "rotation": 90, "texture": "#0"},
				"south": {"uv": [16, 7, 0, 11], "rotation": 90, "texture": "#0"},
				"west": {"uv": [0, 3, 16, 7], "rotation": 90, "texture": "#0"},
				"up": {"uv": [6, 0, 10, 4], "rotation": 270, "texture": "#0"},
				"down": {"uv": [7, 8, 11, 12], "rotation": 90, "texture": "#0"}
			}
		},
		{
			"from": [15, -16, 7],
			"to": [17, -8, 9],
			"rotation": {"angle": 0, "axis": "x", "origin": [16, 0, 8]},
			"faces": {
				"north": {"uv": [16, 7, 0, 11], "rotation": 90, "texture": "#0"},
				"east": {"uv": [0, 3, 16, 7], "rotation": 90, "texture": "#0"},
				"south": {"uv": [16, 7, 0, 11], "rotation": 90, "texture": "#0"},
				"west": {"uv": [0, 3, 16, 7], "rotation": 90, "texture": "#0"},
				"up": {"uv": [6, 0, 10, 4], "rotation": 270, "texture": "#0"},
				"down": {"uv": [7, 8, 11, 12], "rotation": 90, "texture": "#0"}
			}
		},
		{
			"from": [15, -8, 7],
			"to": [17, 0, 9],
			"rotation": {"angle": 0, "axis": "x", "origin": [16, 0, 8]},
			"faces": {
				"north": {"uv": [16, 7, 0, 11], "rotation": 90, "texture": "#0"},
				"east": {"uv": [0, 3, 16, 7], "rotation": 90, "texture": "#0"},
				"south": {"uv": [16, 7, 0, 11], "rotation": 90, "texture": "#0"},
				"west": {"uv": [0, 3, 16, 7], "rotation": 90, "texture": "#0"},
				"up": {"uv": [6, 0, 10, 4], "rotation": 90, "texture": "#0"},
				"down": {"uv": [7, 8, 11, 12], "rotation": 270, "texture": "#0"}
			}
		},
		{
			"from": [15, 8, 7],
			"to": [17, 16, 9],
			"rotation": {"angle": 0, "axis": "x", "origin": [16, 0, 8]},
			"faces": {
				"north": {"uv": [16, 7, 0, 11], "rotation": 90, "texture": "#0"},
				"east": {"uv": [0, 3, 16, 7], "rotation": 90, "texture": "#0"},
				"south": {"uv": [16, 7, 0, 11], "rotation": 90, "texture": "#0"},
				"west": {"uv": [0, 3, 16, 7], "rotation": 90, "texture": "#0"},
				"up": {"uv": [6, 0, 10, 4], "rotation": 90, "texture": "#0"},
				"down": {"uv": [7, 8, 11, 12], "rotation": 270, "texture": "#0"}
			}
		},
		{
			"from": [15, 0, 7],
			"to": [17, 8, 9],
			"rotation": {"angle": 0, "axis": "x", "origin": [16, 0, 8]},
			"faces": {
				"north": {"uv": [16, 7, 0, 11], "rotation": 90, "texture": "#0"},
				"east": {"uv": [0, 3, 16, 7], "rotation": 90, "texture": "#0"},
				"south": {"uv": [16, 7, 0, 11], "rotation": 90, "texture": "#0"},
				"west": {"uv": [0, 3, 16, 7], "rotation": 90, "texture": "#0"},
				"up": {"uv": [6, 0, 10, 4], "rotation": 270, "texture": "#0"},
				"down": {"uv": [7, 8, 11, 12], "rotation": 90, "texture": "#0"}
			}
		},
		{
			"from": [-9, 16, 7],
			"to": [-7, 24, 9],
			"faces": {
				"north": {"uv": [0, 3, 16, 7], "rotation": 90, "texture": "#0"},
				"east": {"uv": [16, 7, 0, 11], "rotation": 90, "texture": "#0"},
				"south": {"uv": [0, 3, 16, 7], "rotation": 90, "texture": "#0"},
				"west": {"uv": [16, 7, 0, 11], "rotation": 90, "texture": "#0"},
				"up": {"uv": [6, 0, 10, 4], "texture": "#0"},
				"down": {"uv": [7, 8, 11, 12], "texture": "#0"}
			}
		},
		{
			"from": [-9, -16, 7],
			"to": [-7, -8, 9],
			"faces": {
				"north": {"uv": [0, 3, 16, 7], "rotation": 90, "texture": "#0"},
				"east": {"uv": [16, 7, 0, 11], "rotation": 90, "texture": "#0"},
				"south": {"uv": [0, 3, 16, 7], "rotation": 90, "texture": "#0"},
				"west": {"uv": [16, 7, 0, 11], "rotation": 90, "texture": "#0"},
				"up": {"uv": [6, 0, 10, 4], "texture": "#0"},
				"down": {"uv": [7, 8, 11, 12], "texture": "#0"}
			}
		},
		{
			"from": [-9, -8, 7],
			"to": [-7, 0, 9],
			"rotation": {"angle": 0, "axis": "y", "origin": [8, 0, 8]},
			"faces": {
				"north": {"uv": [0, 3, 16, 7], "rotation": 90, "texture": "#0"},
				"east": {"uv": [16, 7, 0, 11], "rotation": 90, "texture": "#0"},
				"south": {"uv": [0, 3, 16, 7], "rotation": 90, "texture": "#0"},
				"west": {"uv": [16, 7, 0, 11], "rotation": 90, "texture": "#0"},
				"up": {"uv": [6, 0, 10, 4], "rotation": 180, "texture": "#0"},
				"down": {"uv": [7, 8, 11, 12], "rotation": 180, "texture": "#0"}
			}
		},
		{
			"from": [-9, 8, 7],
			"to": [-7, 16, 9],
			"rotation": {"angle": 0, "axis": "y", "origin": [8, 0, 8]},
			"faces": {
				"north": {"uv": [0, 3, 16, 7], "rotation": 90, "texture": "#0"},
				"east": {"uv": [16, 7, 0, 11], "rotation": 90, "texture": "#0"},
				"south": {"uv": [0, 3, 16, 7], "rotation": 90, "texture": "#0"},
				"west": {"uv": [16, 7, 0, 11], "rotation": 90, "texture": "#0"},
				"up": {"uv": [6, 0, 10, 4], "rotation": 180, "texture": "#0"},
				"down": {"uv": [7, 8, 11, 12], "rotation": 180, "texture": "#0"}
			}
		},
		{
			"from": [-9, 0, 7],
			"to": [-7, 8, 9],
			"faces": {
				"north": {"uv": [0, 3, 16, 7], "rotation": 90, "texture": "#0"},
				"east": {"uv": [16, 7, 0, 11], "rotation": 90, "texture": "#0"},
				"south": {"uv": [0, 3, 16, 7], "rotation": 90, "texture": "#0"},
				"west": {"uv": [16, 7, 0, 11], "rotation": 90, "texture": "#0"},
				"up": {"uv": [6, 0, 10, 4], "texture": "#0"},
				"down": {"uv": [7, 8, 11, 12], "texture": "#0"}
			}
		},
		{
			"from": [23, 16, 7],
			"to": [25, 24, 9],
			"rotation": {"angle": 0, "axis": "y", "origin": [24, 0, 8]},
			"faces": {
				"north": {"uv": [16, 7, 0, 11], "rotation": 90, "texture": "#0"},
				"east": {"uv": [0, 3, 16, 7], "rotation": 90, "texture": "#0"},
				"south": {"uv": [16, 7, 0, 11], "rotation": 90, "texture": "#0"},
				"west": {"uv": [0, 3, 16, 7], "rotation": 90, "texture": "#0"},
				"up": {"uv": [6, 0, 10, 4], "rotation": 90, "texture": "#0"},
				"down": {"uv": [7, 8, 11, 12], "rotation": 270, "texture": "#0"}
			}
		},
		{
			"from": [-9, 24, 7],
			"to": [-7, 32, 9],
			"faces": {
				"north": {"uv": [0, 3, 16, 7], "rotation": 90, "texture": "#0"},
				"east": {"uv": [16, 7, 0, 11], "rotation": 90, "texture": "#0"},
				"south": {"uv": [0, 3, 16, 7], "rotation": 90, "texture": "#0"},
				"west": {"uv": [16, 7, 0, 11], "rotation": 90, "texture": "#0"},
				"up": {"uv": [6, 0, 10, 4], "texture": "#0"},
				"down": {"uv": [7, 8, 11, 12], "texture": "#0"}
			}
		},
		{
			"from": [-1, 24, 7],
			"to": [1, 32, 9],
			"rotation": {"angle": 0, "axis": "y", "origin": [0, 0, 8]},
			"faces": {
				"north": {"uv": [16, 7, 0, 11], "rotation": 90, "texture": "#0"},
				"east": {"uv": [0, 3, 16, 7], "rotation": 90, "texture": "#0"},
				"south": {"uv": [16, 7, 0, 11], "rotation": 90, "texture": "#0"},
				"west": {"uv": [0, 3, 16, 7], "rotation": 90, "texture": "#0"},
				"up": {"uv": [6, 0, 10, 4], "rotation": 90, "texture": "#0"},
				"down": {"uv": [7, 8, 11, 12], "rotation": 270, "texture": "#0"}
			}
		},
		{
			"from": [7, 24, 7],
			"to": [9, 32, 9],
			"faces": {
				"north": {"uv": [0, 3, 16, 7], "rotation": 90, "texture": "#0"},
				"east": {"uv": [16, 7, 0, 11], "rotation": 90, "texture": "#0"},
				"south": {"uv": [0, 3, 16, 7], "rotation": 90, "texture": "#0"},
				"west": {"uv": [16, 7, 0, 11], "rotation": 90, "texture": "#0"},
				"up": {"uv": [6, 0, 10, 4], "texture": "#0"},
				"down": {"uv": [7, 8, 11, 12], "texture": "#0"}
			}
		},
		{
			"from": [15, 24, 7],
			"to": [17, 32, 9],
			"rotation": {"angle": 0, "axis": "x", "origin": [16, 0, 8]},
			"faces": {
				"north": {"uv": [16, 7, 0, 11], "rotation": 90, "texture": "#0"},
				"east": {"uv": [0, 3, 16, 7], "rotation": 90, "texture": "#0"},
				"south": {"uv": [16, 7, 0, 11], "rotation": 90, "texture": "#0"},
				"west": {"uv": [0, 3, 16, 7], "rotation": 90, "texture": "#0"},
				"up": {"uv": [6, 0, 10, 4], "rotation": 270, "texture": "#0"},
				"down": {"uv": [7, 8, 11, 12], "rotation": 90, "texture": "#0"}
			}
		},
		{
			"from": [23, 24, 7],
			"to": [25, 32, 9],
			"rotation": {"angle": 0, "axis": "y", "origin": [24, 0, 8]},
			"faces": {
				"north": {"uv": [16, 7, 0, 11], "rotation": 90, "texture": "#0"},
				"east": {"uv": [0, 3, 16, 7], "rotation": 90, "texture": "#0"},
				"south": {"uv": [16, 7, 0, 11], "rotation": 90, "texture": "#0"},
				"west": {"uv": [0, 3, 16, 7], "rotation": 90, "texture": "#0"},
				"up": {"uv": [6, 0, 10, 4], "rotation": 90, "texture": "#0"},
				"down": {"uv": [7, 8, 11, 12], "rotation": 270, "texture": "#0"}
			}
		},
		{
			"from": [23, -16, 7],
			"to": [25, -8, 9],
			"rotation": {"angle": 0, "axis": "y", "origin": [24, 0, 8]},
			"faces": {
				"north": {"uv": [16, 7, 0, 11], "rotation": 90, "texture": "#0"},
				"east": {"uv": [0, 3, 16, 7], "rotation": 90, "texture": "#0"},
				"south": {"uv": [16, 7, 0, 11], "rotation": 90, "texture": "#0"},
				"west": {"uv": [0, 3, 16, 7], "rotation": 90, "texture": "#0"},
				"up": {"uv": [6, 0, 10, 4], "rotation": 90, "texture": "#0"},
				"down": {"uv": [7, 8, 11, 12], "rotation": 270, "texture": "#0"}
			}
		},
		{
			"from": [23, -8, 7],
			"to": [25, 0, 9],
			"rotation": {"angle": 0, "axis": "y", "origin": [24, 0, 8]},
			"faces": {
				"north": {"uv": [16, 7, 0, 11], "rotation": 90, "texture": "#0"},
				"east": {"uv": [0, 3, 16, 7], "rotation": 90, "texture": "#0"},
				"south": {"uv": [16, 7, 0, 11], "rotation": 90, "texture": "#0"},
				"west": {"uv": [0, 3, 16, 7], "rotation": 90, "texture": "#0"},
				"up": {"uv": [6, 0, 10, 4], "rotation": 270, "texture": "#0"},
				"down": {"uv": [7, 8, 11, 12], "rotation": 90, "texture": "#0"}
			}
		},
		{
			"from": [23, 8, 7],
			"to": [25, 16, 9],
			"rotation": {"angle": 0, "axis": "y", "origin": [24, 0, 8]},
			"faces": {
				"north": {"uv": [16, 7, 0, 11], "rotation": 90, "texture": "#0"},
				"east": {"uv": [0, 3, 16, 7], "rotation": 90, "texture": "#0"},
				"south": {"uv": [16, 7, 0, 11], "rotation": 90, "texture": "#0"},
				"west": {"uv": [0, 3, 16, 7], "rotation": 90, "texture": "#0"},
				"up": {"uv": [6, 0, 10, 4], "rotation": 270, "texture": "#0"},
				"down": {"uv": [7, 8, 11, 12], "rotation": 90, "texture": "#0"}
			}
		},
		{
			"from": [-7, -12, 7],
			"to": [-4, -10, 9],
			"faces": {
				"north": {"uv": [5, 0, 11, 4], "texture": "#0"},
				"east": {"uv": [0, 0, 4, 4], "texture": "#0"},
				"south": {"uv": [5, 4, 11, 8], "texture": "#0"},
				"west": {"uv": [0, 0, 4, 4], "texture": "#0"},
				"up": {"uv": [0, 8, 6, 12], "texture": "#0"},
				"down": {"uv": [0, 12, 6, 16], "texture": "#0"}
			}
		},
		{
			"from": [-7, -4, 7],
			"to": [-4, -2, 9],
			"faces": {
				"north": {"uv": [5, 0, 11, 4], "texture": "#0"},
				"east": {"uv": [0, 0, 4, 4], "texture": "#0"},
				"south": {"uv": [5, 4, 11, 8], "texture": "#0"},
				"west": {"uv": [0, 0, 4, 4], "texture": "#0"},
				"up": {"uv": [0, 8, 6, 12], "texture": "#0"},
				"down": {"uv": [0, 12, 6, 16], "texture": "#0"}
			}
		},
		{
			"from": [-7, 12, 7],
			"to": [-4, 14, 9],
			"faces": {
				"north": {"uv": [5, 0, 11, 4], "texture": "#0"},
				"east": {"uv": [0, 0, 4, 4], "texture": "#0"},
				"south": {"uv": [5, 4, 11, 8], "texture": "#0"},
				"west": {"uv": [0, 0, 4, 4], "texture": "#0"},
				"up": {"uv": [0, 8, 6, 12], "texture": "#0"},
				"down": {"uv": [0, 12, 6, 16], "texture": "#0"}
			}
		},
		{
			"from": [-7, 20, 7],
			"to": [-4, 22, 9],
			"faces": {
				"north": {"uv": [5, 0, 11, 4], "texture": "#0"},
				"east": {"uv": [0, 0, 4, 4], "texture": "#0"},
				"south": {"uv": [5, 4, 11, 8], "texture": "#0"},
				"west": {"uv": [0, 0, 4, 4], "texture": "#0"},
				"up": {"uv": [0, 8, 6, 12], "texture": "#0"},
				"down": {"uv": [0, 12, 6, 16], "texture": "#0"}
			}
		},
		{
			"from": [-4, 20, 7],
			"to": [-1, 22, 9],
			"faces": {
				"north": {"uv": [5, 4, 11, 8], "texture": "#0"},
				"east": {"uv": [0, 0, 4, 4], "texture": "#0"},
				"south": {"uv": [5, 0, 11, 4], "texture": "#0"},
				"west": {"uv": [0, 0, 4, 4], "texture": "#0"},
				"up": {"uv": [0, 8, 6, 12], "rotation": 180, "texture": "#0"},
				"down": {"uv": [0, 12, 6, 16], "rotation": 180, "texture": "#0"}
			}
		},
		{
			"from": [1, 20, 7],
			"to": [4, 22, 9],
			"faces": {
				"north": {"uv": [5, 0, 11, 4], "texture": "#0"},
				"east": {"uv": [0, 0, 4, 4], "texture": "#0"},
				"south": {"uv": [5, 4, 11, 8], "texture": "#0"},
				"west": {"uv": [0, 0, 4, 4], "texture": "#0"},
				"up": {"uv": [0, 8, 6, 12], "texture": "#0"},
				"down": {"uv": [0, 12, 6, 16], "texture": "#0"}
			}
		},
		{
			"from": [4, 20, 7],
			"to": [7, 22, 9],
			"faces": {
				"north": {"uv": [5, 4, 11, 8], "texture": "#0"},
				"east": {"uv": [0, 0, 4, 4], "texture": "#0"},
				"south": {"uv": [5, 0, 11, 4], "texture": "#0"},
				"west": {"uv": [0, 0, 4, 4], "texture": "#0"},
				"up": {"uv": [0, 8, 6, 12], "rotation": 180, "texture": "#0"},
				"down": {"uv": [0, 12, 6, 16], "rotation": 180, "texture": "#0"}
			}
		},
		{
			"from": [4, 27, 7],
			"to": [7, 29, 9],
			"faces": {
				"north": {"uv": [5, 4, 11, 8], "texture": "#0"},
				"east": {"uv": [0, 0, 4, 4], "texture": "#0"},
				"south": {"uv": [5, 0, 11, 4], "texture": "#0"},
				"west": {"uv": [0, 0, 4, 4], "texture": "#0"},
				"up": {"uv": [0, 8, 6, 12], "rotation": 180, "texture": "#0"},
				"down": {"uv": [0, 12, 6, 16], "rotation": 180, "texture": "#0"}
			}
		},
		{
			"from": [1, 27, 7],
			"to": [4, 29, 9],
			"faces": {
				"north": {"uv": [5, 0, 11, 4], "texture": "#0"},
				"east": {"uv": [0, 0, 4, 4], "texture": "#0"},
				"south": {"uv": [5, 4, 11, 8], "texture": "#0"},
				"west": {"uv": [0, 0, 4, 4], "texture": "#0"},
				"up": {"uv": [0, 8, 6, 12], "texture": "#0"},
				"down": {"uv": [0, 12, 6, 16], "texture": "#0"}
			}
		},
		{
			"from": [-4, 27, 7],
			"to": [-1, 29, 9],
			"faces": {
				"north": {"uv": [5, 4, 11, 8], "texture": "#0"},
				"east": {"uv": [0, 0, 4, 4], "texture": "#0"},
				"south": {"uv": [5, 0, 11, 4], "texture": "#0"},
				"west": {"uv": [0, 0, 4, 4], "texture": "#0"},
				"up": {"uv": [0, 8, 6, 12], "rotation": 180, "texture": "#0"},
				"down": {"uv": [0, 12, 6, 16], "rotation": 180, "texture": "#0"}
			}
		},
		{
			"from": [-7, 27, 7],
			"to": [-4, 29, 9],
			"faces": {
				"north": {"uv": [5, 0, 11, 4], "texture": "#0"},
				"east": {"uv": [0, 0, 4, 4], "texture": "#0"},
				"south": {"uv": [5, 4, 11, 8], "texture": "#0"},
				"west": {"uv": [0, 0, 4, 4], "texture": "#0"},
				"up": {"uv": [0, 8, 6, 12], "texture": "#0"},
				"down": {"uv": [0, 12, 6, 16], "texture": "#0"}
			}
		},
		{
			"from": [9, 20, 7],
			"to": [12, 22, 9],
			"faces": {
				"north": {"uv": [5, 0, 11, 4], "texture": "#0"},
				"east": {"uv": [0, 0, 4, 4], "texture": "#0"},
				"south": {"uv": [5, 4, 11, 8], "texture": "#0"},
				"west": {"uv": [0, 0, 4, 4], "texture": "#0"},
				"up": {"uv": [0, 8, 6, 12], "texture": "#0"},
				"down": {"uv": [0, 12, 6, 16], "texture": "#0"}
			}
		},
		{
			"from": [12, 20, 7],
			"to": [15, 22, 9],
			"faces": {
				"north": {"uv": [5, 4, 11, 8], "texture": "#0"},
				"east": {"uv": [0, 0, 4, 4], "texture": "#0"},
				"south": {"uv": [5, 0, 11, 4], "texture": "#0"},
				"west": {"uv": [0, 0, 4, 4], "texture": "#0"},
				"up": {"uv": [0, 8, 6, 12], "rotation": 180, "texture": "#0"},
				"down": {"uv": [0, 12, 6, 16], "rotation": 180, "texture": "#0"}
			}
		},
		{
			"from": [12, 27, 7],
			"to": [15, 29, 9],
			"faces": {
				"north": {"uv": [5, 4, 11, 8], "texture": "#0"},
				"east": {"uv": [0, 0, 4, 4], "texture": "#0"},
				"south": {"uv": [5, 0, 11, 4], "texture": "#0"},
				"west": {"uv": [0, 0, 4, 4], "texture": "#0"},
				"up": {"uv": [0, 8, 6, 12], "rotation": 180, "texture": "#0"},
				"down": {"uv": [0, 12, 6, 16], "rotation": 180, "texture": "#0"}
			}
		},
		{
			"from": [9, 12, 7],
			"to": [12, 14, 9],
			"faces": {
				"north": {"uv": [5, 0, 11, 4], "texture": "#0"},
				"east": {"uv": [0, 0, 4, 4], "texture": "#0"},
				"south": {"uv": [5, 4, 11, 8], "texture": "#0"},
				"west": {"uv": [0, 0, 4, 4], "texture": "#0"},
				"up": {"uv": [0, 8, 6, 12], "texture": "#0"},
				"down": {"uv": [0, 12, 6, 16], "texture": "#0"}
			}
		},
		{
			"from": [12, 12, 7],
			"to": [15, 14, 9],
			"faces": {
				"north": {"uv": [5, 4, 11, 8], "texture": "#0"},
				"east": {"uv": [0, 0, 4, 4], "texture": "#0"},
				"south": {"uv": [5, 0, 11, 4], "texture": "#0"},
				"west": {"uv": [0, 0, 4, 4], "texture": "#0"},
				"up": {"uv": [0, 8, 6, 12], "rotation": 180, "texture": "#0"},
				"down": {"uv": [0, 12, 6, 16], "rotation": 180, "texture": "#0"}
			}
		},
		{
			"from": [9, 4, 7],
			"to": [12, 6, 9],
			"faces": {
				"north": {"uv": [5, 0, 11, 4], "texture": "#0"},
				"east": {"uv": [0, 0, 4, 4], "texture": "#0"},
				"south": {"uv": [5, 4, 11, 8], "texture": "#0"},
				"west": {"uv": [0, 0, 4, 4], "texture": "#0"},
				"up": {"uv": [0, 8, 6, 12], "texture": "#0"},
				"down": {"uv": [0, 12, 6, 16], "texture": "#0"}
			}
		},
		{
			"from": [12, 4, 7],
			"to": [15, 6, 9],
			"faces": {
				"north": {"uv": [5, 4, 11, 8], "texture": "#0"},
				"east": {"uv": [0, 0, 4, 4], "texture": "#0"},
				"south": {"uv": [5, 0, 11, 4], "texture": "#0"},
				"west": {"uv": [0, 0, 4, 4], "texture": "#0"},
				"up": {"uv": [0, 8, 6, 12], "rotation": 180, "texture": "#0"},
				"down": {"uv": [0, 12, 6, 16], "rotation": 180, "texture": "#0"}
			}
		},
		{
			"from": [1, -4, 7],
			"to": [4, -2, 9],
			"faces": {
				"north": {"uv": [5, 0, 11, 4], "texture": "#0"},
				"east": {"uv": [0, 0, 4, 4], "texture": "#0"},
				"south": {"uv": [5, 4, 11, 8], "texture": "#0"},
				"west": {"uv": [0, 0, 4, 4], "texture": "#0"},
				"up": {"uv": [0, 8, 6, 12], "texture": "#0"},
				"down": {"uv": [0, 12, 6, 16], "texture": "#0"}
			}
		},
		{
			"from": [1, 12, 7],
			"to": [4, 14, 9],
			"faces": {
				"north": {"uv": [5, 0, 11, 4], "texture": "#0"},
				"east": {"uv": [0, 0, 4, 4], "texture": "#0"},
				"south": {"uv": [5, 4, 11, 8], "texture": "#0"},
				"west": {"uv": [0, 0, 4, 4], "texture": "#0"},
				"up": {"uv": [0, 8, 6, 12], "texture": "#0"},
				"down": {"uv": [0, 12, 6, 16], "texture": "#0"}
			}
		},
		{
			"from": [4, 4, 7],
			"to": [7, 6, 9],
			"faces": {
				"north": {"uv": [5, 4, 11, 8], "texture": "#0"},
				"east": {"uv": [0, 0, 4, 4], "texture": "#0"},
				"south": {"uv": [5, 0, 11, 4], "texture": "#0"},
				"west": {"uv": [0, 0, 4, 4], "texture": "#0"},
				"up": {"uv": [0, 8, 6, 12], "rotation": 180, "texture": "#0"},
				"down": {"uv": [0, 12, 6, 16], "rotation": 180, "texture": "#0"}
			}
		},
		{
			"from": [4, -4, 7],
			"to": [7, -2, 9],
			"faces": {
				"north": {"uv": [5, 4, 11, 8], "texture": "#0"},
				"east": {"uv": [0, 0, 4, 4], "texture": "#0"},
				"south": {"uv": [5, 0, 11, 4], "texture": "#0"},
				"west": {"uv": [0, 0, 4, 4], "texture": "#0"},
				"up": {"uv": [0, 8, 6, 12], "rotation": 180, "texture": "#0"},
				"down": {"uv": [0, 12, 6, 16], "rotation": 180, "texture": "#0"}
			}
		},
		{
			"from": [1, -12, 7],
			"to": [4, -10, 9],
			"faces": {
				"north": {"uv": [5, 0, 11, 4], "texture": "#0"},
				"east": {"uv": [0, 0, 4, 4], "texture": "#0"},
				"south": {"uv": [5, 4, 11, 8], "texture": "#0"},
				"west": {"uv": [0, 0, 4, 4], "texture": "#0"},
				"up": {"uv": [0, 8, 6, 12], "texture": "#0"},
				"down": {"uv": [0, 12, 6, 16], "texture": "#0"}
			}
		},
		{
			"from": [4, -12, 7],
			"to": [7, -10, 9],
			"faces": {
				"north": {"uv": [5, 4, 11, 8], "texture": "#0"},
				"east": {"uv": [0, 0, 4, 4], "texture": "#0"},
				"south": {"uv": [5, 0, 11, 4], "texture": "#0"},
				"west": {"uv": [0, 0, 4, 4], "texture": "#0"},
				"up": {"uv": [0, 8, 6, 12], "rotation": 180, "texture": "#0"},
				"down": {"uv": [0, 12, 6, 16], "rotation": 180, "texture": "#0"}
			}
		},
		{
			"from": [9, -12, 7],
			"to": [12, -10, 9],
			"faces": {
				"north": {"uv": [5, 0, 11, 4], "texture": "#0"},
				"east": {"uv": [0, 0, 4, 4], "texture": "#0"},
				"south": {"uv": [5, 4, 11, 8], "texture": "#0"},
				"west": {"uv": [0, 0, 4, 4], "texture": "#0"},
				"up": {"uv": [0, 8, 6, 12], "texture": "#0"},
				"down": {"uv": [0, 12, 6, 16], "texture": "#0"}
			}
		},
		{
			"from": [17, -4, 7],
			"to": [20, -2, 9],
			"faces": {
				"north": {"uv": [5, 0, 11, 4], "texture": "#0"},
				"east": {"uv": [0, 0, 4, 4], "texture": "#0"},
				"south": {"uv": [5, 4, 11, 8], "texture": "#0"},
				"west": {"uv": [0, 0, 4, 4], "texture": "#0"},
				"up": {"uv": [0, 8, 6, 12], "texture": "#0"},
				"down": {"uv": [0, 12, 6, 16], "texture": "#0"}
			}
		},
		{
			"from": [20, -4, 7],
			"to": [23, -2, 9],
			"faces": {
				"north": {"uv": [5, 4, 11, 8], "texture": "#0"},
				"east": {"uv": [0, 0, 4, 4], "texture": "#0"},
				"south": {"uv": [5, 0, 11, 4], "texture": "#0"},
				"west": {"uv": [0, 0, 4, 4], "texture": "#0"},
				"up": {"uv": [0, 8, 6, 12], "rotation": 180, "texture": "#0"},
				"down": {"uv": [0, 12, 6, 16], "rotation": 180, "texture": "#0"}
			}
		},
		{
			"from": [17, -12, 7],
			"to": [20, -10, 9],
			"faces": {
				"north": {"uv": [5, 0, 11, 4], "texture": "#0"},
				"east": {"uv": [0, 0, 4, 4], "texture": "#0"},
				"south": {"uv": [5, 4, 11, 8], "texture": "#0"},
				"west": {"uv": [0, 0, 4, 4], "texture": "#0"},
				"up": {"uv": [0, 8, 6, 12], "texture": "#0"},
				"down": {"uv": [0, 12, 6, 16], "texture": "#0"}
			}
		},
		{
			"from": [20, -12, 7],
			"to": [23, -10, 9],
			"faces": {
				"north": {"uv": [5, 4, 11, 8], "texture": "#0"},
				"east": {"uv": [0, 0, 4, 4], "texture": "#0"},
				"south": {"uv": [5, 0, 11, 4], "texture": "#0"},
				"west": {"uv": [0, 0, 4, 4], "texture": "#0"},
				"up": {"uv": [0, 8, 6, 12], "rotation": 180, "texture": "#0"},
				"down": {"uv": [0, 12, 6, 16], "rotation": 180, "texture": "#0"}
			}
		},
		{
			"from": [17, 4, 7],
			"to": [20, 6, 9],
			"faces": {
				"north": {"uv": [5, 0, 11, 4], "texture": "#0"},
				"east": {"uv": [0, 0, 4, 4], "texture": "#0"},
				"south": {"uv": [5, 4, 11, 8], "texture": "#0"},
				"west": {"uv": [0, 0, 4, 4], "texture": "#0"},
				"up": {"uv": [0, 8, 6, 12], "texture": "#0"},
				"down": {"uv": [0, 12, 6, 16], "texture": "#0"}
			}
		},
		{
			"from": [20, 4, 7],
			"to": [23, 6, 9],
			"faces": {
				"north": {"uv": [5, 4, 11, 8], "texture": "#0"},
				"east": {"uv": [0, 0, 4, 4], "texture": "#0"},
				"south": {"uv": [5, 0, 11, 4], "texture": "#0"},
				"west": {"uv": [0, 0, 4, 4], "texture": "#0"},
				"up": {"uv": [0, 8, 6, 12], "rotation": 180, "texture": "#0"},
				"down": {"uv": [0, 12, 6, 16], "rotation": 180, "texture": "#0"}
			}
		},
		{
			"from": [17, 12, 7],
			"to": [20, 14, 9],
			"faces": {
				"north": {"uv": [5, 0, 11, 4], "texture": "#0"},
				"east": {"uv": [0, 0, 4, 4], "texture": "#0"},
				"south": {"uv": [5, 4, 11, 8], "texture": "#0"},
				"west": {"uv": [0, 0, 4, 4], "texture": "#0"},
				"up": {"uv": [0, 8, 6, 12], "texture": "#0"},
				"down": {"uv": [0, 12, 6, 16], "texture": "#0"}
			}
		},
		{
			"from": [20, 12, 7],
			"to": [23, 14, 9],
			"faces": {
				"north": {"uv": [5, 4, 11, 8], "texture": "#0"},
				"east": {"uv": [0, 0, 4, 4], "texture": "#0"},
				"south": {"uv": [5, 0, 11, 4], "texture": "#0"},
				"west": {"uv": [0, 0, 4, 4], "texture": "#0"},
				"up": {"uv": [0, 8, 6, 12], "rotation": 180, "texture": "#0"},
				"down": {"uv": [0, 12, 6, 16], "rotation": 180, "texture": "#0"}
			}
		},
		{
			"from": [20, 27, 7],
			"to": [23, 29, 9],
			"faces": {
				"north": {"uv": [5, 4, 11, 8], "texture": "#0"},
				"east": {"uv": [0, 0, 4, 4], "texture": "#0"},
				"south": {"uv": [5, 0, 11, 4], "texture": "#0"},
				"west": {"uv": [0, 0, 4, 4], "texture": "#0"},
				"up": {"uv": [0, 8, 6, 12], "rotation": 180, "texture": "#0"},
				"down": {"uv": [0, 12, 6, 16], "rotation": 180, "texture": "#0"}
			}
		},
		{
			"from": [17, 27, 7],
			"to": [20, 29, 9],
			"faces": {
				"north": {"uv": [5, 0, 11, 4], "texture": "#0"},
				"east": {"uv": [0, 0, 4, 4], "texture": "#0"},
				"south": {"uv": [5, 4, 11, 8], "texture": "#0"},
				"west": {"uv": [0, 0, 4, 4], "texture": "#0"},
				"up": {"uv": [0, 8, 6, 12], "texture": "#0"},
				"down": {"uv": [0, 12, 6, 16], "texture": "#0"}
			}
		},
		{
			"from": [-4, 12, 7],
			"to": [-1, 14, 9],
			"faces": {
				"north": {"uv": [5, 4, 11, 8], "texture": "#0"},
				"east": {"uv": [0, 0, 4, 4], "texture": "#0"},
				"south": {"uv": [5, 0, 11, 4], "texture": "#0"},
				"west": {"uv": [0, 0, 4, 4], "texture": "#0"},
				"up": {"uv": [0, 8, 6, 12], "rotation": 180, "texture": "#0"},
				"down": {"uv": [0, 12, 6, 16], "rotation": 180, "texture": "#0"}
			}
		},
		{
			"from": [-4, 4, 7],
			"to": [-1, 6, 9],
			"faces": {
				"north": {"uv": [5, 4, 11, 8], "texture": "#0"},
				"east": {"uv": [0, 0, 4, 4], "texture": "#0"},
				"south": {"uv": [5, 0, 11, 4], "texture": "#0"},
				"west": {"uv": [0, 0, 4, 4], "texture": "#0"},
				"up": {"uv": [0, 8, 6, 12], "rotation": 180, "texture": "#0"},
				"down": {"uv": [0, 12, 6, 16], "rotation": 180, "texture": "#0"}
			}
		},
		{
			"from": [-4, -4, 7],
			"to": [-1, -2, 9],
			"faces": {
				"north": {"uv": [5, 4, 11, 8], "texture": "#0"},
				"east": {"uv": [0, 0, 4, 4], "texture": "#0"},
				"south": {"uv": [5, 0, 11, 4], "texture": "#0"},
				"west": {"uv": [0, 0, 4, 4], "texture": "#0"},
				"up": {"uv": [0, 8, 6, 12], "rotation": 180, "texture": "#0"},
				"down": {"uv": [0, 12, 6, 16], "rotation": 180, "texture": "#0"}
			}
		},
		{
			"from": [-4, -12, 7],
			"to": [-1, -10, 9],
			"faces": {
				"north": {"uv": [5, 4, 11, 8], "texture": "#0"},
				"east": {"uv": [0, 0, 4, 4], "texture": "#0"},
				"south": {"uv": [5, 0, 11, 4], "texture": "#0"},
				"west": {"uv": [0, 0, 4, 4], "texture": "#0"},
				"up": {"uv": [0, 8, 6, 12], "rotation": 180, "texture": "#0"},
				"down": {"uv": [0, 12, 6, 16], "rotation": 180, "texture": "#0"}
			}
		},
		{
			"from": [-7, 4, 7],
			"to": [-5, 6, 9],
			"faces": {
				"north": {"uv": [5, 0, 9, 4], "texture": "#0"},
				"east": {"uv": [0, 0, 4, 4], "texture": "#0"},
				"south": {"uv": [7, 4, 11, 8], "texture": "#0"},
				"west": {"uv": [0, 0, 4, 4], "texture": "#0"},
				"up": {"uv": [2, 8, 6, 12], "texture": "#0"},
				"down": {"uv": [2, 12, 6, 16], "texture": "#0"}
			}
		},
		{
			"from": [17, 20, 7],
			"to": [19, 22, 9],
			"faces": {
				"north": {"uv": [5, 0, 9, 4], "texture": "#0"},
				"east": {"uv": [0, 0, 4, 4], "texture": "#0"},
				"south": {"uv": [7, 4, 11, 8], "texture": "#0"},
				"west": {"uv": [0, 0, 4, 4], "texture": "#0"},
				"up": {"uv": [2, 8, 6, 12], "texture": "#0"},
				"down": {"uv": [2, 12, 6, 16], "texture": "#0"}
			}
		},
		{
			"from": [20, 20, 7],
			"to": [23, 22, 9],
			"faces": {
				"north": {"uv": [5, 4, 11, 8], "texture": "#0"},
				"east": {"uv": [0, 0, 4, 4], "texture": "#0"},
				"south": {"uv": [5, 0, 11, 4], "texture": "#0"},
				"west": {"uv": [0, 0, 4, 4], "texture": "#0"},
				"up": {"uv": [0, 8, 6, 12], "rotation": 180, "texture": "#0"},
				"down": {"uv": [0, 12, 6, 16], "rotation": 180, "texture": "#0"}
			}
		},
		{
			"from": [12, -12, 7],
			"to": [15, -10, 9],
			"faces": {
				"north": {"uv": [5, 4, 11, 8], "texture": "#0"},
				"east": {"uv": [0, 0, 4, 4], "texture": "#0"},
				"south": {"uv": [5, 0, 11, 4], "texture": "#0"},
				"west": {"uv": [0, 0, 4, 4], "texture": "#0"},
				"up": {"uv": [0, 8, 6, 12], "rotation": 180, "texture": "#0"},
				"down": {"uv": [0, 12, 6, 16], "rotation": 180, "texture": "#0"}
			}
		},
		{
			"from": [5, 12, 7],
			"to": [7, 14, 9],
			"faces": {
				"north": {"uv": [7, 4, 11, 8], "texture": "#0"},
				"east": {"uv": [0, 0, 4, 4], "texture": "#0"},
				"south": {"uv": [5, 0, 9, 4], "texture": "#0"},
				"west": {"uv": [0, 0, 4, 4], "texture": "#0"},
				"up": {"uv": [2, 8, 6, 12], "rotation": 180, "texture": "#0"},
				"down": {"uv": [2, 12, 6, 16], "rotation": 180, "texture": "#0"}
			}
		},
		{
			"from": [13, -4, 7],
			"to": [15, -2, 9],
			"faces": {
				"north": {"uv": [7, 4, 11, 8], "texture": "#0"},
				"east": {"uv": [0, 0, 4, 4], "texture": "#0"},
				"south": {"uv": [5, 0, 9, 4], "texture": "#0"},
				"west": {"uv": [0, 0, 4, 4], "texture": "#0"},
				"up": {"uv": [2, 8, 6, 12], "rotation": 180, "texture": "#0"},
				"down": {"uv": [2, 12, 6, 16], "rotation": 180, "texture": "#0"}
			}
		},
		{
			"from": [9, -4, 7],
			"to": [12, -2, 9],
			"faces": {
				"north": {"uv": [5, 0, 11, 4], "texture": "#0"},
				"east": {"uv": [0, 0, 4, 4], "texture": "#0"},
				"south": {"uv": [5, 4, 11, 8], "texture": "#0"},
				"west": {"uv": [0, 0, 4, 4], "texture": "#0"},
				"up": {"uv": [0, 8, 6, 12], "texture": "#0"},
				"down": {"uv": [0, 12, 6, 16], "texture": "#0"}
			}
		},
		{
			"from": [9, 27, 7],
			"to": [12, 29, 9],
			"faces": {
				"north": {"uv": [5, 0, 11, 4], "texture": "#0"},
				"east": {"uv": [0, 0, 4, 4], "texture": "#0"},
				"south": {"uv": [5, 4, 11, 8], "texture": "#0"},
				"west": {"uv": [0, 0, 4, 4], "texture": "#0"},
				"up": {"uv": [0, 8, 6, 12], "texture": "#0"},
				"down": {"uv": [0, 12, 6, 16], "texture": "#0"}
			}
		}
	],
	"display": {
		"head": {
			"translation": [0, 8, 0],
			"scale": [3.2, 3.2, 3.2]
		}
	},
	"groups": [
		{
			"name": "posts",
			"origin": [0, 0, 0],
			"color": 0,
			"children": [0, 1, 2, 3, 4, 5, 6, 7, 8, 9, 10, 11, 12, 13, 14, 15, 16, 17, 18, 19, 20, 21, 22, 23, 24, 25, 26, 27, 28, 29]
		},
		{
			"name": "connectors",
			"origin": [8, 8, 8],
			"color": 0,
			"children": [
				30,
				31,
				32,
				33,
				34,
				35,
				36,
				37,
				38,
				39,
				40,
				41,
				42,
				43,
				44,
				45,
				46,
				47,
				48,
				49,
				50,
				51,
				52,
				53,
				54,
				55,
				56,
				57,
				58,
				59,
				60,
				61,
				62,
				63,
				64,
				65,
				66,
				67,
				68,
				69,
				70,
				71,
				72,
				73,
				74,
				75,
				76
			]
		}
	]
}