{
	"credit": "Made with Blockbench",
	"texture_size": [64, 64],
	"textures": {
		"2": "custom_mobs/worm_tail",
		"particle": "custom_mobs/worm_tail"
	},
	"elements": [
		{
			"from": [3, 2.5, 0],
			"to": [13, 6.5, 10],
			"rotation": {"angle": 0, "axis": "y", "origin": [16, 0, 0]},
			"faces": {
				"north": {"uv": [8, 4, 5.5, 5], "texture": "#2"},
				"east": {"uv": [8, 3, 5.5, 4], "texture": "#2"},
				"south": {"uv": [8, 2, 5.5, 3], "texture": "#2"},
				"west": {"uv": [8, 5, 5.5, 6], "texture": "#2"},
				"up": {"uv": [2.5, 0, 0, 2.5], "texture": "#2"},
				"down": {"uv": [2.5, 5, 0, 2.5], "texture": "#2"}
			}
		},
		{
			"name": "glow",
			"from": [4, 6.5, 1],
			"to": [12, 6, 9],
			"rotation": {"angle": 0, "axis": "y", "origin": [16, 0, 0]},
			"faces": {
				"north": {"uv": [10, 5.5, 8, 5.75], "texture": "#2"},
				"east": {"uv": [10, 5.25, 8, 5.5], "texture": "#2"},
				"south": {"uv": [10, 5, 8, 5.25], "texture": "#2"},
				"west": {"uv": [10, 5.75, 8, 6], "texture": "#2"},
				"up": {"uv": [2, 5, 0, 7], "texture": "#2"}
			}
		},
		{
			"name": "glow",
			"from": [4, 3, 1],
			"to": [12, 2.5, 9],
			"rotation": {"angle": 0, "axis": "y", "origin": [16, 16, 0]},
			"faces": {
				"north": {"uv": [7, 8.75, 5, 9], "texture": "#2"},
				"east": {"uv": [5, 8.75, 3, 9], "texture": "#2"},
				"south": {"uv": [5, 8.5, 3, 8.75], "texture": "#2"},
				"west": {"uv": [9, 8.75, 7, 9], "texture": "#2"},
				"down": {"uv": [2, 5, 0, 7], "texture": "#2"}
			}
		},
		{
			"from": [5, 3, -7],
			"to": [11, 6, -1],
			"rotation": {"angle": 0, "axis": "y", "origin": [16, 0, 0]},
			"faces": {
				"north": {"uv": [9, 6.75, 7.5, 7.5], "texture": "#2"},
				"east": {"uv": [9, 6, 7.5, 6.75], "texture": "#2"},
				"south": {"uv": [7.5, 7.5, 6, 8.25], "texture": "#2"},
				"west": {"uv": [9, 7.5, 7.5, 8.25], "texture": "#2"},
				"up": {"uv": [7.5, 6, 6, 7.5], "texture": "#2"},
				"down": {"uv": [1.5, 8.5, 0, 7], "texture": "#2"}
			}
		},
		{
			"from": [12.52, 3.52, -4.98],
			"to": [16.48, 5.48, 4.98],
			"rotation": {"angle": -22.5, "axis": "y", "origin": [15, 5, -1]},
			"faces": {
				"north": {"uv": [8, 8.25, 7, 8.75], "texture": "#2"},
				"east": {"uv": [10, 0, 7.5, 0.5], "texture": "#2"},
				"south": {"uv": [7, 8.25, 6, 8.75], "texture": "#2"},
				"west": {"uv": [10, 0.5, 7.5, 1], "texture": "#2"},
				"up": {"uv": [3, 6, 2, 8.5], "texture": "#2"},
				"down": {"uv": [4, 8.5, 3, 6], "texture": "#2"}
			}
		},
		{
			"from": [9.1, 4, -15],
			"to": [15.1, 5, -3],
			"rotation": {"angle": 0, "axis": "y", "origin": [15, 4.5, 3]},
			"faces": {
				"north": {"uv": [3, 9, 1.5, 9.25], "texture": "#2"},
				"east": {"uv": [11, 2, 8, 2.25], "texture": "#2"},
				"south": {"uv": [1.5, 9, 0, 9.25], "texture": "#2"},
				"west": {"uv": [11, 2.25, 8, 2.5], "texture": "#2"},
				"up": {"uv": [4, 0, 2.5, 3], "texture": "#2"},
				"down": {"uv": [4, 3, 2.5, 0], "texture": "#2"}
			}
		},
		{
			"from": [-0.48, 3.52, -4.98],
			"to": [3.48, 5.48, 4.98],
			"rotation": {"angle": 22.5, "axis": "y", "origin": [1, 5, -1]},
			"faces": {
				"north": {"uv": [1, 8.5, 0, 9], "texture": "#2"},
				"east": {"uv": [10, 1, 7.5, 1.5], "texture": "#2"},
				"south": {"uv": [9, 8.25, 8, 8.75], "texture": "#2"},
				"west": {"uv": [10, 1.5, 7.5, 2], "texture": "#2"},
				"up": {"uv": [5, 6, 4, 8.5], "texture": "#2"},
				"down": {"uv": [6, 8.5, 5, 6], "texture": "#2"}
			}
		},
		{
			"from": [0.9, 4, -15],
			"to": [6.9, 5, -3],
			"rotation": {"angle": 0, "axis": "y", "origin": [1, 4.5, 3]},
			"faces": {
				"north": {"uv": [6, 9, 4.5, 9.25], "texture": "#2"},
				"east": {"uv": [11, 2.5, 8, 2.75], "texture": "#2"},
				"south": {"uv": [4.5, 9, 3, 9.25], "texture": "#2"},
				"west": {"uv": [11, 2.75, 8, 3], "texture": "#2"},
				"up": {"uv": [5.5, 0, 4, 3], "texture": "#2"},
				"down": {"uv": [5.5, 3, 4, 0], "texture": "#2"}
			}
		},
		{
			"from": [5, 3.5, 10],
			"to": [11, 5.5, 12],
			"rotation": {"angle": 0, "axis": "y", "origin": [16, 0, 0]},
			"faces": {
				"north": {"uv": [9.5, 3.5, 8, 4], "texture": "#2"},
				"east": {"uv": [2.5, 5, 2, 5.5], "texture": "#2"},
				"south": {"uv": [9.5, 3, 8, 3.5], "texture": "#2"},
				"west": {"uv": [2.5, 5.5, 2, 6], "texture": "#2"},
				"up": {"uv": [9.5, 4, 8, 4.5], "texture": "#2"},
				"down": {"uv": [9.5, 5, 8, 4.5], "texture": "#2"}
			}
		},
		{
			"from": [6, 3.5, -1],
			"to": [10, 5.5, 0],
			"rotation": {"angle": 0, "axis": "y", "origin": [16, 0, 0]},
			"faces": {
				"north": {"uv": [3, 8.5, 2, 9], "texture": "#2"},
				"east": {"uv": [1.75, 7, 1.5, 7.5], "texture": "#2"},
				"south": {"uv": [2, 8.5, 1, 9], "texture": "#2"},
				"west": {"uv": [2, 7, 1.75, 7.5], "texture": "#2"},
				"up": {"uv": [6, 8.5, 5, 8.75], "texture": "#2"},
				"down": {"uv": [7, 9.25, 6, 9], "texture": "#2"}
			}
		}
	],
	"display": {
		"head": {
			"translation": [0, 0.75, 0],
			"scale": [2.433125, 2.433125, 2.433125]
		}
	}
}