{
	"credit": "Made with Blockbench",
	"texture_size": [32, 32],
	"textures": {
		"0": "cnp:item/dlc/dlc0/16/1"
	},
	"elements": [
		{
			"from": [7.5, 7.5, -1.5],
			"to": [8.5, 8.5, 0.5],
			"rotation": {"angle": 0, "axis": "y", "origin": [8.5, 7.5, -0.5]},
			"faces": {
				"north": {"uv": [7, 8, 7.5, 8.5], "texture": "#0"},
				"east": {"uv": [4, 8, 5, 8.5], "texture": "#0"},
				"south": {"uv": [7.5, 8, 8, 8.5], "texture": "#0"},
				"west": {"uv": [5, 8, 6, 8.5], "texture": "#0"},
				"up": {"uv": [6.5, 9, 6, 8], "texture": "#0"},
				"down": {"uv": [7, 8, 6.5, 9], "texture": "#0"}
			}
		},
		{
			"from": [4, 7.75, 0],
			"to": [12, 8.25, 16],
			"rotation": {"angle": 0, "axis": "y", "origin": [5, 7.75, 1]},
			"faces": {
				"north": {"uv": [15, 15, 15, 15], "texture": "#0"},
				"east": {"uv": [15, 15, 15, 15], "texture": "#0"},
				"south": {"uv": [15, 15, 15, 15], "texture": "#0"},
				"west": {"uv": [15, 15, 15, 15], "texture": "#0"},
				"up": {"uv": [4, 8, 0, 0], "texture": "#0"},
				"down": {"uv": [4, 0, 0, 8], "texture": "#0"}
			}
		}
	],
	"display": {
		"head": {
			"rotation": [-90, -180, 0],
			"scale": [2.5, 2.5, 2.5]
		}
	},
	"groups": [
		{
			"name": "bone",
			"origin": [8, 0, 8],
			"color": 0,
			"nbt": "{}",
			"children": [
				{
					"name": "ll",
					"origin": [8, 0, 0],
					"color": 0,
					"nbt": "{}",
					"children": [0]
				},
				{
					"name": "bone2",
					"origin": [8, -0.25, 8],
					"color": 0,
					"nbt": "{}",
					"children": [
						{
							"name": "on",
							"origin": [8, -0.25, 0],
							"color": 0,
							"nbt": "{}",
							"children": [1]
						}
					]
				}
			]
		}
	]
}