{
	"credit": "Made with Blockbench",
	"ambientocclusion": false,
	"textures": {
		"0": "cnp:item/dlc/dlc0/26/gq",
		"particle": "cnp:item/dlc/dlc0/26/gq"
	},
	"elements": [
		{
			"from": [16, 7, 7],
			"to": [18, 9, 9],
			"rotation": {"angle": 0, "axis": "y", "origin": [7, 7, 7]},
			"faces": {
				"north": {"uv": [0, 0, 2, 2], "texture": "#0"},
				"east": {"uv": [0, 0, 2, 2], "texture": "#0"},
				"south": {"uv": [0, 0, 2, 2], "texture": "#0"},
				"west": {"uv": [0, 0, 2, 2], "texture": "#0"},
				"up": {"uv": [2, 2, 0, 0], "texture": "#0"},
				"down": {"uv": [2, 0, 0, 2], "texture": "#0"}
			}
		},
		{
			"from": [-2, 7, 7],
			"to": [0, 9, 9],
			"rotation": {"angle": 0, "axis": "y", "origin": [9, 7, 7]},
			"faces": {
				"north": {"uv": [2, 0, 0, 2], "texture": "#0"},
				"east": {"uv": [2, 0, 0, 2], "texture": "#0"},
				"south": {"uv": [2, 0, 0, 2], "texture": "#0"},
				"west": {"uv": [2, 0, 0, 2], "texture": "#0"},
				"up": {"uv": [0, 2, 2, 0], "texture": "#0"},
				"down": {"uv": [0, 0, 2, 2], "texture": "#0"}
			}
		},
		{
			"from": [0, 7.75, 8],
			"to": [16, 8.25, 8],
			"rotation": {"angle": 0, "axis": "y", "origin": [0, 7.75, 8]},
			"faces": {
				"north": {"uv": [2, 0, 3, 1], "texture": "#0"},
				"east": {"uv": [2, 0, 3, 1], "texture": "#0"},
				"south": {"uv": [2, 0, 3, 1], "texture": "#0"},
				"west": {"uv": [2, 0, 3, 1], "texture": "#0"},
				"up": {"uv": [2, 0, 3, 1], "texture": "#0"},
				"down": {"uv": [2, 0, 3, 1], "texture": "#0"}
			}
		},
		{
			"from": [0, 8, 7.75],
			"to": [16, 8, 8.25],
			"rotation": {"angle": 0, "axis": "x", "origin": [8, 8, 8]},
			"faces": {
				"north": {"uv": [2, 0, 3, 1], "rotation": 180, "texture": "#0"},
				"east": {"uv": [2, 0, 3, 1], "rotation": 270, "texture": "#0"},
				"south": {"uv": [2, 0, 3, 1], "texture": "#0"},
				"west": {"uv": [2, 0, 3, 1], "rotation": 90, "texture": "#0"},
				"up": {"uv": [2, 0, 3, 1], "rotation": 180, "texture": "#0"},
				"down": {"uv": [2, 0, 3, 1], "texture": "#0"}
			}
		},
		{
			"from": [16, 7, 7],
			"to": [18, 9, 9],
			"rotation": {"angle": 45, "axis": "y", "origin": [8, 8, 8]},
			"faces": {
				"north": {"uv": [3, 0, 5, 2], "texture": "#0"},
				"east": {"uv": [3, 0, 5, 2], "texture": "#0"},
				"south": {"uv": [3, 0, 5, 2], "texture": "#0"},
				"west": {"uv": [3, 0, 5, 2], "texture": "#0"},
				"up": {"uv": [5, 2, 3, 0], "texture": "#0"},
				"down": {"uv": [5, 0, 3, 2], "texture": "#0"}
			}
		},
		{
			"from": [-2, 7, 7],
			"to": [0, 9, 9],
			"rotation": {"angle": 45, "axis": "y", "origin": [8, 8, 8]},
			"faces": {
				"north": {"uv": [5, 0, 3, 2], "texture": "#0"},
				"east": {"uv": [5, 0, 3, 2], "texture": "#0"},
				"south": {"uv": [5, 0, 3, 2], "texture": "#0"},
				"west": {"uv": [5, 0, 3, 2], "texture": "#0"},
				"up": {"uv": [3, 2, 5, 0], "texture": "#0"},
				"down": {"uv": [3, 0, 5, 2], "texture": "#0"}
			}
		},
		{
			"from": [0, 7.75, 8],
			"to": [16, 8.25, 8],
			"rotation": {"angle": 45, "axis": "y", "origin": [8, 8, 8]},
			"faces": {
				"north": {"uv": [5, 0, 6, 1], "texture": "#0"},
				"east": {"uv": [5, 0, 6, 1], "texture": "#0"},
				"south": {"uv": [5, 0, 6, 1], "texture": "#0"},
				"west": {"uv": [5, 0, 6, 1], "texture": "#0"},
				"up": {"uv": [5, 0, 6, 1], "texture": "#0"},
				"down": {"uv": [5, 0, 6, 1], "texture": "#0"}
			}
		},
		{
			"from": [0, 8, 7.75],
			"to": [16, 8, 8.25],
			"rotation": {"angle": 45, "axis": "y", "origin": [8, 8, 8]},
			"faces": {
				"north": {"uv": [5, 0, 6, 1], "rotation": 180, "texture": "#0"},
				"east": {"uv": [5, 0, 6, 1], "rotation": 270, "texture": "#0"},
				"south": {"uv": [5, 0, 6, 1], "texture": "#0"},
				"west": {"uv": [5, 0, 6, 1], "rotation": 90, "texture": "#0"},
				"up": {"uv": [5, 0, 6, 1], "rotation": 180, "texture": "#0"},
				"down": {"uv": [5, 0, 6, 1], "texture": "#0"}
			}
		},
		{
			"from": [7, 7, -2],
			"to": [9, 9, 0],
			"rotation": {"angle": 0, "axis": "y", "origin": [8, 8, 8]},
			"faces": {
				"north": {"uv": [6, 0, 8, 2], "texture": "#0"},
				"east": {"uv": [6, 0, 8, 2], "texture": "#0"},
				"south": {"uv": [6, 0, 8, 2], "texture": "#0"},
				"west": {"uv": [6, 0, 8, 2], "texture": "#0"},
				"up": {"uv": [8, 2, 6, 0], "rotation": 270, "texture": "#0"},
				"down": {"uv": [8, 0, 6, 2], "rotation": 90, "texture": "#0"}
			}
		},
		{
			"from": [7, 7, 16],
			"to": [9, 9, 18],
			"rotation": {"angle": 0, "axis": "y", "origin": [8, 8, 8]},
			"faces": {
				"north": {"uv": [8, 0, 6, 2], "texture": "#0"},
				"east": {"uv": [8, 0, 6, 2], "texture": "#0"},
				"south": {"uv": [8, 0, 6, 2], "texture": "#0"},
				"west": {"uv": [8, 0, 6, 2], "texture": "#0"},
				"up": {"uv": [6, 2, 8, 0], "rotation": 270, "texture": "#0"},
				"down": {"uv": [6, 0, 8, 2], "rotation": 90, "texture": "#0"}
			}
		},
		{
			"from": [8, 7.75, 0],
			"to": [8, 8.25, 16],
			"rotation": {"angle": 0, "axis": "y", "origin": [8, 8, 8]},
			"faces": {
				"north": {"uv": [8, 0, 9, 1], "texture": "#0"},
				"east": {"uv": [8, 0, 9, 1], "texture": "#0"},
				"south": {"uv": [8, 0, 9, 1], "texture": "#0"},
				"west": {"uv": [8, 0, 9, 1], "texture": "#0"},
				"up": {"uv": [8, 0, 9, 1], "rotation": 270, "texture": "#0"},
				"down": {"uv": [8, 0, 9, 1], "rotation": 90, "texture": "#0"}
			}
		},
		{
			"from": [7.75, 8, 0],
			"to": [8.25, 8, 16],
			"rotation": {"angle": 0, "axis": "y", "origin": [8, 8, 8]},
			"faces": {
				"north": {"uv": [8, 0, 9, 1], "rotation": 270, "texture": "#0"},
				"east": {"uv": [8, 0, 9, 1], "texture": "#0"},
				"south": {"uv": [8, 0, 9, 1], "rotation": 90, "texture": "#0"},
				"west": {"uv": [8, 0, 9, 1], "rotation": 180, "texture": "#0"},
				"up": {"uv": [8, 0, 9, 1], "rotation": 90, "texture": "#0"},
				"down": {"uv": [8, 0, 9, 1], "rotation": 90, "texture": "#0"}
			}
		},
		{
			"from": [7, 7, -2],
			"to": [9, 9, 0],
			"rotation": {"angle": 45, "axis": "y", "origin": [8, 8, 8]},
			"faces": {
				"north": {"uv": [9, 0, 11, 2], "texture": "#0"},
				"east": {"uv": [9, 0, 11, 2], "texture": "#0"},
				"south": {"uv": [9, 0, 11, 2], "texture": "#0"},
				"west": {"uv": [9, 0, 11, 2], "texture": "#0"},
				"up": {"uv": [11, 2, 9, 0], "rotation": 270, "texture": "#0"},
				"down": {"uv": [11, 0, 9, 2], "rotation": 90, "texture": "#0"}
			}
		},
		{
			"from": [7, 7, 16],
			"to": [9, 9, 18],
			"rotation": {"angle": 45, "axis": "y", "origin": [8, 8, 8]},
			"faces": {
				"north": {"uv": [11, 0, 9, 2], "texture": "#0"},
				"east": {"uv": [11, 0, 9, 2], "texture": "#0"},
				"south": {"uv": [11, 0, 9, 2], "texture": "#0"},
				"west": {"uv": [11, 0, 9, 2], "texture": "#0"},
				"up": {"uv": [9, 2, 11, 0], "rotation": 270, "texture": "#0"},
				"down": {"uv": [9, 0, 11, 2], "rotation": 90, "texture": "#0"}
			}
		},
		{
			"from": [8, 7.75, 0],
			"to": [8, 8.25, 16],
			"rotation": {"angle": 45, "axis": "y", "origin": [8, 8, 8]},
			"faces": {
				"north": {"uv": [11, 0, 12, 1], "texture": "#0"},
				"east": {"uv": [11, 0, 12, 1], "texture": "#0"},
				"south": {"uv": [11, 0, 12, 1], "texture": "#0"},
				"west": {"uv": [11, 0, 12, 1], "texture": "#0"},
				"up": {"uv": [11, 0, 12, 1], "rotation": 270, "texture": "#0"},
				"down": {"uv": [11, 0, 12, 1], "rotation": 90, "texture": "#0"}
			}
		},
		{
			"from": [7.75, 8, 0],
			"to": [8.25, 8, 16],
			"rotation": {"angle": 45, "axis": "y", "origin": [8, 8, 8]},
			"faces": {
				"north": {"uv": [11, 0, 12, 1], "rotation": 270, "texture": "#0"},
				"east": {"uv": [11, 0, 12, 1], "texture": "#0"},
				"south": {"uv": [11, 0, 12, 1], "rotation": 90, "texture": "#0"},
				"west": {"uv": [11, 0, 12, 1], "rotation": 180, "texture": "#0"},
				"up": {"uv": [11, 0, 12, 1], "rotation": 90, "texture": "#0"},
				"down": {"uv": [11, 0, 12, 1], "rotation": 90, "texture": "#0"}
			}
		},
		{
			"from": [0, 10, 0],
			"to": [4, 10, 8],
			"rotation": {"angle": -22.5, "axis": "y", "origin": [2, 10, 4]},
			"faces": {
				"north": {"uv": [4, 2, 0, 2], "texture": "#0"},
				"east": {"uv": [4, 2, 0, 2], "texture": "#0"},
				"south": {"uv": [4, 2, 0, 2], "texture": "#0"},
				"west": {"uv": [4, 2, 0, 2], "texture": "#0"},
				"up": {"uv": [0, 8, 4, 2], "texture": "#0"},
				"down": {"uv": [0, 2, 4, 8], "texture": "#0"}
			}
		},
		{
			"from": [12, 10, 8],
			"to": [16, 10, 16],
			"rotation": {"angle": -22.5, "axis": "y", "origin": [14, 10, 12]},
			"faces": {
				"north": {"uv": [4, 2, 0, 2], "texture": "#0"},
				"east": {"uv": [4, 2, 0, 2], "texture": "#0"},
				"south": {"uv": [4, 2, 0, 2], "texture": "#0"},
				"west": {"uv": [4, 2, 0, 2], "texture": "#0"},
				"up": {"uv": [4, 2, 0, 8], "texture": "#0"},
				"down": {"uv": [4, 8, 0, 2], "texture": "#0"}
			}
		},
		{
			"from": [2.60058, 6, 13.07401],
			"to": [10.60058, 6, 17.07401],
			"rotation": {"angle": -22.5, "axis": "y", "origin": [8, 6, 8]},
			"faces": {
				"north": {"uv": [4, 2, 0, 2], "texture": "#0"},
				"east": {"uv": [4, 2, 0, 2], "texture": "#0"},
				"south": {"uv": [4, 2, 0, 2], "texture": "#0"},
				"west": {"uv": [4, 2, 0, 2], "texture": "#0"},
				"up": {"uv": [0, 8, 4, 2], "rotation": 270, "texture": "#0"},
				"down": {"uv": [0, 2, 4, 8], "rotation": 90, "texture": "#0"}
			}
		},
		{
			"from": [5.39942, 6, -1.07401],
			"to": [13.39942, 6, 2.92599],
			"rotation": {"angle": -22.5, "axis": "y", "origin": [8, 6, 8]},
			"faces": {
				"north": {"uv": [4, 2, 0, 2], "texture": "#0"},
				"east": {"uv": [4, 2, 0, 2], "texture": "#0"},
				"south": {"uv": [4, 2, 0, 2], "texture": "#0"},
				"west": {"uv": [4, 2, 0, 2], "texture": "#0"},
				"up": {"uv": [4, 2, 0, 8], "rotation": 270, "texture": "#0"},
				"down": {"uv": [4, 8, 0, 2], "rotation": 90, "texture": "#0"}
			}
		},
		{
			"from": [5.39942, 10, -1.07401],
			"to": [13.39942, 10, 2.92599],
			"rotation": {"angle": 22.5, "axis": "y", "origin": [8, 8, 8]},
			"faces": {
				"north": {"uv": [8, 2, 4, 2], "texture": "#0"},
				"east": {"uv": [8, 2, 4, 2], "texture": "#0"},
				"south": {"uv": [8, 2, 4, 2], "texture": "#0"},
				"west": {"uv": [8, 2, 4, 2], "texture": "#0"},
				"up": {"uv": [8, 2, 4, 8], "rotation": 270, "texture": "#0"},
				"down": {"uv": [8, 8, 4, 2], "rotation": 90, "texture": "#0"}
			}
		},
		{
			"from": [2.60058, 10, 13.07401],
			"to": [10.60058, 10, 17.07401],
			"rotation": {"angle": 22.5, "axis": "y", "origin": [8, 8, 8]},
			"faces": {
				"north": {"uv": [8, 2, 4, 2], "texture": "#0"},
				"east": {"uv": [8, 2, 4, 2], "texture": "#0"},
				"south": {"uv": [8, 2, 4, 2], "texture": "#0"},
				"west": {"uv": [8, 2, 4, 2], "texture": "#0"},
				"up": {"uv": [4, 8, 8, 2], "rotation": 270, "texture": "#0"},
				"down": {"uv": [4, 2, 8, 8], "rotation": 90, "texture": "#0"}
			}
		},
		{
			"from": [-1.07401, 6, 2.60058],
			"to": [2.92599, 6, 10.60058],
			"rotation": {"angle": 22.5, "axis": "y", "origin": [8, 8, 8]},
			"faces": {
				"north": {"uv": [8, 2, 4, 2], "texture": "#0"},
				"east": {"uv": [8, 2, 4, 2], "texture": "#0"},
				"south": {"uv": [8, 2, 4, 2], "texture": "#0"},
				"west": {"uv": [8, 2, 4, 2], "texture": "#0"},
				"up": {"uv": [8, 2, 4, 8], "rotation": 180, "texture": "#0"},
				"down": {"uv": [8, 8, 4, 2], "rotation": 180, "texture": "#0"}
			}
		},
		{
			"from": [13.07401, 6, 5.39942],
			"to": [17.07401, 6, 13.39942],
			"rotation": {"angle": 22.5, "axis": "y", "origin": [8, 8, 8]},
			"faces": {
				"north": {"uv": [8, 2, 4, 2], "texture": "#0"},
				"east": {"uv": [8, 2, 4, 2], "texture": "#0"},
				"south": {"uv": [8, 2, 4, 2], "texture": "#0"},
				"west": {"uv": [8, 2, 4, 2], "texture": "#0"},
				"up": {"uv": [4, 8, 8, 2], "rotation": 180, "texture": "#0"},
				"down": {"uv": [4, 2, 8, 8], "rotation": 180, "texture": "#0"}
			}
		},
		{
			"from": [5.39942, 10, -1.07401],
			"to": [13.39942, 10, 2.92599],
			"rotation": {"angle": -22.5, "axis": "y", "origin": [8, 8, 8]},
			"faces": {
				"north": {"uv": [12, 2, 8, 2], "texture": "#0"},
				"east": {"uv": [12, 2, 8, 2], "texture": "#0"},
				"south": {"uv": [12, 2, 8, 2], "texture": "#0"},
				"west": {"uv": [12, 2, 8, 2], "texture": "#0"},
				"up": {"uv": [12, 2, 8, 8], "rotation": 270, "texture": "#0"},
				"down": {"uv": [12, 8, 8, 2], "rotation": 90, "texture": "#0"}
			}
		},
		{
			"from": [2.60058, 10, 13.07401],
			"to": [10.60058, 10, 17.07401],
			"rotation": {"angle": -22.5, "axis": "y", "origin": [8, 8, 8]},
			"faces": {
				"north": {"uv": [12, 2, 8, 2], "texture": "#0"},
				"east": {"uv": [12, 2, 8, 2], "texture": "#0"},
				"south": {"uv": [12, 2, 8, 2], "texture": "#0"},
				"west": {"uv": [12, 2, 8, 2], "texture": "#0"},
				"up": {"uv": [8, 8, 12, 2], "rotation": 270, "texture": "#0"},
				"down": {"uv": [8, 2, 12, 8], "rotation": 90, "texture": "#0"}
			}
		},
		{
			"from": [-1.07401, 6, 2.60058],
			"to": [2.92599, 6, 10.60058],
			"rotation": {"angle": -22.5, "axis": "y", "origin": [8, 8, 8]},
			"faces": {
				"north": {"uv": [12, 2, 8, 2], "texture": "#0"},
				"east": {"uv": [12, 2, 8, 2], "texture": "#0"},
				"south": {"uv": [12, 2, 8, 2], "texture": "#0"},
				"west": {"uv": [12, 2, 8, 2], "texture": "#0"},
				"up": {"uv": [12, 2, 8, 8], "rotation": 180, "texture": "#0"},
				"down": {"uv": [12, 8, 8, 2], "rotation": 180, "texture": "#0"}
			}
		},
		{
			"from": [13.07401, 6, 5.39942],
			"to": [17.07401, 6, 13.39942],
			"rotation": {"angle": -22.5, "axis": "y", "origin": [8, 8, 8]},
			"faces": {
				"north": {"uv": [12, 2, 8, 2], "texture": "#0"},
				"east": {"uv": [12, 2, 8, 2], "texture": "#0"},
				"south": {"uv": [12, 2, 8, 2], "texture": "#0"},
				"west": {"uv": [12, 2, 8, 2], "texture": "#0"},
				"up": {"uv": [8, 8, 12, 2], "rotation": 180, "texture": "#0"},
				"down": {"uv": [8, 2, 12, 8], "rotation": 180, "texture": "#0"}
			}
		},
		{
			"from": [13.07401, 10, 5.39942],
			"to": [17.07401, 10, 13.39942],
			"rotation": {"angle": 22.5, "axis": "y", "origin": [8, 8, 8]},
			"faces": {
				"north": {"uv": [16, 2, 12, 2], "texture": "#0"},
				"east": {"uv": [16, 2, 12, 2], "texture": "#0"},
				"south": {"uv": [16, 2, 12, 2], "texture": "#0"},
				"west": {"uv": [16, 2, 12, 2], "texture": "#0"},
				"up": {"uv": [12, 8, 16, 2], "rotation": 180, "texture": "#0"},
				"down": {"uv": [12, 2, 16, 8], "rotation": 180, "texture": "#0"}
			}
		},
		{
			"from": [-1.07401, 10, 2.60058],
			"to": [2.92599, 10, 10.60058],
			"rotation": {"angle": 22.5, "axis": "y", "origin": [8, 8, 8]},
			"faces": {
				"north": {"uv": [16, 2, 12, 2], "texture": "#0"},
				"east": {"uv": [16, 2, 12, 2], "texture": "#0"},
				"south": {"uv": [16, 2, 12, 2], "texture": "#0"},
				"west": {"uv": [16, 2, 12, 2], "texture": "#0"},
				"up": {"uv": [16, 2, 12, 8], "rotation": 180, "texture": "#0"},
				"down": {"uv": [16, 8, 12, 2], "rotation": 180, "texture": "#0"}
			}
		},
		{
			"from": [5.39942, 6, -1.07401],
			"to": [13.39942, 6, 2.92599],
			"rotation": {"angle": 22.5, "axis": "y", "origin": [8, 8, 8]},
			"faces": {
				"north": {"uv": [16, 2, 12, 2], "texture": "#0"},
				"east": {"uv": [16, 2, 12, 2], "texture": "#0"},
				"south": {"uv": [16, 2, 12, 2], "texture": "#0"},
				"west": {"uv": [16, 2, 12, 2], "texture": "#0"},
				"up": {"uv": [12, 8, 16, 2], "rotation": 90, "texture": "#0"},
				"down": {"uv": [12, 2, 16, 8], "rotation": 270, "texture": "#0"}
			}
		},
		{
			"from": [2.60058, 6, 13.07401],
			"to": [10.60058, 6, 17.07401],
			"rotation": {"angle": 22.5, "axis": "y", "origin": [8, 8, 8]},
			"faces": {
				"north": {"uv": [16, 2, 12, 2], "texture": "#0"},
				"east": {"uv": [16, 2, 12, 2], "texture": "#0"},
				"south": {"uv": [16, 2, 12, 2], "texture": "#0"},
				"west": {"uv": [16, 2, 12, 2], "texture": "#0"},
				"up": {"uv": [16, 2, 12, 8], "rotation": 90, "texture": "#0"},
				"down": {"uv": [16, 8, 12, 2], "rotation": 270, "texture": "#0"}
			}
		}
	],
	"gui_light": "front",
	"display": {
		"thirdperson_righthand": {
			"scale": [0, 0, 0]
		},
		"thirdperson_lefthand": {
			"scale": [0, 0, 0]
		},
		"firstperson_righthand": {
			"scale": [0, 0, 0]
		},
		"firstperson_lefthand": {
			"scale": [0, 0, 0]
		},
		"gui": {
			"rotation": [0, 180, 0],
			"translation": [80, 0, 0],
			"scale": [4, 4, 1]
		},
		"head": {
			"translation": [0, -1, 0],
			"scale": [1.2, 1.2, 1.2]
		}
	},
	"groups": [
		{
			"name": "group",
			"origin": [8, 8, 8],
			"color": 0,
			"nbt": "{}",
			"children": [0, 1, 2, 3]
		},
		{
			"name": "group",
			"origin": [8, 8, 8],
			"color": 0,
			"nbt": "{}",
			"children": [4, 5, 6, 7]
		},
		{
			"name": "group",
			"origin": [8, 8, 8],
			"color": 0,
			"nbt": "{}",
			"children": [8, 9, 10, 11]
		},
		{
			"name": "group",
			"origin": [8, 8, 8],
			"color": 0,
			"nbt": "{}",
			"children": [12, 13, 14, 15]
		},
		{
			"name": "group",
			"origin": [8, 6, 8],
			"color": 0,
			"nbt": "{}",
			"children": [16, 17, 18, 19]
		},
		{
			"name": "group",
			"origin": [8, 6, 8],
			"color": 0,
			"nbt": "{}",
			"children": [20, 21, 22, 23]
		},
		{
			"name": "group",
			"origin": [8, 6, 8],
			"color": 0,
			"nbt": "{}",
			"children": [24, 25, 26, 27]
		},
		{
			"name": "group",
			"origin": [8, 6, 8],
			"color": 0,
			"nbt": "{}",
			"children": [28, 29, 30, 31]
		}
	]
}