{
	"credit": "Made with Blockbench",
	"texture_size": [64, 64],
	"textures": {
		"0": "cnp:item/dlc/dlc0/6/xj",
		"particle": "cnp:item/dlc/dlc0/6/xj"
	},
	"elements": [
		{
			"from": [-2, 8, -2],
			"to": [18, 8, 18],
			"rotation": {"angle": 0, "axis": "y", "origin": [-2, 8, -2]},
			"faces": {
				"north": {"uv": [0, 0, 16, 16], "texture": "#0"},
				"east": {"uv": [0, 0, 16, 16], "texture": "#0"},
				"south": {"uv": [0, 0, 16, 16], "texture": "#0"},
				"west": {"uv": [0, 0, 16, 16], "texture": "#0"},
				"up": {"uv": [0, 0, 16, 16], "texture": "#0"},
				"down": {"uv": [0, 0, 0.25, 0.25], "texture": "#0"}
			}
		}
	],
	"display": {
		"head": {
			"rotation": [-90, -180, 0],
			"translation": [0, -1, 1],
			"scale": [1.5, 1.5, 1.5]
		}
	}
}